ISO-10303-21;
HEADER;
/* Generated by software containing ST-Developer
 * from STEP Tools, Inc. (www.steptools.com) 
 */

FILE_DESCRIPTION(
/* description */ (''),
/* implementation_level */ '2;1');

FILE_NAME(
/* name */ 'Keyboard case.step',
/* time_stamp */ '2026-06-12T20:07:02Z',
/* author */ (''),
/* organization */ (''),
/* preprocessor_version */ 'ST-DEVELOPER v20.1',
/* originating_system */ 'Autodesk Translation Framework v15.8.0.0',
/* authorisation */ '');

FILE_SCHEMA (('AUTOMOTIVE_DESIGN { 1 0 10303 214 3 1 1 }'));
ENDSEC;

DATA;
#10=MECHANICAL_DESIGN_GEOMETRIC_PRESENTATION_REPRESENTATION('',(#13,#14,
#15,#16,#17),#8165);
#11=SHAPE_REPRESENTATION_RELATIONSHIP('SRR','None',#8172,#12);
#12=ADVANCED_BREP_SHAPE_REPRESENTATION('',(#18,#19,#20,#21,#22),#8164);
#13=STYLED_ITEM('',(#8181),#18);
#14=STYLED_ITEM('',(#8181),#19);
#15=STYLED_ITEM('',(#8181),#20);
#16=STYLED_ITEM('',(#8181),#21);
#17=STYLED_ITEM('',(#8181),#22);
#18=MANIFOLD_SOLID_BREP('Body1',#4893);
#19=MANIFOLD_SOLID_BREP('Body2',#4894);
#20=MANIFOLD_SOLID_BREP('Body3',#4895);
#21=MANIFOLD_SOLID_BREP('Body4',#4896);
#22=MANIFOLD_SOLID_BREP('Body5',#4897);
#23=FACE_BOUND('',#685,.T.);
#24=FACE_BOUND('',#686,.T.);
#25=FACE_BOUND('',#687,.T.);
#26=FACE_BOUND('',#688,.T.);
#27=FACE_BOUND('',#689,.T.);
#28=FACE_BOUND('',#690,.T.);
#29=FACE_BOUND('',#691,.T.);
#30=FACE_BOUND('',#692,.T.);
#31=FACE_BOUND('',#693,.T.);
#32=FACE_BOUND('',#694,.T.);
#33=FACE_BOUND('',#695,.T.);
#34=FACE_BOUND('',#696,.T.);
#35=FACE_BOUND('',#697,.T.);
#36=FACE_BOUND('',#698,.T.);
#37=FACE_BOUND('',#699,.T.);
#38=FACE_BOUND('',#700,.T.);
#39=FACE_BOUND('',#701,.T.);
#40=FACE_BOUND('',#702,.T.);
#41=FACE_BOUND('',#703,.T.);
#42=FACE_BOUND('',#704,.T.);
#43=FACE_BOUND('',#705,.T.);
#44=FACE_BOUND('',#706,.T.);
#45=FACE_BOUND('',#707,.T.);
#46=FACE_BOUND('',#708,.T.);
#47=FACE_BOUND('',#709,.T.);
#48=FACE_BOUND('',#710,.T.);
#49=FACE_BOUND('',#711,.T.);
#50=FACE_BOUND('',#712,.T.);
#51=FACE_BOUND('',#713,.T.);
#52=FACE_BOUND('',#730,.T.);
#53=FACE_BOUND('',#731,.T.);
#54=FACE_BOUND('',#732,.T.);
#55=FACE_BOUND('',#733,.T.);
#56=FACE_BOUND('',#734,.T.);
#57=FACE_BOUND('',#735,.T.);
#58=FACE_BOUND('',#736,.T.);
#59=FACE_BOUND('',#737,.T.);
#60=FACE_BOUND('',#738,.T.);
#61=FACE_BOUND('',#739,.T.);
#62=FACE_BOUND('',#740,.T.);
#63=FACE_BOUND('',#741,.T.);
#64=FACE_BOUND('',#742,.T.);
#65=FACE_BOUND('',#743,.T.);
#66=FACE_BOUND('',#744,.T.);
#67=FACE_BOUND('',#745,.T.);
#68=FACE_BOUND('',#746,.T.);
#69=FACE_BOUND('',#747,.T.);
#70=FACE_BOUND('',#748,.T.);
#71=FACE_BOUND('',#749,.T.);
#72=FACE_BOUND('',#750,.T.);
#73=FACE_BOUND('',#751,.T.);
#74=FACE_BOUND('',#752,.T.);
#75=FACE_BOUND('',#753,.T.);
#76=FACE_BOUND('',#754,.T.);
#77=FACE_BOUND('',#755,.T.);
#78=FACE_BOUND('',#756,.T.);
#79=FACE_BOUND('',#757,.T.);
#80=FACE_BOUND('',#758,.T.);
#81=PLANE('',#4914);
#82=PLANE('',#4915);
#83=PLANE('',#4916);
#84=PLANE('',#4917);
#85=PLANE('',#4921);
#86=PLANE('',#4925);
#87=PLANE('',#4929);
#88=PLANE('',#4933);
#89=PLANE('',#4934);
#90=PLANE('',#4938);
#91=PLANE('',#4942);
#92=PLANE('',#4946);
#93=PLANE('',#4950);
#94=PLANE('',#4954);
#95=PLANE('',#4958);
#96=PLANE('',#4962);
#97=PLANE('',#4963);
#98=PLANE('',#4967);
#99=PLANE('',#4968);
#100=PLANE('',#4972);
#101=PLANE('',#4976);
#102=PLANE('',#4980);
#103=PLANE('',#4981);
#104=PLANE('',#4985);
#105=PLANE('',#4992);
#106=PLANE('',#4996);
#107=PLANE('',#5000);
#108=PLANE('',#5004);
#109=PLANE('',#5008);
#110=PLANE('',#5012);
#111=PLANE('',#5016);
#112=PLANE('',#5020);
#113=PLANE('',#5021);
#114=PLANE('',#5022);
#115=PLANE('',#5026);
#116=PLANE('',#5030);
#117=PLANE('',#5031);
#118=PLANE('',#5032);
#119=PLANE('',#5036);
#120=PLANE('',#5040);
#121=PLANE('',#5041);
#122=PLANE('',#5045);
#123=PLANE('',#5046);
#124=PLANE('',#5047);
#125=PLANE('',#5051);
#126=PLANE('',#5055);
#127=PLANE('',#5059);
#128=PLANE('',#5063);
#129=PLANE('',#5064);
#130=PLANE('',#5068);
#131=PLANE('',#5072);
#132=PLANE('',#5076);
#133=PLANE('',#5080);
#134=PLANE('',#5084);
#135=PLANE('',#5085);
#136=PLANE('',#5086);
#137=PLANE('',#5087);
#138=PLANE('',#5091);
#139=PLANE('',#5095);
#140=PLANE('',#5102);
#141=PLANE('',#5103);
#142=PLANE('',#5104);
#143=PLANE('',#5108);
#144=PLANE('',#5112);
#145=PLANE('',#5116);
#146=PLANE('',#5117);
#147=PLANE('',#5118);
#148=PLANE('',#5119);
#149=PLANE('',#5123);
#150=PLANE('',#5127);
#151=PLANE('',#5131);
#152=PLANE('',#5132);
#153=PLANE('',#5136);
#154=PLANE('',#5137);
#155=PLANE('',#5138);
#156=PLANE('',#5142);
#157=PLANE('',#5143);
#158=PLANE('',#5147);
#159=PLANE('',#5151);
#160=PLANE('',#5155);
#161=PLANE('',#5159);
#162=PLANE('',#5163);
#163=PLANE('',#5167);
#164=PLANE('',#5168);
#165=PLANE('',#5172);
#166=PLANE('',#5176);
#167=PLANE('',#5180);
#168=PLANE('',#5184);
#169=PLANE('',#5185);
#170=PLANE('',#5189);
#171=PLANE('',#5196);
#172=PLANE('',#5197);
#173=PLANE('',#5201);
#174=PLANE('',#5202);
#175=PLANE('',#5203);
#176=PLANE('',#5207);
#177=PLANE('',#5211);
#178=PLANE('',#5215);
#179=PLANE('',#5216);
#180=PLANE('',#5217);
#181=PLANE('',#5218);
#182=PLANE('',#5219);
#183=PLANE('',#5223);
#184=PLANE('',#5230);
#185=PLANE('',#5234);
#186=PLANE('',#5238);
#187=PLANE('',#5242);
#188=PLANE('',#5246);
#189=PLANE('',#5250);
#190=PLANE('',#5251);
#191=PLANE('',#5255);
#192=PLANE('',#5256);
#193=PLANE('',#5257);
#194=PLANE('',#5261);
#195=PLANE('',#5265);
#196=PLANE('',#5269);
#197=PLANE('',#5273);
#198=PLANE('',#5277);
#199=PLANE('',#5281);
#200=PLANE('',#5285);
#201=PLANE('',#5289);
#202=PLANE('',#5293);
#203=PLANE('',#5297);
#204=PLANE('',#5298);
#205=PLANE('',#5299);
#206=PLANE('',#5300);
#207=PLANE('',#5309);
#208=PLANE('',#5310);
#209=PLANE('',#5316);
#210=PLANE('',#5318);
#211=PLANE('',#5319);
#212=PLANE('',#5321);
#213=PLANE('',#5323);
#214=PLANE('',#5326);
#215=PLANE('',#5329);
#216=PLANE('',#5334);
#217=PLANE('',#5338);
#218=PLANE('',#5339);
#219=PLANE('',#5343);
#220=PLANE('',#5344);
#221=PLANE('',#5348);
#222=PLANE('',#5349);
#223=PLANE('',#5353);
#224=PLANE('',#5354);
#225=FACE_OUTER_BOUND('',#469,.T.);
#226=FACE_OUTER_BOUND('',#470,.T.);
#227=FACE_OUTER_BOUND('',#471,.T.);
#228=FACE_OUTER_BOUND('',#472,.T.);
#229=FACE_OUTER_BOUND('',#473,.T.);
#230=FACE_OUTER_BOUND('',#474,.T.);
#231=FACE_OUTER_BOUND('',#475,.T.);
#232=FACE_OUTER_BOUND('',#476,.T.);
#233=FACE_OUTER_BOUND('',#477,.T.);
#234=FACE_OUTER_BOUND('',#478,.T.);
#235=FACE_OUTER_BOUND('',#479,.T.);
#236=FACE_OUTER_BOUND('',#480,.T.);
#237=FACE_OUTER_BOUND('',#481,.T.);
#238=FACE_OUTER_BOUND('',#482,.T.);
#239=FACE_OUTER_BOUND('',#483,.T.);
#240=FACE_OUTER_BOUND('',#484,.T.);
#241=FACE_OUTER_BOUND('',#485,.T.);
#242=FACE_OUTER_BOUND('',#486,.T.);
#243=FACE_OUTER_BOUND('',#487,.T.);
#244=FACE_OUTER_BOUND('',#488,.T.);
#245=FACE_OUTER_BOUND('',#489,.T.);
#246=FACE_OUTER_BOUND('',#490,.T.);
#247=FACE_OUTER_BOUND('',#491,.T.);
#248=FACE_OUTER_BOUND('',#492,.T.);
#249=FACE_OUTER_BOUND('',#493,.T.);
#250=FACE_OUTER_BOUND('',#494,.T.);
#251=FACE_OUTER_BOUND('',#495,.T.);
#252=FACE_OUTER_BOUND('',#496,.T.);
#253=FACE_OUTER_BOUND('',#497,.T.);
#254=FACE_OUTER_BOUND('',#498,.T.);
#255=FACE_OUTER_BOUND('',#499,.T.);
#256=FACE_OUTER_BOUND('',#500,.T.);
#257=FACE_OUTER_BOUND('',#501,.T.);
#258=FACE_OUTER_BOUND('',#502,.T.);
#259=FACE_OUTER_BOUND('',#503,.T.);
#260=FACE_OUTER_BOUND('',#504,.T.);
#261=FACE_OUTER_BOUND('',#505,.T.);
#262=FACE_OUTER_BOUND('',#506,.T.);
#263=FACE_OUTER_BOUND('',#507,.T.);
#264=FACE_OUTER_BOUND('',#508,.T.);
#265=FACE_OUTER_BOUND('',#509,.T.);
#266=FACE_OUTER_BOUND('',#510,.T.);
#267=FACE_OUTER_BOUND('',#511,.T.);
#268=FACE_OUTER_BOUND('',#512,.T.);
#269=FACE_OUTER_BOUND('',#513,.T.);
#270=FACE_OUTER_BOUND('',#514,.T.);
#271=FACE_OUTER_BOUND('',#515,.T.);
#272=FACE_OUTER_BOUND('',#516,.T.);
#273=FACE_OUTER_BOUND('',#517,.T.);
#274=FACE_OUTER_BOUND('',#518,.T.);
#275=FACE_OUTER_BOUND('',#519,.T.);
#276=FACE_OUTER_BOUND('',#520,.T.);
#277=FACE_OUTER_BOUND('',#521,.T.);
#278=FACE_OUTER_BOUND('',#522,.T.);
#279=FACE_OUTER_BOUND('',#523,.T.);
#280=FACE_OUTER_BOUND('',#524,.T.);
#281=FACE_OUTER_BOUND('',#525,.T.);
#282=FACE_OUTER_BOUND('',#526,.T.);
#283=FACE_OUTER_BOUND('',#527,.T.);
#284=FACE_OUTER_BOUND('',#528,.T.);
#285=FACE_OUTER_BOUND('',#529,.T.);
#286=FACE_OUTER_BOUND('',#530,.T.);
#287=FACE_OUTER_BOUND('',#531,.T.);
#288=FACE_OUTER_BOUND('',#532,.T.);
#289=FACE_OUTER_BOUND('',#533,.T.);
#290=FACE_OUTER_BOUND('',#534,.T.);
#291=FACE_OUTER_BOUND('',#535,.T.);
#292=FACE_OUTER_BOUND('',#536,.T.);
#293=FACE_OUTER_BOUND('',#537,.T.);
#294=FACE_OUTER_BOUND('',#538,.T.);
#295=FACE_OUTER_BOUND('',#539,.T.);
#296=FACE_OUTER_BOUND('',#540,.T.);
#297=FACE_OUTER_BOUND('',#541,.T.);
#298=FACE_OUTER_BOUND('',#542,.T.);
#299=FACE_OUTER_BOUND('',#543,.T.);
#300=FACE_OUTER_BOUND('',#544,.T.);
#301=FACE_OUTER_BOUND('',#545,.T.);
#302=FACE_OUTER_BOUND('',#546,.T.);
#303=FACE_OUTER_BOUND('',#547,.T.);
#304=FACE_OUTER_BOUND('',#548,.T.);
#305=FACE_OUTER_BOUND('',#549,.T.);
#306=FACE_OUTER_BOUND('',#550,.T.);
#307=FACE_OUTER_BOUND('',#551,.T.);
#308=FACE_OUTER_BOUND('',#552,.T.);
#309=FACE_OUTER_BOUND('',#553,.T.);
#310=FACE_OUTER_BOUND('',#554,.T.);
#311=FACE_OUTER_BOUND('',#555,.T.);
#312=FACE_OUTER_BOUND('',#556,.T.);
#313=FACE_OUTER_BOUND('',#557,.T.);
#314=FACE_OUTER_BOUND('',#558,.T.);
#315=FACE_OUTER_BOUND('',#559,.T.);
#316=FACE_OUTER_BOUND('',#560,.T.);
#317=FACE_OUTER_BOUND('',#561,.T.);
#318=FACE_OUTER_BOUND('',#562,.T.);
#319=FACE_OUTER_BOUND('',#563,.T.);
#320=FACE_OUTER_BOUND('',#564,.T.);
#321=FACE_OUTER_BOUND('',#565,.T.);
#322=FACE_OUTER_BOUND('',#566,.T.);
#323=FACE_OUTER_BOUND('',#567,.T.);
#324=FACE_OUTER_BOUND('',#568,.T.);
#325=FACE_OUTER_BOUND('',#569,.T.);
#326=FACE_OUTER_BOUND('',#570,.T.);
#327=FACE_OUTER_BOUND('',#571,.T.);
#328=FACE_OUTER_BOUND('',#572,.T.);
#329=FACE_OUTER_BOUND('',#573,.T.);
#330=FACE_OUTER_BOUND('',#574,.T.);
#331=FACE_OUTER_BOUND('',#575,.T.);
#332=FACE_OUTER_BOUND('',#576,.T.);
#333=FACE_OUTER_BOUND('',#577,.T.);
#334=FACE_OUTER_BOUND('',#578,.T.);
#335=FACE_OUTER_BOUND('',#579,.T.);
#336=FACE_OUTER_BOUND('',#580,.T.);
#337=FACE_OUTER_BOUND('',#581,.T.);
#338=FACE_OUTER_BOUND('',#582,.T.);
#339=FACE_OUTER_BOUND('',#583,.T.);
#340=FACE_OUTER_BOUND('',#584,.T.);
#341=FACE_OUTER_BOUND('',#585,.T.);
#342=FACE_OUTER_BOUND('',#586,.T.);
#343=FACE_OUTER_BOUND('',#587,.T.);
#344=FACE_OUTER_BOUND('',#588,.T.);
#345=FACE_OUTER_BOUND('',#589,.T.);
#346=FACE_OUTER_BOUND('',#590,.T.);
#347=FACE_OUTER_BOUND('',#591,.T.);
#348=FACE_OUTER_BOUND('',#592,.T.);
#349=FACE_OUTER_BOUND('',#593,.T.);
#350=FACE_OUTER_BOUND('',#594,.T.);
#351=FACE_OUTER_BOUND('',#595,.T.);
#352=FACE_OUTER_BOUND('',#596,.T.);
#353=FACE_OUTER_BOUND('',#597,.T.);
#354=FACE_OUTER_BOUND('',#598,.T.);
#355=FACE_OUTER_BOUND('',#599,.T.);
#356=FACE_OUTER_BOUND('',#600,.T.);
#357=FACE_OUTER_BOUND('',#601,.T.);
#358=FACE_OUTER_BOUND('',#602,.T.);
#359=FACE_OUTER_BOUND('',#603,.T.);
#360=FACE_OUTER_BOUND('',#604,.T.);
#361=FACE_OUTER_BOUND('',#605,.T.);
#362=FACE_OUTER_BOUND('',#606,.T.);
#363=FACE_OUTER_BOUND('',#607,.T.);
#364=FACE_OUTER_BOUND('',#608,.T.);
#365=FACE_OUTER_BOUND('',#609,.T.);
#366=FACE_OUTER_BOUND('',#610,.T.);
#367=FACE_OUTER_BOUND('',#611,.T.);
#368=FACE_OUTER_BOUND('',#612,.T.);
#369=FACE_OUTER_BOUND('',#613,.T.);
#370=FACE_OUTER_BOUND('',#614,.T.);
#371=FACE_OUTER_BOUND('',#615,.T.);
#372=FACE_OUTER_BOUND('',#616,.T.);
#373=FACE_OUTER_BOUND('',#617,.T.);
#374=FACE_OUTER_BOUND('',#618,.T.);
#375=FACE_OUTER_BOUND('',#619,.T.);
#376=FACE_OUTER_BOUND('',#620,.T.);
#377=FACE_OUTER_BOUND('',#621,.T.);
#378=FACE_OUTER_BOUND('',#622,.T.);
#379=FACE_OUTER_BOUND('',#623,.T.);
#380=FACE_OUTER_BOUND('',#624,.T.);
#381=FACE_OUTER_BOUND('',#625,.T.);
#382=FACE_OUTER_BOUND('',#626,.T.);
#383=FACE_OUTER_BOUND('',#627,.T.);
#384=FACE_OUTER_BOUND('',#628,.T.);
#385=FACE_OUTER_BOUND('',#629,.T.);
#386=FACE_OUTER_BOUND('',#630,.T.);
#387=FACE_OUTER_BOUND('',#631,.T.);
#388=FACE_OUTER_BOUND('',#632,.T.);
#389=FACE_OUTER_BOUND('',#633,.T.);
#390=FACE_OUTER_BOUND('',#634,.T.);
#391=FACE_OUTER_BOUND('',#635,.T.);
#392=FACE_OUTER_BOUND('',#636,.T.);
#393=FACE_OUTER_BOUND('',#637,.T.);
#394=FACE_OUTER_BOUND('',#638,.T.);
#395=FACE_OUTER_BOUND('',#639,.T.);
#396=FACE_OUTER_BOUND('',#640,.T.);
#397=FACE_OUTER_BOUND('',#641,.T.);
#398=FACE_OUTER_BOUND('',#642,.T.);
#399=FACE_OUTER_BOUND('',#643,.T.);
#400=FACE_OUTER_BOUND('',#644,.T.);
#401=FACE_OUTER_BOUND('',#645,.T.);
#402=FACE_OUTER_BOUND('',#646,.T.);
#403=FACE_OUTER_BOUND('',#647,.T.);
#404=FACE_OUTER_BOUND('',#648,.T.);
#405=FACE_OUTER_BOUND('',#649,.T.);
#406=FACE_OUTER_BOUND('',#650,.T.);
#407=FACE_OUTER_BOUND('',#651,.T.);
#408=FACE_OUTER_BOUND('',#652,.T.);
#409=FACE_OUTER_BOUND('',#653,.T.);
#410=FACE_OUTER_BOUND('',#654,.T.);
#411=FACE_OUTER_BOUND('',#655,.T.);
#412=FACE_OUTER_BOUND('',#656,.T.);
#413=FACE_OUTER_BOUND('',#657,.T.);
#414=FACE_OUTER_BOUND('',#658,.T.);
#415=FACE_OUTER_BOUND('',#659,.T.);
#416=FACE_OUTER_BOUND('',#660,.T.);
#417=FACE_OUTER_BOUND('',#661,.T.);
#418=FACE_OUTER_BOUND('',#662,.T.);
#419=FACE_OUTER_BOUND('',#663,.T.);
#420=FACE_OUTER_BOUND('',#664,.T.);
#421=FACE_OUTER_BOUND('',#665,.T.);
#422=FACE_OUTER_BOUND('',#666,.T.);
#423=FACE_OUTER_BOUND('',#667,.T.);
#424=FACE_OUTER_BOUND('',#668,.T.);
#425=FACE_OUTER_BOUND('',#669,.T.);
#426=FACE_OUTER_BOUND('',#670,.T.);
#427=FACE_OUTER_BOUND('',#671,.T.);
#428=FACE_OUTER_BOUND('',#672,.T.);
#429=FACE_OUTER_BOUND('',#673,.T.);
#430=FACE_OUTER_BOUND('',#674,.T.);
#431=FACE_OUTER_BOUND('',#675,.T.);
#432=FACE_OUTER_BOUND('',#676,.T.);
#433=FACE_OUTER_BOUND('',#677,.T.);
#434=FACE_OUTER_BOUND('',#678,.T.);
#435=FACE_OUTER_BOUND('',#679,.T.);
#436=FACE_OUTER_BOUND('',#680,.T.);
#437=FACE_OUTER_BOUND('',#681,.T.);
#438=FACE_OUTER_BOUND('',#682,.T.);
#439=FACE_OUTER_BOUND('',#683,.T.);
#440=FACE_OUTER_BOUND('',#684,.T.);
#441=FACE_OUTER_BOUND('',#714,.T.);
#442=FACE_OUTER_BOUND('',#715,.T.);
#443=FACE_OUTER_BOUND('',#716,.T.);
#444=FACE_OUTER_BOUND('',#717,.T.);
#445=FACE_OUTER_BOUND('',#718,.T.);
#446=FACE_OUTER_BOUND('',#719,.T.);
#447=FACE_OUTER_BOUND('',#720,.T.);
#448=FACE_OUTER_BOUND('',#721,.T.);
#449=FACE_OUTER_BOUND('',#722,.T.);
#450=FACE_OUTER_BOUND('',#723,.T.);
#451=FACE_OUTER_BOUND('',#724,.T.);
#452=FACE_OUTER_BOUND('',#725,.T.);
#453=FACE_OUTER_BOUND('',#726,.T.);
#454=FACE_OUTER_BOUND('',#727,.T.);
#455=FACE_OUTER_BOUND('',#728,.T.);
#456=FACE_OUTER_BOUND('',#729,.T.);
#457=FACE_OUTER_BOUND('',#759,.T.);
#458=FACE_OUTER_BOUND('',#760,.T.);
#459=FACE_OUTER_BOUND('',#761,.T.);
#460=FACE_OUTER_BOUND('',#762,.T.);
#461=FACE_OUTER_BOUND('',#763,.T.);
#462=FACE_OUTER_BOUND('',#764,.T.);
#463=FACE_OUTER_BOUND('',#765,.T.);
#464=FACE_OUTER_BOUND('',#766,.T.);
#465=FACE_OUTER_BOUND('',#767,.T.);
#466=FACE_OUTER_BOUND('',#768,.T.);
#467=FACE_OUTER_BOUND('',#769,.T.);
#468=FACE_OUTER_BOUND('',#770,.T.);
#469=EDGE_LOOP('',(#3145,#3146,#3147,#3148));
#470=EDGE_LOOP('',(#3149,#3150,#3151,#3152));
#471=EDGE_LOOP('',(#3153,#3154,#3155,#3156));
#472=EDGE_LOOP('',(#3157,#3158,#3159,#3160));
#473=EDGE_LOOP('',(#3161,#3162,#3163,#3164));
#474=EDGE_LOOP('',(#3165,#3166,#3167,#3168));
#475=EDGE_LOOP('',(#3169,#3170,#3171,#3172));
#476=EDGE_LOOP('',(#3173,#3174,#3175,#3176));
#477=EDGE_LOOP('',(#3177,#3178,#3179,#3180));
#478=EDGE_LOOP('',(#3181,#3182,#3183,#3184));
#479=EDGE_LOOP('',(#3185,#3186,#3187,#3188));
#480=EDGE_LOOP('',(#3189,#3190,#3191,#3192));
#481=EDGE_LOOP('',(#3193,#3194,#3195,#3196));
#482=EDGE_LOOP('',(#3197,#3198,#3199,#3200));
#483=EDGE_LOOP('',(#3201,#3202,#3203,#3204));
#484=EDGE_LOOP('',(#3205,#3206,#3207,#3208));
#485=EDGE_LOOP('',(#3209,#3210,#3211,#3212));
#486=EDGE_LOOP('',(#3213,#3214,#3215,#3216));
#487=EDGE_LOOP('',(#3217,#3218,#3219,#3220));
#488=EDGE_LOOP('',(#3221,#3222,#3223,#3224));
#489=EDGE_LOOP('',(#3225,#3226,#3227,#3228));
#490=EDGE_LOOP('',(#3229,#3230,#3231,#3232));
#491=EDGE_LOOP('',(#3233,#3234,#3235,#3236));
#492=EDGE_LOOP('',(#3237,#3238,#3239,#3240));
#493=EDGE_LOOP('',(#3241,#3242,#3243,#3244));
#494=EDGE_LOOP('',(#3245,#3246,#3247,#3248));
#495=EDGE_LOOP('',(#3249,#3250,#3251,#3252));
#496=EDGE_LOOP('',(#3253,#3254,#3255,#3256));
#497=EDGE_LOOP('',(#3257,#3258,#3259,#3260));
#498=EDGE_LOOP('',(#3261,#3262,#3263,#3264));
#499=EDGE_LOOP('',(#3265,#3266,#3267,#3268));
#500=EDGE_LOOP('',(#3269,#3270,#3271,#3272));
#501=EDGE_LOOP('',(#3273,#3274,#3275,#3276));
#502=EDGE_LOOP('',(#3277,#3278,#3279,#3280));
#503=EDGE_LOOP('',(#3281,#3282,#3283,#3284));
#504=EDGE_LOOP('',(#3285,#3286,#3287,#3288));
#505=EDGE_LOOP('',(#3289,#3290,#3291,#3292));
#506=EDGE_LOOP('',(#3293,#3294,#3295,#3296));
#507=EDGE_LOOP('',(#3297,#3298,#3299,#3300));
#508=EDGE_LOOP('',(#3301,#3302,#3303,#3304));
#509=EDGE_LOOP('',(#3305,#3306,#3307,#3308));
#510=EDGE_LOOP('',(#3309,#3310,#3311,#3312));
#511=EDGE_LOOP('',(#3313,#3314,#3315,#3316));
#512=EDGE_LOOP('',(#3317,#3318,#3319,#3320));
#513=EDGE_LOOP('',(#3321,#3322,#3323,#3324));
#514=EDGE_LOOP('',(#3325,#3326,#3327,#3328));
#515=EDGE_LOOP('',(#3329,#3330,#3331,#3332));
#516=EDGE_LOOP('',(#3333,#3334,#3335,#3336));
#517=EDGE_LOOP('',(#3337,#3338,#3339,#3340));
#518=EDGE_LOOP('',(#3341,#3342,#3343,#3344));
#519=EDGE_LOOP('',(#3345,#3346,#3347,#3348));
#520=EDGE_LOOP('',(#3349,#3350,#3351,#3352));
#521=EDGE_LOOP('',(#3353,#3354,#3355,#3356));
#522=EDGE_LOOP('',(#3357,#3358,#3359,#3360));
#523=EDGE_LOOP('',(#3361,#3362,#3363,#3364));
#524=EDGE_LOOP('',(#3365,#3366,#3367,#3368));
#525=EDGE_LOOP('',(#3369,#3370,#3371,#3372));
#526=EDGE_LOOP('',(#3373,#3374,#3375,#3376));
#527=EDGE_LOOP('',(#3377,#3378,#3379,#3380));
#528=EDGE_LOOP('',(#3381,#3382,#3383,#3384));
#529=EDGE_LOOP('',(#3385,#3386,#3387,#3388));
#530=EDGE_LOOP('',(#3389,#3390,#3391,#3392));
#531=EDGE_LOOP('',(#3393,#3394,#3395,#3396));
#532=EDGE_LOOP('',(#3397,#3398,#3399,#3400));
#533=EDGE_LOOP('',(#3401,#3402,#3403,#3404));
#534=EDGE_LOOP('',(#3405,#3406,#3407,#3408));
#535=EDGE_LOOP('',(#3409,#3410,#3411,#3412));
#536=EDGE_LOOP('',(#3413,#3414,#3415,#3416));
#537=EDGE_LOOP('',(#3417,#3418,#3419,#3420));
#538=EDGE_LOOP('',(#3421,#3422,#3423,#3424));
#539=EDGE_LOOP('',(#3425,#3426,#3427,#3428));
#540=EDGE_LOOP('',(#3429,#3430,#3431,#3432));
#541=EDGE_LOOP('',(#3433,#3434,#3435,#3436));
#542=EDGE_LOOP('',(#3437,#3438,#3439,#3440));
#543=EDGE_LOOP('',(#3441,#3442,#3443,#3444));
#544=EDGE_LOOP('',(#3445,#3446,#3447,#3448));
#545=EDGE_LOOP('',(#3449,#3450,#3451,#3452));
#546=EDGE_LOOP('',(#3453,#3454,#3455,#3456));
#547=EDGE_LOOP('',(#3457,#3458,#3459,#3460));
#548=EDGE_LOOP('',(#3461,#3462,#3463,#3464));
#549=EDGE_LOOP('',(#3465,#3466,#3467,#3468));
#550=EDGE_LOOP('',(#3469,#3470,#3471,#3472));
#551=EDGE_LOOP('',(#3473,#3474,#3475,#3476));
#552=EDGE_LOOP('',(#3477,#3478,#3479,#3480));
#553=EDGE_LOOP('',(#3481,#3482,#3483,#3484));
#554=EDGE_LOOP('',(#3485,#3486,#3487,#3488));
#555=EDGE_LOOP('',(#3489,#3490,#3491,#3492));
#556=EDGE_LOOP('',(#3493,#3494,#3495,#3496));
#557=EDGE_LOOP('',(#3497,#3498,#3499,#3500));
#558=EDGE_LOOP('',(#3501,#3502,#3503,#3504));
#559=EDGE_LOOP('',(#3505,#3506,#3507,#3508));
#560=EDGE_LOOP('',(#3509,#3510,#3511,#3512));
#561=EDGE_LOOP('',(#3513,#3514,#3515,#3516));
#562=EDGE_LOOP('',(#3517,#3518,#3519,#3520));
#563=EDGE_LOOP('',(#3521,#3522,#3523,#3524));
#564=EDGE_LOOP('',(#3525,#3526,#3527,#3528));
#565=EDGE_LOOP('',(#3529,#3530,#3531,#3532));
#566=EDGE_LOOP('',(#3533,#3534,#3535,#3536));
#567=EDGE_LOOP('',(#3537,#3538,#3539,#3540));
#568=EDGE_LOOP('',(#3541,#3542,#3543,#3544));
#569=EDGE_LOOP('',(#3545,#3546,#3547,#3548));
#570=EDGE_LOOP('',(#3549,#3550,#3551,#3552));
#571=EDGE_LOOP('',(#3553,#3554,#3555,#3556));
#572=EDGE_LOOP('',(#3557,#3558,#3559,#3560));
#573=EDGE_LOOP('',(#3561,#3562,#3563,#3564));
#574=EDGE_LOOP('',(#3565,#3566,#3567,#3568));
#575=EDGE_LOOP('',(#3569,#3570,#3571,#3572));
#576=EDGE_LOOP('',(#3573,#3574,#3575,#3576));
#577=EDGE_LOOP('',(#3577,#3578,#3579,#3580));
#578=EDGE_LOOP('',(#3581,#3582,#3583,#3584));
#579=EDGE_LOOP('',(#3585,#3586,#3587,#3588));
#580=EDGE_LOOP('',(#3589,#3590,#3591,#3592));
#581=EDGE_LOOP('',(#3593,#3594,#3595,#3596));
#582=EDGE_LOOP('',(#3597,#3598,#3599,#3600));
#583=EDGE_LOOP('',(#3601,#3602,#3603,#3604));
#584=EDGE_LOOP('',(#3605,#3606,#3607,#3608));
#585=EDGE_LOOP('',(#3609,#3610,#3611,#3612));
#586=EDGE_LOOP('',(#3613,#3614,#3615,#3616));
#587=EDGE_LOOP('',(#3617,#3618,#3619,#3620));
#588=EDGE_LOOP('',(#3621,#3622,#3623,#3624));
#589=EDGE_LOOP('',(#3625,#3626,#3627,#3628));
#590=EDGE_LOOP('',(#3629,#3630,#3631,#3632));
#591=EDGE_LOOP('',(#3633,#3634,#3635,#3636));
#592=EDGE_LOOP('',(#3637,#3638,#3639,#3640));
#593=EDGE_LOOP('',(#3641,#3642,#3643,#3644));
#594=EDGE_LOOP('',(#3645,#3646,#3647,#3648));
#595=EDGE_LOOP('',(#3649,#3650,#3651,#3652));
#596=EDGE_LOOP('',(#3653,#3654,#3655,#3656));
#597=EDGE_LOOP('',(#3657,#3658,#3659,#3660));
#598=EDGE_LOOP('',(#3661,#3662,#3663,#3664));
#599=EDGE_LOOP('',(#3665,#3666,#3667,#3668));
#600=EDGE_LOOP('',(#3669,#3670,#3671,#3672));
#601=EDGE_LOOP('',(#3673,#3674,#3675,#3676));
#602=EDGE_LOOP('',(#3677,#3678,#3679,#3680));
#603=EDGE_LOOP('',(#3681,#3682,#3683,#3684));
#604=EDGE_LOOP('',(#3685,#3686,#3687,#3688));
#605=EDGE_LOOP('',(#3689,#3690,#3691,#3692));
#606=EDGE_LOOP('',(#3693,#3694,#3695,#3696));
#607=EDGE_LOOP('',(#3697,#3698,#3699,#3700));
#608=EDGE_LOOP('',(#3701,#3702,#3703,#3704));
#609=EDGE_LOOP('',(#3705,#3706,#3707,#3708));
#610=EDGE_LOOP('',(#3709,#3710,#3711,#3712));
#611=EDGE_LOOP('',(#3713,#3714,#3715,#3716));
#612=EDGE_LOOP('',(#3717,#3718,#3719,#3720));
#613=EDGE_LOOP('',(#3721,#3722,#3723,#3724));
#614=EDGE_LOOP('',(#3725,#3726,#3727,#3728));
#615=EDGE_LOOP('',(#3729,#3730,#3731,#3732));
#616=EDGE_LOOP('',(#3733,#3734,#3735,#3736));
#617=EDGE_LOOP('',(#3737,#3738,#3739,#3740));
#618=EDGE_LOOP('',(#3741,#3742,#3743,#3744));
#619=EDGE_LOOP('',(#3745,#3746,#3747,#3748));
#620=EDGE_LOOP('',(#3749,#3750,#3751,#3752));
#621=EDGE_LOOP('',(#3753,#3754,#3755,#3756));
#622=EDGE_LOOP('',(#3757,#3758,#3759,#3760));
#623=EDGE_LOOP('',(#3761,#3762,#3763,#3764));
#624=EDGE_LOOP('',(#3765,#3766,#3767,#3768));
#625=EDGE_LOOP('',(#3769,#3770,#3771,#3772));
#626=EDGE_LOOP('',(#3773,#3774,#3775,#3776));
#627=EDGE_LOOP('',(#3777,#3778,#3779,#3780));
#628=EDGE_LOOP('',(#3781,#3782,#3783,#3784));
#629=EDGE_LOOP('',(#3785,#3786,#3787,#3788));
#630=EDGE_LOOP('',(#3789,#3790,#3791,#3792));
#631=EDGE_LOOP('',(#3793,#3794,#3795,#3796));
#632=EDGE_LOOP('',(#3797,#3798,#3799,#3800));
#633=EDGE_LOOP('',(#3801,#3802,#3803,#3804));
#634=EDGE_LOOP('',(#3805,#3806,#3807,#3808));
#635=EDGE_LOOP('',(#3809,#3810,#3811,#3812));
#636=EDGE_LOOP('',(#3813,#3814,#3815,#3816));
#637=EDGE_LOOP('',(#3817,#3818,#3819,#3820));
#638=EDGE_LOOP('',(#3821,#3822,#3823,#3824));
#639=EDGE_LOOP('',(#3825,#3826,#3827,#3828));
#640=EDGE_LOOP('',(#3829,#3830,#3831,#3832));
#641=EDGE_LOOP('',(#3833,#3834,#3835,#3836));
#642=EDGE_LOOP('',(#3837,#3838,#3839,#3840));
#643=EDGE_LOOP('',(#3841,#3842,#3843,#3844));
#644=EDGE_LOOP('',(#3845,#3846,#3847,#3848));
#645=EDGE_LOOP('',(#3849,#3850,#3851,#3852));
#646=EDGE_LOOP('',(#3853,#3854,#3855,#3856));
#647=EDGE_LOOP('',(#3857,#3858,#3859,#3860));
#648=EDGE_LOOP('',(#3861,#3862,#3863,#3864));
#649=EDGE_LOOP('',(#3865,#3866,#3867,#3868));
#650=EDGE_LOOP('',(#3869,#3870,#3871,#3872));
#651=EDGE_LOOP('',(#3873,#3874,#3875,#3876));
#652=EDGE_LOOP('',(#3877,#3878,#3879,#3880));
#653=EDGE_LOOP('',(#3881,#3882,#3883,#3884));
#654=EDGE_LOOP('',(#3885,#3886,#3887,#3888));
#655=EDGE_LOOP('',(#3889,#3890,#3891,#3892));
#656=EDGE_LOOP('',(#3893,#3894,#3895,#3896));
#657=EDGE_LOOP('',(#3897,#3898,#3899,#3900));
#658=EDGE_LOOP('',(#3901,#3902,#3903,#3904));
#659=EDGE_LOOP('',(#3905,#3906,#3907,#3908));
#660=EDGE_LOOP('',(#3909,#3910,#3911,#3912));
#661=EDGE_LOOP('',(#3913,#3914,#3915,#3916));
#662=EDGE_LOOP('',(#3917,#3918,#3919,#3920));
#663=EDGE_LOOP('',(#3921,#3922,#3923,#3924));
#664=EDGE_LOOP('',(#3925,#3926,#3927,#3928));
#665=EDGE_LOOP('',(#3929,#3930,#3931,#3932));
#666=EDGE_LOOP('',(#3933,#3934,#3935,#3936));
#667=EDGE_LOOP('',(#3937,#3938,#3939,#3940));
#668=EDGE_LOOP('',(#3941,#3942,#3943,#3944));
#669=EDGE_LOOP('',(#3945,#3946,#3947,#3948));
#670=EDGE_LOOP('',(#3949,#3950,#3951,#3952));
#671=EDGE_LOOP('',(#3953,#3954,#3955,#3956));
#672=EDGE_LOOP('',(#3957,#3958,#3959,#3960));
#673=EDGE_LOOP('',(#3961,#3962,#3963,#3964));
#674=EDGE_LOOP('',(#3965,#3966,#3967,#3968));
#675=EDGE_LOOP('',(#3969,#3970,#3971,#3972));
#676=EDGE_LOOP('',(#3973,#3974,#3975,#3976));
#677=EDGE_LOOP('',(#3977,#3978,#3979,#3980));
#678=EDGE_LOOP('',(#3981,#3982,#3983,#3984));
#679=EDGE_LOOP('',(#3985,#3986,#3987,#3988));
#680=EDGE_LOOP('',(#3989,#3990,#3991,#3992));
#681=EDGE_LOOP('',(#3993,#3994,#3995,#3996));
#682=EDGE_LOOP('',(#3997,#3998,#3999,#4000,#4001,#4002,#4003,#4004,#4005,
#4006,#4007,#4008,#4009,#4010,#4011,#4012,#4013,#4014,#4015,#4016));
#683=EDGE_LOOP('',(#4017,#4018,#4019,#4020,#4021,#4022,#4023,#4024));
#684=EDGE_LOOP('',(#4025,#4026,#4027,#4028,#4029,#4030,#4031,#4032));
#685=EDGE_LOOP('',(#4033,#4034,#4035,#4036,#4037,#4038,#4039,#4040,#4041,
#4042));
#686=EDGE_LOOP('',(#4043,#4044,#4045,#4046,#4047,#4048,#4049,#4050,#4051,
#4052));
#687=EDGE_LOOP('',(#4053,#4054,#4055,#4056,#4057,#4058));
#688=EDGE_LOOP('',(#4059,#4060,#4061,#4062,#4063,#4064,#4065,#4066,#4067,
#4068));
#689=EDGE_LOOP('',(#4069,#4070,#4071,#4072,#4073,#4074));
#690=EDGE_LOOP('',(#4075,#4076,#4077,#4078,#4079,#4080,#4081,#4082));
#691=EDGE_LOOP('',(#4083,#4084,#4085,#4086,#4087,#4088));
#692=EDGE_LOOP('',(#4089,#4090,#4091,#4092,#4093));
#693=EDGE_LOOP('',(#4094,#4095,#4096,#4097,#4098,#4099,#4100,#4101));
#694=EDGE_LOOP('',(#4102,#4103,#4104,#4105,#4106,#4107,#4108,#4109,#4110,
#4111));
#695=EDGE_LOOP('',(#4112,#4113,#4114,#4115,#4116,#4117,#4118));
#696=EDGE_LOOP('',(#4119,#4120,#4121,#4122));
#697=EDGE_LOOP('',(#4123,#4124,#4125,#4126,#4127,#4128,#4129,#4130));
#698=EDGE_LOOP('',(#4131,#4132,#4133,#4134,#4135,#4136));
#699=EDGE_LOOP('',(#4137,#4138,#4139,#4140));
#700=EDGE_LOOP('',(#4141,#4142,#4143,#4144,#4145,#4146,#4147,#4148));
#701=EDGE_LOOP('',(#4149,#4150,#4151,#4152,#4153));
#702=EDGE_LOOP('',(#4154,#4155,#4156,#4157,#4158,#4159));
#703=EDGE_LOOP('',(#4160,#4161,#4162,#4163,#4164,#4165));
#704=EDGE_LOOP('',(#4166,#4167,#4168,#4169,#4170,#4171,#4172));
#705=EDGE_LOOP('',(#4173,#4174,#4175,#4176,#4177,#4178,#4179,#4180));
#706=EDGE_LOOP('',(#4181,#4182,#4183,#4184));
#707=EDGE_LOOP('',(#4185,#4186,#4187,#4188,#4189,#4190,#4191,#4192,#4193,
#4194));
#708=EDGE_LOOP('',(#4195,#4196,#4197,#4198,#4199,#4200));
#709=EDGE_LOOP('',(#4201,#4202,#4203,#4204,#4205,#4206,#4207,#4208,#4209,
#4210,#4211,#4212,#4213,#4214));
#710=EDGE_LOOP('',(#4215,#4216,#4217,#4218,#4219,#4220,#4221,#4222,#4223,
#4224));
#711=EDGE_LOOP('',(#4225,#4226,#4227,#4228,#4229,#4230));
#712=EDGE_LOOP('',(#4231,#4232,#4233,#4234,#4235,#4236,#4237,#4238));
#713=EDGE_LOOP('',(#4239,#4240,#4241,#4242));
#714=EDGE_LOOP('',(#4243,#4244,#4245,#4246));
#715=EDGE_LOOP('',(#4247,#4248,#4249,#4250));
#716=EDGE_LOOP('',(#4251,#4252,#4253,#4254));
#717=EDGE_LOOP('',(#4255,#4256,#4257,#4258));
#718=EDGE_LOOP('',(#4259,#4260,#4261,#4262,#4263,#4264,#4265,#4266));
#719=EDGE_LOOP('',(#4267,#4268,#4269,#4270));
#720=EDGE_LOOP('',(#4271,#4272,#4273,#4274));
#721=EDGE_LOOP('',(#4275,#4276,#4277,#4278));
#722=EDGE_LOOP('',(#4279,#4280,#4281,#4282));
#723=EDGE_LOOP('',(#4283,#4284,#4285,#4286));
#724=EDGE_LOOP('',(#4287,#4288,#4289,#4290));
#725=EDGE_LOOP('',(#4291,#4292,#4293,#4294));
#726=EDGE_LOOP('',(#4295,#4296,#4297,#4298));
#727=EDGE_LOOP('',(#4299,#4300,#4301,#4302));
#728=EDGE_LOOP('',(#4303,#4304,#4305,#4306));
#729=EDGE_LOOP('',(#4307,#4308,#4309,#4310,#4311,#4312,#4313,#4314));
#730=EDGE_LOOP('',(#4315,#4316,#4317,#4318,#4319,#4320,#4321,#4322,#4323,
#4324));
#731=EDGE_LOOP('',(#4325,#4326,#4327,#4328,#4329,#4330,#4331,#4332,#4333,
#4334));
#732=EDGE_LOOP('',(#4335,#4336,#4337,#4338,#4339,#4340));
#733=EDGE_LOOP('',(#4341,#4342,#4343,#4344,#4345,#4346,#4347,#4348,#4349,
#4350));
#734=EDGE_LOOP('',(#4351,#4352,#4353,#4354,#4355,#4356));
#735=EDGE_LOOP('',(#4357,#4358,#4359,#4360,#4361,#4362,#4363,#4364));
#736=EDGE_LOOP('',(#4365,#4366,#4367,#4368,#4369,#4370));
#737=EDGE_LOOP('',(#4371,#4372,#4373,#4374,#4375));
#738=EDGE_LOOP('',(#4376,#4377,#4378,#4379,#4380,#4381,#4382,#4383));
#739=EDGE_LOOP('',(#4384,#4385,#4386,#4387,#4388,#4389,#4390,#4391,#4392,
#4393));
#740=EDGE_LOOP('',(#4394,#4395,#4396,#4397,#4398,#4399,#4400));
#741=EDGE_LOOP('',(#4401,#4402,#4403,#4404));
#742=EDGE_LOOP('',(#4405,#4406,#4407,#4408,#4409,#4410,#4411,#4412));
#743=EDGE_LOOP('',(#4413,#4414,#4415,#4416,#4417,#4418));
#744=EDGE_LOOP('',(#4419,#4420,#4421,#4422));
#745=EDGE_LOOP('',(#4423,#4424,#4425,#4426,#4427,#4428,#4429,#4430));
#746=EDGE_LOOP('',(#4431,#4432,#4433,#4434,#4435));
#747=EDGE_LOOP('',(#4436,#4437,#4438,#4439,#4440,#4441));
#748=EDGE_LOOP('',(#4442,#4443,#4444,#4445,#4446,#4447));
#749=EDGE_LOOP('',(#4448,#4449,#4450,#4451,#4452,#4453,#4454));
#750=EDGE_LOOP('',(#4455,#4456,#4457,#4458,#4459,#4460,#4461,#4462));
#751=EDGE_LOOP('',(#4463,#4464,#4465,#4466));
#752=EDGE_LOOP('',(#4467,#4468,#4469,#4470,#4471,#4472,#4473,#4474,#4475,
#4476));
#753=EDGE_LOOP('',(#4477,#4478,#4479,#4480,#4481,#4482));
#754=EDGE_LOOP('',(#4483,#4484,#4485,#4486,#4487,#4488,#4489,#4490,#4491,
#4492,#4493,#4494,#4495,#4496));
#755=EDGE_LOOP('',(#4497,#4498,#4499,#4500,#4501,#4502,#4503,#4504,#4505,
#4506));
#756=EDGE_LOOP('',(#4507,#4508,#4509,#4510,#4511,#4512));
#757=EDGE_LOOP('',(#4513,#4514,#4515,#4516,#4517,#4518,#4519,#4520));
#758=EDGE_LOOP('',(#4521,#4522,#4523,#4524));
#759=EDGE_LOOP('',(#4525,#4526,#4527,#4528));
#760=EDGE_LOOP('',(#4529));
#761=EDGE_LOOP('',(#4530));
#762=EDGE_LOOP('',(#4531,#4532,#4533,#4534));
#763=EDGE_LOOP('',(#4535));
#764=EDGE_LOOP('',(#4536));
#765=EDGE_LOOP('',(#4537,#4538,#4539,#4540));
#766=EDGE_LOOP('',(#4541));
#767=EDGE_LOOP('',(#4542));
#768=EDGE_LOOP('',(#4543,#4544,#4545,#4546));
#769=EDGE_LOOP('',(#4547));
#770=EDGE_LOOP('',(#4548));
#771=LINE('',#6753,#1273);
#772=LINE('',#6756,#1274);
#773=LINE('',#6759,#1275);
#774=LINE('',#6761,#1276);
#775=LINE('',#6762,#1277);
#776=LINE('',#6765,#1278);
#777=LINE('',#6767,#1279);
#778=LINE('',#6768,#1280);
#779=LINE('',#6770,#1281);
#780=LINE('',#6771,#1282);
#781=LINE('',#6775,#1283);
#782=LINE('',#6777,#1284);
#783=LINE('',#6779,#1285);
#784=LINE('',#6780,#1286);
#785=LINE('',#6786,#1287);
#786=LINE('',#6789,#1288);
#787=LINE('',#6791,#1289);
#788=LINE('',#6792,#1290);
#789=LINE('',#6798,#1291);
#790=LINE('',#6801,#1292);
#791=LINE('',#6803,#1293);
#792=LINE('',#6804,#1294);
#793=LINE('',#6810,#1295);
#794=LINE('',#6813,#1296);
#795=LINE('',#6815,#1297);
#796=LINE('',#6816,#1298);
#797=LINE('',#6823,#1299);
#798=LINE('',#6825,#1300);
#799=LINE('',#6827,#1301);
#800=LINE('',#6828,#1302);
#801=LINE('',#6831,#1303);
#802=LINE('',#6833,#1304);
#803=LINE('',#6834,#1305);
#804=LINE('',#6840,#1306);
#805=LINE('',#6843,#1307);
#806=LINE('',#6845,#1308);
#807=LINE('',#6846,#1309);
#808=LINE('',#6852,#1310);
#809=LINE('',#6854,#1311);
#810=LINE('',#6855,#1312);
#811=LINE('',#6861,#1313);
#812=LINE('',#6864,#1314);
#813=LINE('',#6867,#1315);
#814=LINE('',#6869,#1316);
#815=LINE('',#6870,#1317);
#816=LINE('',#6876,#1318);
#817=LINE('',#6879,#1319);
#818=LINE('',#6881,#1320);
#819=LINE('',#6882,#1321);
#820=LINE('',#6888,#1322);
#821=LINE('',#6891,#1323);
#822=LINE('',#6893,#1324);
#823=LINE('',#6894,#1325);
#824=LINE('',#6900,#1326);
#825=LINE('',#6903,#1327);
#826=LINE('',#6905,#1328);
#827=LINE('',#6906,#1329);
#828=LINE('',#6912,#1330);
#829=LINE('',#6914,#1331);
#830=LINE('',#6915,#1332);
#831=LINE('',#6919,#1333);
#832=LINE('',#6921,#1334);
#833=LINE('',#6923,#1335);
#834=LINE('',#6924,#1336);
#835=LINE('',#6930,#1337);
#836=LINE('',#6933,#1338);
#837=LINE('',#6935,#1339);
#838=LINE('',#6936,#1340);
#839=LINE('',#6939,#1341);
#840=LINE('',#6941,#1342);
#841=LINE('',#6942,#1343);
#842=LINE('',#6948,#1344);
#843=LINE('',#6951,#1345);
#844=LINE('',#6953,#1346);
#845=LINE('',#6954,#1347);
#846=LINE('',#6960,#1348);
#847=LINE('',#6963,#1349);
#848=LINE('',#6965,#1350);
#849=LINE('',#6966,#1351);
#850=LINE('',#6972,#1352);
#851=LINE('',#6975,#1353);
#852=LINE('',#6977,#1354);
#853=LINE('',#6978,#1355);
#854=LINE('',#6981,#1356);
#855=LINE('',#6983,#1357);
#856=LINE('',#6984,#1358);
#857=LINE('',#6990,#1359);
#858=LINE('',#6993,#1360);
#859=LINE('',#6995,#1361);
#860=LINE('',#6996,#1362);
#861=LINE('',#7005,#1363);
#862=LINE('',#7008,#1364);
#863=LINE('',#7011,#1365);
#864=LINE('',#7013,#1366);
#865=LINE('',#7014,#1367);
#866=LINE('',#7020,#1368);
#867=LINE('',#7023,#1369);
#868=LINE('',#7025,#1370);
#869=LINE('',#7026,#1371);
#870=LINE('',#7032,#1372);
#871=LINE('',#7034,#1373);
#872=LINE('',#7035,#1374);
#873=LINE('',#7041,#1375);
#874=LINE('',#7044,#1376);
#875=LINE('',#7047,#1377);
#876=LINE('',#7049,#1378);
#877=LINE('',#7050,#1379);
#878=LINE('',#7056,#1380);
#879=LINE('',#7059,#1381);
#880=LINE('',#7061,#1382);
#881=LINE('',#7062,#1383);
#882=LINE('',#7068,#1384);
#883=LINE('',#7071,#1385);
#884=LINE('',#7073,#1386);
#885=LINE('',#7074,#1387);
#886=LINE('',#7080,#1388);
#887=LINE('',#7083,#1389);
#888=LINE('',#7085,#1390);
#889=LINE('',#7086,#1391);
#890=LINE('',#7092,#1392);
#891=LINE('',#7094,#1393);
#892=LINE('',#7095,#1394);
#893=LINE('',#7099,#1395);
#894=LINE('',#7101,#1396);
#895=LINE('',#7103,#1397);
#896=LINE('',#7104,#1398);
#897=LINE('',#7107,#1399);
#898=LINE('',#7109,#1400);
#899=LINE('',#7110,#1401);
#900=LINE('',#7116,#1402);
#901=LINE('',#7118,#1403);
#902=LINE('',#7119,#1404);
#903=LINE('',#7125,#1405);
#904=LINE('',#7128,#1406);
#905=LINE('',#7131,#1407);
#906=LINE('',#7133,#1408);
#907=LINE('',#7134,#1409);
#908=LINE('',#7137,#1410);
#909=LINE('',#7139,#1411);
#910=LINE('',#7140,#1412);
#911=LINE('',#7143,#1413);
#912=LINE('',#7145,#1414);
#913=LINE('',#7146,#1415);
#914=LINE('',#7152,#1416);
#915=LINE('',#7155,#1417);
#916=LINE('',#7157,#1418);
#917=LINE('',#7158,#1419);
#918=LINE('',#7164,#1420);
#919=LINE('',#7166,#1421);
#920=LINE('',#7167,#1422);
#921=LINE('',#7171,#1423);
#922=LINE('',#7173,#1424);
#923=LINE('',#7175,#1425);
#924=LINE('',#7176,#1426);
#925=LINE('',#7182,#1427);
#926=LINE('',#7185,#1428);
#927=LINE('',#7187,#1429);
#928=LINE('',#7188,#1430);
#929=LINE('',#7191,#1431);
#930=LINE('',#7193,#1432);
#931=LINE('',#7194,#1433);
#932=LINE('',#7197,#1434);
#933=LINE('',#7199,#1435);
#934=LINE('',#7200,#1436);
#935=LINE('',#7206,#1437);
#936=LINE('',#7208,#1438);
#937=LINE('',#7209,#1439);
#938=LINE('',#7215,#1440);
#939=LINE('',#7218,#1441);
#940=LINE('',#7221,#1442);
#941=LINE('',#7223,#1443);
#942=LINE('',#7224,#1444);
#943=LINE('',#7230,#1445);
#944=LINE('',#7233,#1446);
#945=LINE('',#7235,#1447);
#946=LINE('',#7236,#1448);
#947=LINE('',#7242,#1449);
#948=LINE('',#7244,#1450);
#949=LINE('',#7245,#1451);
#950=LINE('',#7249,#1452);
#951=LINE('',#7251,#1453);
#952=LINE('',#7253,#1454);
#953=LINE('',#7254,#1455);
#954=LINE('',#7260,#1456);
#955=LINE('',#7263,#1457);
#956=LINE('',#7265,#1458);
#957=LINE('',#7266,#1459);
#958=LINE('',#7272,#1460);
#959=LINE('',#7275,#1461);
#960=LINE('',#7277,#1462);
#961=LINE('',#7278,#1463);
#962=LINE('',#7285,#1464);
#963=LINE('',#7287,#1465);
#964=LINE('',#7289,#1466);
#965=LINE('',#7290,#1467);
#966=LINE('',#7296,#1468);
#967=LINE('',#7299,#1469);
#968=LINE('',#7301,#1470);
#969=LINE('',#7302,#1471);
#970=LINE('',#7308,#1472);
#971=LINE('',#7310,#1473);
#972=LINE('',#7311,#1474);
#973=LINE('',#7315,#1475);
#974=LINE('',#7317,#1476);
#975=LINE('',#7319,#1477);
#976=LINE('',#7320,#1478);
#977=LINE('',#7323,#1479);
#978=LINE('',#7325,#1480);
#979=LINE('',#7326,#1481);
#980=LINE('',#7329,#1482);
#981=LINE('',#7331,#1483);
#982=LINE('',#7332,#1484);
#983=LINE('',#7338,#1485);
#984=LINE('',#7341,#1486);
#985=LINE('',#7343,#1487);
#986=LINE('',#7344,#1488);
#987=LINE('',#7350,#1489);
#988=LINE('',#7353,#1490);
#989=LINE('',#7355,#1491);
#990=LINE('',#7356,#1492);
#991=LINE('',#7365,#1493);
#992=LINE('',#7368,#1494);
#993=LINE('',#7371,#1495);
#994=LINE('',#7373,#1496);
#995=LINE('',#7374,#1497);
#996=LINE('',#7377,#1498);
#997=LINE('',#7379,#1499);
#998=LINE('',#7380,#1500);
#999=LINE('',#7382,#1501);
#1000=LINE('',#7383,#1502);
#1001=LINE('',#7389,#1503);
#1002=LINE('',#7392,#1504);
#1003=LINE('',#7395,#1505);
#1004=LINE('',#7397,#1506);
#1005=LINE('',#7398,#1507);
#1006=LINE('',#7404,#1508);
#1007=LINE('',#7407,#1509);
#1008=LINE('',#7409,#1510);
#1009=LINE('',#7410,#1511);
#1010=LINE('',#7416,#1512);
#1011=LINE('',#7418,#1513);
#1012=LINE('',#7419,#1514);
#1013=LINE('',#7423,#1515);
#1014=LINE('',#7425,#1516);
#1015=LINE('',#7427,#1517);
#1016=LINE('',#7428,#1518);
#1017=LINE('',#7431,#1519);
#1018=LINE('',#7433,#1520);
#1019=LINE('',#7434,#1521);
#1020=LINE('',#7437,#1522);
#1021=LINE('',#7439,#1523);
#1022=LINE('',#7440,#1524);
#1023=LINE('',#7446,#1525);
#1024=LINE('',#7449,#1526);
#1025=LINE('',#7451,#1527);
#1026=LINE('',#7452,#1528);
#1027=LINE('',#7458,#1529);
#1028=LINE('',#7461,#1530);
#1029=LINE('',#7463,#1531);
#1030=LINE('',#7464,#1532);
#1031=LINE('',#7471,#1533);
#1032=LINE('',#7473,#1534);
#1033=LINE('',#7475,#1535);
#1034=LINE('',#7476,#1536);
#1035=LINE('',#7479,#1537);
#1036=LINE('',#7481,#1538);
#1037=LINE('',#7482,#1539);
#1038=LINE('',#7488,#1540);
#1039=LINE('',#7490,#1541);
#1040=LINE('',#7491,#1542);
#1041=LINE('',#7495,#1543);
#1042=LINE('',#7497,#1544);
#1043=LINE('',#7499,#1545);
#1044=LINE('',#7500,#1546);
#1045=LINE('',#7503,#1547);
#1046=LINE('',#7505,#1548);
#1047=LINE('',#7506,#1549);
#1048=LINE('',#7512,#1550);
#1049=LINE('',#7515,#1551);
#1050=LINE('',#7517,#1552);
#1051=LINE('',#7518,#1553);
#1052=LINE('',#7521,#1554);
#1053=LINE('',#7523,#1555);
#1054=LINE('',#7524,#1556);
#1055=LINE('',#7530,#1557);
#1056=LINE('',#7532,#1558);
#1057=LINE('',#7533,#1559);
#1058=LINE('',#7539,#1560);
#1059=LINE('',#7542,#1561);
#1060=LINE('',#7545,#1562);
#1061=LINE('',#7547,#1563);
#1062=LINE('',#7548,#1564);
#1063=LINE('',#7554,#1565);
#1064=LINE('',#7557,#1566);
#1065=LINE('',#7559,#1567);
#1066=LINE('',#7560,#1568);
#1067=LINE('',#7566,#1569);
#1068=LINE('',#7569,#1570);
#1069=LINE('',#7571,#1571);
#1070=LINE('',#7572,#1572);
#1071=LINE('',#7578,#1573);
#1072=LINE('',#7581,#1574);
#1073=LINE('',#7583,#1575);
#1074=LINE('',#7584,#1576);
#1075=LINE('',#7590,#1577);
#1076=LINE('',#7592,#1578);
#1077=LINE('',#7593,#1579);
#1078=LINE('',#7597,#1580);
#1079=LINE('',#7599,#1581);
#1080=LINE('',#7601,#1582);
#1081=LINE('',#7602,#1583);
#1082=LINE('',#7608,#1584);
#1083=LINE('',#7611,#1585);
#1084=LINE('',#7613,#1586);
#1085=LINE('',#7614,#1587);
#1086=LINE('',#7620,#1588);
#1087=LINE('',#7623,#1589);
#1088=LINE('',#7625,#1590);
#1089=LINE('',#7626,#1591);
#1090=LINE('',#7632,#1592);
#1091=LINE('',#7635,#1593);
#1092=LINE('',#7637,#1594);
#1093=LINE('',#7638,#1595);
#1094=LINE('',#7645,#1596);
#1095=LINE('',#7647,#1597);
#1096=LINE('',#7649,#1598);
#1097=LINE('',#7650,#1599);
#1098=LINE('',#7653,#1600);
#1099=LINE('',#7655,#1601);
#1100=LINE('',#7656,#1602);
#1101=LINE('',#7662,#1603);
#1102=LINE('',#7665,#1604);
#1103=LINE('',#7667,#1605);
#1104=LINE('',#7668,#1606);
#1105=LINE('',#7677,#1607);
#1106=LINE('',#7680,#1608);
#1107=LINE('',#7683,#1609);
#1108=LINE('',#7685,#1610);
#1109=LINE('',#7686,#1611);
#1110=LINE('',#7689,#1612);
#1111=LINE('',#7691,#1613);
#1112=LINE('',#7692,#1614);
#1113=LINE('',#7698,#1615);
#1114=LINE('',#7701,#1616);
#1115=LINE('',#7703,#1617);
#1116=LINE('',#7704,#1618);
#1117=LINE('',#7706,#1619);
#1118=LINE('',#7707,#1620);
#1119=LINE('',#7711,#1621);
#1120=LINE('',#7713,#1622);
#1121=LINE('',#7715,#1623);
#1122=LINE('',#7716,#1624);
#1123=LINE('',#7722,#1625);
#1124=LINE('',#7725,#1626);
#1125=LINE('',#7727,#1627);
#1126=LINE('',#7728,#1628);
#1127=LINE('',#7734,#1629);
#1128=LINE('',#7737,#1630);
#1129=LINE('',#7739,#1631);
#1130=LINE('',#7740,#1632);
#1131=LINE('',#7746,#1633);
#1132=LINE('',#7749,#1634);
#1133=LINE('',#7751,#1635);
#1134=LINE('',#7752,#1636);
#1135=LINE('',#7754,#1637);
#1136=LINE('',#7755,#1638);
#1137=LINE('',#7759,#1639);
#1138=LINE('',#7761,#1640);
#1139=LINE('',#7763,#1641);
#1140=LINE('',#7764,#1642);
#1141=LINE('',#7767,#1643);
#1142=LINE('',#7769,#1644);
#1143=LINE('',#7770,#1645);
#1144=LINE('',#7773,#1646);
#1145=LINE('',#7775,#1647);
#1146=LINE('',#7776,#1648);
#1147=LINE('',#7782,#1649);
#1148=LINE('',#7785,#1650);
#1149=LINE('',#7787,#1651);
#1150=LINE('',#7788,#1652);
#1151=LINE('',#7797,#1653);
#1152=LINE('',#7800,#1654);
#1153=LINE('',#7803,#1655);
#1154=LINE('',#7805,#1656);
#1155=LINE('',#7806,#1657);
#1156=LINE('',#7812,#1658);
#1157=LINE('',#7815,#1659);
#1158=LINE('',#7817,#1660);
#1159=LINE('',#7818,#1661);
#1160=LINE('',#7824,#1662);
#1161=LINE('',#7827,#1663);
#1162=LINE('',#7829,#1664);
#1163=LINE('',#7830,#1665);
#1164=LINE('',#7836,#1666);
#1165=LINE('',#7839,#1667);
#1166=LINE('',#7841,#1668);
#1167=LINE('',#7842,#1669);
#1168=LINE('',#7848,#1670);
#1169=LINE('',#7850,#1671);
#1170=LINE('',#7851,#1672);
#1171=LINE('',#7857,#1673);
#1172=LINE('',#7860,#1674);
#1173=LINE('',#7863,#1675);
#1174=LINE('',#7865,#1676);
#1175=LINE('',#7866,#1677);
#1176=LINE('',#7869,#1678);
#1177=LINE('',#7871,#1679);
#1178=LINE('',#7872,#1680);
#1179=LINE('',#7878,#1681);
#1180=LINE('',#7881,#1682);
#1181=LINE('',#7883,#1683);
#1182=LINE('',#7884,#1684);
#1183=LINE('',#7886,#1685);
#1184=LINE('',#7887,#1686);
#1185=LINE('',#7891,#1687);
#1186=LINE('',#7893,#1688);
#1187=LINE('',#7895,#1689);
#1188=LINE('',#7896,#1690);
#1189=LINE('',#7902,#1691);
#1190=LINE('',#7905,#1692);
#1191=LINE('',#7907,#1693);
#1192=LINE('',#7908,#1694);
#1193=LINE('',#7914,#1695);
#1194=LINE('',#7917,#1696);
#1195=LINE('',#7919,#1697);
#1196=LINE('',#7920,#1698);
#1197=LINE('',#7926,#1699);
#1198=LINE('',#7929,#1700);
#1199=LINE('',#7931,#1701);
#1200=LINE('',#7932,#1702);
#1201=LINE('',#7938,#1703);
#1202=LINE('',#7941,#1704);
#1203=LINE('',#7943,#1705);
#1204=LINE('',#7944,#1706);
#1205=LINE('',#7951,#1707);
#1206=LINE('',#7953,#1708);
#1207=LINE('',#7955,#1709);
#1208=LINE('',#7956,#1710);
#1209=LINE('',#7962,#1711);
#1210=LINE('',#7965,#1712);
#1211=LINE('',#7967,#1713);
#1212=LINE('',#7968,#1714);
#1213=LINE('',#7974,#1715);
#1214=LINE('',#7977,#1716);
#1215=LINE('',#7979,#1717);
#1216=LINE('',#7980,#1718);
#1217=LINE('',#7986,#1719);
#1218=LINE('',#7989,#1720);
#1219=LINE('',#7991,#1721);
#1220=LINE('',#7992,#1722);
#1221=LINE('',#7998,#1723);
#1222=LINE('',#8001,#1724);
#1223=LINE('',#8003,#1725);
#1224=LINE('',#8004,#1726);
#1225=LINE('',#8011,#1727);
#1226=LINE('',#8013,#1728);
#1227=LINE('',#8015,#1729);
#1228=LINE('',#8016,#1730);
#1229=LINE('',#8020,#1731);
#1230=LINE('',#8022,#1732);
#1231=LINE('',#8024,#1733);
#1232=LINE('',#8025,#1734);
#1233=LINE('',#8027,#1735);
#1234=LINE('',#8028,#1736);
#1235=LINE('',#8031,#1737);
#1236=LINE('',#8035,#1738);
#1237=LINE('',#8039,#1739);
#1238=LINE('',#8043,#1740);
#1239=LINE('',#8046,#1741);
#1240=LINE('',#8048,#1742);
#1241=LINE('',#8052,#1743);
#1242=LINE('',#8056,#1744);
#1243=LINE('',#8060,#1745);
#1244=LINE('',#8063,#1746);
#1245=LINE('',#8066,#1747);
#1246=LINE('',#8068,#1748);
#1247=LINE('',#8069,#1749);
#1248=LINE('',#8075,#1750);
#1249=LINE('',#8079,#1751);
#1250=LINE('',#8083,#1752);
#1251=LINE('',#8086,#1753);
#1252=LINE('',#8088,#1754);
#1253=LINE('',#8089,#1755);
#1254=LINE('',#8091,#1756);
#1255=LINE('',#8093,#1757);
#1256=LINE('',#8095,#1758);
#1257=LINE('',#8097,#1759);
#1258=LINE('',#8099,#1760);
#1259=LINE('',#8101,#1761);
#1260=LINE('',#8106,#1762);
#1261=LINE('',#8107,#1763);
#1262=LINE('',#8108,#1764);
#1263=LINE('',#8112,#1765);
#1264=LINE('',#8115,#1766);
#1265=LINE('',#8116,#1767);
#1266=LINE('',#8120,#1768);
#1267=LINE('',#8123,#1769);
#1268=LINE('',#8124,#1770);
#1269=LINE('',#8134,#1771);
#1270=LINE('',#8142,#1772);
#1271=LINE('',#8150,#1773);
#1272=LINE('',#8158,#1774);
#1273=VECTOR('',#5361,10.);
#1274=VECTOR('',#5364,10.);
#1275=VECTOR('',#5367,10.);
#1276=VECTOR('',#5368,10.);
#1277=VECTOR('',#5369,10.);
#1278=VECTOR('',#5372,10.);
#1279=VECTOR('',#5373,10.);
#1280=VECTOR('',#5374,10.);
#1281=VECTOR('',#5377,10.);
#1282=VECTOR('',#5378,10.);
#1283=VECTOR('',#5381,10.);
#1284=VECTOR('',#5382,10.);
#1285=VECTOR('',#5383,10.);
#1286=VECTOR('',#5384,10.);
#1287=VECTOR('',#5391,10.);
#1288=VECTOR('',#5394,10.);
#1289=VECTOR('',#5395,10.);
#1290=VECTOR('',#5396,10.);
#1291=VECTOR('',#5403,10.);
#1292=VECTOR('',#5406,10.);
#1293=VECTOR('',#5407,10.);
#1294=VECTOR('',#5408,10.);
#1295=VECTOR('',#5415,10.);
#1296=VECTOR('',#5418,10.);
#1297=VECTOR('',#5419,10.);
#1298=VECTOR('',#5420,10.);
#1299=VECTOR('',#5429,10.);
#1300=VECTOR('',#5430,10.);
#1301=VECTOR('',#5431,10.);
#1302=VECTOR('',#5432,10.);
#1303=VECTOR('',#5435,10.);
#1304=VECTOR('',#5436,10.);
#1305=VECTOR('',#5437,10.);
#1306=VECTOR('',#5444,10.);
#1307=VECTOR('',#5447,10.);
#1308=VECTOR('',#5448,10.);
#1309=VECTOR('',#5449,10.);
#1310=VECTOR('',#5456,10.);
#1311=VECTOR('',#5459,10.);
#1312=VECTOR('',#5460,10.);
#1313=VECTOR('',#5465,10.);
#1314=VECTOR('',#5468,10.);
#1315=VECTOR('',#5471,10.);
#1316=VECTOR('',#5472,10.);
#1317=VECTOR('',#5473,10.);
#1318=VECTOR('',#5480,10.);
#1319=VECTOR('',#5483,10.);
#1320=VECTOR('',#5484,10.);
#1321=VECTOR('',#5485,10.);
#1322=VECTOR('',#5492,10.);
#1323=VECTOR('',#5495,10.);
#1324=VECTOR('',#5496,10.);
#1325=VECTOR('',#5497,10.);
#1326=VECTOR('',#5504,10.);
#1327=VECTOR('',#5507,10.);
#1328=VECTOR('',#5508,10.);
#1329=VECTOR('',#5509,10.);
#1330=VECTOR('',#5516,10.);
#1331=VECTOR('',#5519,10.);
#1332=VECTOR('',#5520,10.);
#1333=VECTOR('',#5523,10.);
#1334=VECTOR('',#5524,10.);
#1335=VECTOR('',#5525,10.);
#1336=VECTOR('',#5526,10.);
#1337=VECTOR('',#5533,10.);
#1338=VECTOR('',#5536,10.);
#1339=VECTOR('',#5537,10.);
#1340=VECTOR('',#5538,10.);
#1341=VECTOR('',#5541,10.);
#1342=VECTOR('',#5542,10.);
#1343=VECTOR('',#5543,10.);
#1344=VECTOR('',#5550,10.);
#1345=VECTOR('',#5553,10.);
#1346=VECTOR('',#5554,10.);
#1347=VECTOR('',#5555,10.);
#1348=VECTOR('',#5562,10.);
#1349=VECTOR('',#5565,10.);
#1350=VECTOR('',#5566,10.);
#1351=VECTOR('',#5567,10.);
#1352=VECTOR('',#5574,10.);
#1353=VECTOR('',#5577,10.);
#1354=VECTOR('',#5578,10.);
#1355=VECTOR('',#5579,10.);
#1356=VECTOR('',#5582,10.);
#1357=VECTOR('',#5583,10.);
#1358=VECTOR('',#5584,10.);
#1359=VECTOR('',#5591,10.);
#1360=VECTOR('',#5594,10.);
#1361=VECTOR('',#5595,10.);
#1362=VECTOR('',#5596,10.);
#1363=VECTOR('',#5607,10.);
#1364=VECTOR('',#5610,10.);
#1365=VECTOR('',#5613,10.);
#1366=VECTOR('',#5614,10.);
#1367=VECTOR('',#5615,10.);
#1368=VECTOR('',#5622,10.);
#1369=VECTOR('',#5625,10.);
#1370=VECTOR('',#5626,10.);
#1371=VECTOR('',#5627,10.);
#1372=VECTOR('',#5634,10.);
#1373=VECTOR('',#5637,10.);
#1374=VECTOR('',#5638,10.);
#1375=VECTOR('',#5643,10.);
#1376=VECTOR('',#5646,10.);
#1377=VECTOR('',#5649,10.);
#1378=VECTOR('',#5650,10.);
#1379=VECTOR('',#5651,10.);
#1380=VECTOR('',#5658,10.);
#1381=VECTOR('',#5661,10.);
#1382=VECTOR('',#5662,10.);
#1383=VECTOR('',#5663,10.);
#1384=VECTOR('',#5670,10.);
#1385=VECTOR('',#5673,10.);
#1386=VECTOR('',#5674,10.);
#1387=VECTOR('',#5675,10.);
#1388=VECTOR('',#5682,10.);
#1389=VECTOR('',#5685,10.);
#1390=VECTOR('',#5686,10.);
#1391=VECTOR('',#5687,10.);
#1392=VECTOR('',#5694,10.);
#1393=VECTOR('',#5697,10.);
#1394=VECTOR('',#5698,10.);
#1395=VECTOR('',#5701,10.);
#1396=VECTOR('',#5702,10.);
#1397=VECTOR('',#5703,10.);
#1398=VECTOR('',#5704,10.);
#1399=VECTOR('',#5707,10.);
#1400=VECTOR('',#5708,10.);
#1401=VECTOR('',#5709,10.);
#1402=VECTOR('',#5716,10.);
#1403=VECTOR('',#5719,10.);
#1404=VECTOR('',#5720,10.);
#1405=VECTOR('',#5725,10.);
#1406=VECTOR('',#5728,10.);
#1407=VECTOR('',#5731,10.);
#1408=VECTOR('',#5732,10.);
#1409=VECTOR('',#5733,10.);
#1410=VECTOR('',#5736,10.);
#1411=VECTOR('',#5737,10.);
#1412=VECTOR('',#5738,10.);
#1413=VECTOR('',#5741,10.);
#1414=VECTOR('',#5742,10.);
#1415=VECTOR('',#5743,10.);
#1416=VECTOR('',#5750,10.);
#1417=VECTOR('',#5753,10.);
#1418=VECTOR('',#5754,10.);
#1419=VECTOR('',#5755,10.);
#1420=VECTOR('',#5762,10.);
#1421=VECTOR('',#5765,10.);
#1422=VECTOR('',#5766,10.);
#1423=VECTOR('',#5769,10.);
#1424=VECTOR('',#5770,10.);
#1425=VECTOR('',#5771,10.);
#1426=VECTOR('',#5772,10.);
#1427=VECTOR('',#5779,10.);
#1428=VECTOR('',#5782,10.);
#1429=VECTOR('',#5783,10.);
#1430=VECTOR('',#5784,10.);
#1431=VECTOR('',#5787,10.);
#1432=VECTOR('',#5788,10.);
#1433=VECTOR('',#5789,10.);
#1434=VECTOR('',#5792,10.);
#1435=VECTOR('',#5793,10.);
#1436=VECTOR('',#5794,10.);
#1437=VECTOR('',#5801,10.);
#1438=VECTOR('',#5804,10.);
#1439=VECTOR('',#5805,10.);
#1440=VECTOR('',#5810,10.);
#1441=VECTOR('',#5813,10.);
#1442=VECTOR('',#5816,10.);
#1443=VECTOR('',#5817,10.);
#1444=VECTOR('',#5818,10.);
#1445=VECTOR('',#5825,10.);
#1446=VECTOR('',#5828,10.);
#1447=VECTOR('',#5829,10.);
#1448=VECTOR('',#5830,10.);
#1449=VECTOR('',#5837,10.);
#1450=VECTOR('',#5840,10.);
#1451=VECTOR('',#5841,10.);
#1452=VECTOR('',#5844,10.);
#1453=VECTOR('',#5845,10.);
#1454=VECTOR('',#5846,10.);
#1455=VECTOR('',#5847,10.);
#1456=VECTOR('',#5854,10.);
#1457=VECTOR('',#5857,10.);
#1458=VECTOR('',#5858,10.);
#1459=VECTOR('',#5859,10.);
#1460=VECTOR('',#5866,10.);
#1461=VECTOR('',#5869,10.);
#1462=VECTOR('',#5870,10.);
#1463=VECTOR('',#5871,10.);
#1464=VECTOR('',#5880,10.);
#1465=VECTOR('',#5881,10.);
#1466=VECTOR('',#5882,10.);
#1467=VECTOR('',#5883,10.);
#1468=VECTOR('',#5890,10.);
#1469=VECTOR('',#5893,10.);
#1470=VECTOR('',#5894,10.);
#1471=VECTOR('',#5895,10.);
#1472=VECTOR('',#5902,10.);
#1473=VECTOR('',#5905,10.);
#1474=VECTOR('',#5906,10.);
#1475=VECTOR('',#5909,10.);
#1476=VECTOR('',#5910,10.);
#1477=VECTOR('',#5911,10.);
#1478=VECTOR('',#5912,10.);
#1479=VECTOR('',#5915,10.);
#1480=VECTOR('',#5916,10.);
#1481=VECTOR('',#5917,10.);
#1482=VECTOR('',#5920,10.);
#1483=VECTOR('',#5921,10.);
#1484=VECTOR('',#5922,10.);
#1485=VECTOR('',#5929,10.);
#1486=VECTOR('',#5932,10.);
#1487=VECTOR('',#5933,10.);
#1488=VECTOR('',#5934,10.);
#1489=VECTOR('',#5941,10.);
#1490=VECTOR('',#5944,10.);
#1491=VECTOR('',#5945,10.);
#1492=VECTOR('',#5946,10.);
#1493=VECTOR('',#5957,10.);
#1494=VECTOR('',#5960,10.);
#1495=VECTOR('',#5963,10.);
#1496=VECTOR('',#5964,10.);
#1497=VECTOR('',#5965,10.);
#1498=VECTOR('',#5968,10.);
#1499=VECTOR('',#5969,10.);
#1500=VECTOR('',#5970,10.);
#1501=VECTOR('',#5973,10.);
#1502=VECTOR('',#5974,10.);
#1503=VECTOR('',#5979,10.);
#1504=VECTOR('',#5982,10.);
#1505=VECTOR('',#5985,10.);
#1506=VECTOR('',#5986,10.);
#1507=VECTOR('',#5987,10.);
#1508=VECTOR('',#5994,10.);
#1509=VECTOR('',#5997,10.);
#1510=VECTOR('',#5998,10.);
#1511=VECTOR('',#5999,10.);
#1512=VECTOR('',#6006,10.);
#1513=VECTOR('',#6009,10.);
#1514=VECTOR('',#6010,10.);
#1515=VECTOR('',#6013,10.);
#1516=VECTOR('',#6014,10.);
#1517=VECTOR('',#6015,10.);
#1518=VECTOR('',#6016,10.);
#1519=VECTOR('',#6019,10.);
#1520=VECTOR('',#6020,10.);
#1521=VECTOR('',#6021,10.);
#1522=VECTOR('',#6024,10.);
#1523=VECTOR('',#6025,10.);
#1524=VECTOR('',#6026,10.);
#1525=VECTOR('',#6033,10.);
#1526=VECTOR('',#6036,10.);
#1527=VECTOR('',#6037,10.);
#1528=VECTOR('',#6038,10.);
#1529=VECTOR('',#6045,10.);
#1530=VECTOR('',#6048,10.);
#1531=VECTOR('',#6049,10.);
#1532=VECTOR('',#6050,10.);
#1533=VECTOR('',#6059,10.);
#1534=VECTOR('',#6060,10.);
#1535=VECTOR('',#6061,10.);
#1536=VECTOR('',#6062,10.);
#1537=VECTOR('',#6065,10.);
#1538=VECTOR('',#6066,10.);
#1539=VECTOR('',#6067,10.);
#1540=VECTOR('',#6074,10.);
#1541=VECTOR('',#6077,10.);
#1542=VECTOR('',#6078,10.);
#1543=VECTOR('',#6081,10.);
#1544=VECTOR('',#6082,10.);
#1545=VECTOR('',#6083,10.);
#1546=VECTOR('',#6084,10.);
#1547=VECTOR('',#6087,10.);
#1548=VECTOR('',#6088,10.);
#1549=VECTOR('',#6089,10.);
#1550=VECTOR('',#6096,10.);
#1551=VECTOR('',#6099,10.);
#1552=VECTOR('',#6100,10.);
#1553=VECTOR('',#6101,10.);
#1554=VECTOR('',#6104,10.);
#1555=VECTOR('',#6105,10.);
#1556=VECTOR('',#6106,10.);
#1557=VECTOR('',#6113,10.);
#1558=VECTOR('',#6116,10.);
#1559=VECTOR('',#6117,10.);
#1560=VECTOR('',#6122,10.);
#1561=VECTOR('',#6125,10.);
#1562=VECTOR('',#6128,10.);
#1563=VECTOR('',#6129,10.);
#1564=VECTOR('',#6130,10.);
#1565=VECTOR('',#6137,10.);
#1566=VECTOR('',#6140,10.);
#1567=VECTOR('',#6141,10.);
#1568=VECTOR('',#6142,10.);
#1569=VECTOR('',#6149,10.);
#1570=VECTOR('',#6152,10.);
#1571=VECTOR('',#6153,10.);
#1572=VECTOR('',#6154,10.);
#1573=VECTOR('',#6161,10.);
#1574=VECTOR('',#6164,10.);
#1575=VECTOR('',#6165,10.);
#1576=VECTOR('',#6166,10.);
#1577=VECTOR('',#6173,10.);
#1578=VECTOR('',#6176,10.);
#1579=VECTOR('',#6177,10.);
#1580=VECTOR('',#6180,10.);
#1581=VECTOR('',#6181,10.);
#1582=VECTOR('',#6182,10.);
#1583=VECTOR('',#6183,10.);
#1584=VECTOR('',#6190,10.);
#1585=VECTOR('',#6193,10.);
#1586=VECTOR('',#6194,10.);
#1587=VECTOR('',#6195,10.);
#1588=VECTOR('',#6202,10.);
#1589=VECTOR('',#6205,10.);
#1590=VECTOR('',#6206,10.);
#1591=VECTOR('',#6207,10.);
#1592=VECTOR('',#6214,10.);
#1593=VECTOR('',#6217,10.);
#1594=VECTOR('',#6218,10.);
#1595=VECTOR('',#6219,10.);
#1596=VECTOR('',#6228,10.);
#1597=VECTOR('',#6229,10.);
#1598=VECTOR('',#6230,10.);
#1599=VECTOR('',#6231,10.);
#1600=VECTOR('',#6234,10.);
#1601=VECTOR('',#6235,10.);
#1602=VECTOR('',#6236,10.);
#1603=VECTOR('',#6243,10.);
#1604=VECTOR('',#6246,10.);
#1605=VECTOR('',#6247,10.);
#1606=VECTOR('',#6248,10.);
#1607=VECTOR('',#6259,10.);
#1608=VECTOR('',#6262,10.);
#1609=VECTOR('',#6265,10.);
#1610=VECTOR('',#6266,10.);
#1611=VECTOR('',#6267,10.);
#1612=VECTOR('',#6270,10.);
#1613=VECTOR('',#6271,10.);
#1614=VECTOR('',#6272,10.);
#1615=VECTOR('',#6279,10.);
#1616=VECTOR('',#6282,10.);
#1617=VECTOR('',#6283,10.);
#1618=VECTOR('',#6284,10.);
#1619=VECTOR('',#6287,10.);
#1620=VECTOR('',#6288,10.);
#1621=VECTOR('',#6291,10.);
#1622=VECTOR('',#6292,10.);
#1623=VECTOR('',#6293,10.);
#1624=VECTOR('',#6294,10.);
#1625=VECTOR('',#6301,10.);
#1626=VECTOR('',#6304,10.);
#1627=VECTOR('',#6305,10.);
#1628=VECTOR('',#6306,10.);
#1629=VECTOR('',#6313,10.);
#1630=VECTOR('',#6316,10.);
#1631=VECTOR('',#6317,10.);
#1632=VECTOR('',#6318,10.);
#1633=VECTOR('',#6325,10.);
#1634=VECTOR('',#6328,10.);
#1635=VECTOR('',#6329,10.);
#1636=VECTOR('',#6330,10.);
#1637=VECTOR('',#6333,10.);
#1638=VECTOR('',#6334,10.);
#1639=VECTOR('',#6337,10.);
#1640=VECTOR('',#6338,10.);
#1641=VECTOR('',#6339,10.);
#1642=VECTOR('',#6340,10.);
#1643=VECTOR('',#6343,10.);
#1644=VECTOR('',#6344,10.);
#1645=VECTOR('',#6345,10.);
#1646=VECTOR('',#6348,10.);
#1647=VECTOR('',#6349,10.);
#1648=VECTOR('',#6350,10.);
#1649=VECTOR('',#6357,10.);
#1650=VECTOR('',#6360,10.);
#1651=VECTOR('',#6361,10.);
#1652=VECTOR('',#6362,10.);
#1653=VECTOR('',#6373,10.);
#1654=VECTOR('',#6376,10.);
#1655=VECTOR('',#6379,10.);
#1656=VECTOR('',#6380,10.);
#1657=VECTOR('',#6381,10.);
#1658=VECTOR('',#6388,10.);
#1659=VECTOR('',#6391,10.);
#1660=VECTOR('',#6392,10.);
#1661=VECTOR('',#6393,10.);
#1662=VECTOR('',#6400,10.);
#1663=VECTOR('',#6403,10.);
#1664=VECTOR('',#6404,10.);
#1665=VECTOR('',#6405,10.);
#1666=VECTOR('',#6412,10.);
#1667=VECTOR('',#6415,10.);
#1668=VECTOR('',#6416,10.);
#1669=VECTOR('',#6417,10.);
#1670=VECTOR('',#6424,10.);
#1671=VECTOR('',#6427,10.);
#1672=VECTOR('',#6428,10.);
#1673=VECTOR('',#6433,10.);
#1674=VECTOR('',#6436,10.);
#1675=VECTOR('',#6439,10.);
#1676=VECTOR('',#6440,10.);
#1677=VECTOR('',#6441,10.);
#1678=VECTOR('',#6444,10.);
#1679=VECTOR('',#6445,10.);
#1680=VECTOR('',#6446,10.);
#1681=VECTOR('',#6453,10.);
#1682=VECTOR('',#6456,10.);
#1683=VECTOR('',#6457,10.);
#1684=VECTOR('',#6458,10.);
#1685=VECTOR('',#6461,10.);
#1686=VECTOR('',#6462,10.);
#1687=VECTOR('',#6465,10.);
#1688=VECTOR('',#6466,10.);
#1689=VECTOR('',#6467,10.);
#1690=VECTOR('',#6468,10.);
#1691=VECTOR('',#6475,10.);
#1692=VECTOR('',#6478,10.);
#1693=VECTOR('',#6479,10.);
#1694=VECTOR('',#6480,10.);
#1695=VECTOR('',#6487,10.);
#1696=VECTOR('',#6490,10.);
#1697=VECTOR('',#6491,10.);
#1698=VECTOR('',#6492,10.);
#1699=VECTOR('',#6499,10.);
#1700=VECTOR('',#6502,10.);
#1701=VECTOR('',#6503,10.);
#1702=VECTOR('',#6504,10.);
#1703=VECTOR('',#6511,10.);
#1704=VECTOR('',#6514,10.);
#1705=VECTOR('',#6515,10.);
#1706=VECTOR('',#6516,10.);
#1707=VECTOR('',#6525,10.);
#1708=VECTOR('',#6526,10.);
#1709=VECTOR('',#6527,10.);
#1710=VECTOR('',#6528,10.);
#1711=VECTOR('',#6535,10.);
#1712=VECTOR('',#6538,10.);
#1713=VECTOR('',#6539,10.);
#1714=VECTOR('',#6540,10.);
#1715=VECTOR('',#6547,10.);
#1716=VECTOR('',#6550,10.);
#1717=VECTOR('',#6551,10.);
#1718=VECTOR('',#6552,10.);
#1719=VECTOR('',#6559,10.);
#1720=VECTOR('',#6562,10.);
#1721=VECTOR('',#6563,10.);
#1722=VECTOR('',#6564,10.);
#1723=VECTOR('',#6571,10.);
#1724=VECTOR('',#6574,10.);
#1725=VECTOR('',#6575,10.);
#1726=VECTOR('',#6576,10.);
#1727=VECTOR('',#6585,10.);
#1728=VECTOR('',#6586,10.);
#1729=VECTOR('',#6587,10.);
#1730=VECTOR('',#6588,10.);
#1731=VECTOR('',#6591,10.);
#1732=VECTOR('',#6592,10.);
#1733=VECTOR('',#6593,10.);
#1734=VECTOR('',#6594,10.);
#1735=VECTOR('',#6597,10.);
#1736=VECTOR('',#6598,10.);
#1737=VECTOR('',#6601,10.);
#1738=VECTOR('',#6604,10.);
#1739=VECTOR('',#6607,10.);
#1740=VECTOR('',#6610,10.);
#1741=VECTOR('',#6613,10.);
#1742=VECTOR('',#6614,10.);
#1743=VECTOR('',#6617,10.);
#1744=VECTOR('',#6620,10.);
#1745=VECTOR('',#6623,10.);
#1746=VECTOR('',#6626,10.);
#1747=VECTOR('',#6629,10.);
#1748=VECTOR('',#6630,10.);
#1749=VECTOR('',#6631,10.);
#1750=VECTOR('',#6636,10.);
#1751=VECTOR('',#6639,10.);
#1752=VECTOR('',#6642,10.);
#1753=VECTOR('',#6645,10.);
#1754=VECTOR('',#6648,10.);
#1755=VECTOR('',#6649,10.);
#1756=VECTOR('',#6652,10.);
#1757=VECTOR('',#6655,10.);
#1758=VECTOR('',#6658,10.);
#1759=VECTOR('',#6661,10.);
#1760=VECTOR('',#6664,10.);
#1761=VECTOR('',#6667,10.);
#1762=VECTOR('',#6672,10.);
#1763=VECTOR('',#6673,10.);
#1764=VECTOR('',#6674,10.);
#1765=VECTOR('',#6679,10.);
#1766=VECTOR('',#6682,10.);
#1767=VECTOR('',#6683,10.);
#1768=VECTOR('',#6688,10.);
#1769=VECTOR('',#6691,10.);
#1770=VECTOR('',#6692,10.);
#1771=VECTOR('',#6707,1.19800791787029);
#1772=VECTOR('',#6718,1.32139526085086);
#1773=VECTOR('',#6729,1.36063242867863);
#1774=VECTOR('',#6740,1.42365994878569);
#1775=CIRCLE('',#4912,0.500000000000004);
#1776=CIRCLE('',#4913,0.500000000000004);
#1777=CIRCLE('',#4919,5.00000000000002);
#1778=CIRCLE('',#4920,5.00000000000002);
#1779=CIRCLE('',#4923,1.60000000000001);
#1780=CIRCLE('',#4924,1.60000000000001);
#1781=CIRCLE('',#4927,4.99999999999999);
#1782=CIRCLE('',#4928,4.99999999999999);
#1783=CIRCLE('',#4931,4.99999999999998);
#1784=CIRCLE('',#4932,4.99999999999998);
#1785=CIRCLE('',#4936,2.49999999999996);
#1786=CIRCLE('',#4937,2.49999999999996);
#1787=CIRCLE('',#4940,1.50000000000003);
#1788=CIRCLE('',#4941,1.50000000000003);
#1789=CIRCLE('',#4944,9.0000000000004);
#1790=CIRCLE('',#4945,9.0000000000004);
#1791=CIRCLE('',#4948,2.00000000000001);
#1792=CIRCLE('',#4949,2.00000000000001);
#1793=CIRCLE('',#4952,1.99999999999988);
#1794=CIRCLE('',#4953,1.99999999999988);
#1795=CIRCLE('',#4956,1.50000000000003);
#1796=CIRCLE('',#4957,1.50000000000003);
#1797=CIRCLE('',#4960,5.00000000000001);
#1798=CIRCLE('',#4961,5.00000000000001);
#1799=CIRCLE('',#4965,3.00000000000007);
#1800=CIRCLE('',#4966,3.00000000000007);
#1801=CIRCLE('',#4970,3.00000000000007);
#1802=CIRCLE('',#4971,3.00000000000007);
#1803=CIRCLE('',#4974,0.999999999999996);
#1804=CIRCLE('',#4975,0.999999999999996);
#1805=CIRCLE('',#4978,0.999999999999989);
#1806=CIRCLE('',#4979,0.999999999999989);
#1807=CIRCLE('',#4983,0.999999999999991);
#1808=CIRCLE('',#4984,0.999999999999991);
#1809=CIRCLE('',#4987,0.999999999999989);
#1810=CIRCLE('',#4988,0.999999999999989);
#1811=CIRCLE('',#4990,2.49999999999999);
#1812=CIRCLE('',#4991,2.49999999999999);
#1813=CIRCLE('',#4994,2.50000000000001);
#1814=CIRCLE('',#4995,2.50000000000001);
#1815=CIRCLE('',#4998,2.49999999999995);
#1816=CIRCLE('',#4999,2.49999999999995);
#1817=CIRCLE('',#5002,2.50000000000001);
#1818=CIRCLE('',#5003,2.50000000000001);
#1819=CIRCLE('',#5006,3.00000000000038);
#1820=CIRCLE('',#5007,3.00000000000038);
#1821=CIRCLE('',#5010,2.49999999999994);
#1822=CIRCLE('',#5011,2.49999999999994);
#1823=CIRCLE('',#5014,1.60000000000002);
#1824=CIRCLE('',#5015,1.60000000000002);
#1825=CIRCLE('',#5018,1.60000000000003);
#1826=CIRCLE('',#5019,1.60000000000003);
#1827=CIRCLE('',#5024,7.50000000000003);
#1828=CIRCLE('',#5025,7.50000000000003);
#1829=CIRCLE('',#5028,2.50000000000001);
#1830=CIRCLE('',#5029,2.50000000000001);
#1831=CIRCLE('',#5034,2.49999999999999);
#1832=CIRCLE('',#5035,2.49999999999999);
#1833=CIRCLE('',#5038,2.50000000000005);
#1834=CIRCLE('',#5039,2.50000000000005);
#1835=CIRCLE('',#5043,2.);
#1836=CIRCLE('',#5044,2.);
#1837=CIRCLE('',#5049,2.);
#1838=CIRCLE('',#5050,2.);
#1839=CIRCLE('',#5053,0.499999999999984);
#1840=CIRCLE('',#5054,0.499999999999984);
#1841=CIRCLE('',#5057,2.49999999999998);
#1842=CIRCLE('',#5058,2.49999999999998);
#1843=CIRCLE('',#5061,4.99999999999997);
#1844=CIRCLE('',#5062,4.99999999999997);
#1845=CIRCLE('',#5066,2.5);
#1846=CIRCLE('',#5067,2.5);
#1847=CIRCLE('',#5070,0.499999999999981);
#1848=CIRCLE('',#5071,0.499999999999981);
#1849=CIRCLE('',#5074,4.99999999999997);
#1850=CIRCLE('',#5075,4.99999999999997);
#1851=CIRCLE('',#5078,5.);
#1852=CIRCLE('',#5079,5.);
#1853=CIRCLE('',#5082,2.50000000000001);
#1854=CIRCLE('',#5083,2.50000000000001);
#1855=CIRCLE('',#5089,1.00000000000002);
#1856=CIRCLE('',#5090,1.00000000000002);
#1857=CIRCLE('',#5093,0.999999999999869);
#1858=CIRCLE('',#5094,0.999999999999869);
#1859=CIRCLE('',#5097,0.999999999999988);
#1860=CIRCLE('',#5098,0.999999999999988);
#1861=CIRCLE('',#5100,7.50000000000004);
#1862=CIRCLE('',#5101,7.50000000000004);
#1863=CIRCLE('',#5106,2.49999999999996);
#1864=CIRCLE('',#5107,2.49999999999996);
#1865=CIRCLE('',#5110,2.5);
#1866=CIRCLE('',#5111,2.5);
#1867=CIRCLE('',#5114,2.49999999999999);
#1868=CIRCLE('',#5115,2.49999999999999);
#1869=CIRCLE('',#5121,2.50000000000001);
#1870=CIRCLE('',#5122,2.50000000000001);
#1871=CIRCLE('',#5125,2.50000000000005);
#1872=CIRCLE('',#5126,2.50000000000005);
#1873=CIRCLE('',#5129,2.49999999999998);
#1874=CIRCLE('',#5130,2.49999999999998);
#1875=CIRCLE('',#5134,0.500000000000007);
#1876=CIRCLE('',#5135,0.500000000000007);
#1877=CIRCLE('',#5140,38.5000000000013);
#1878=CIRCLE('',#5141,38.5000000000013);
#1879=CIRCLE('',#5145,38.5000000000014);
#1880=CIRCLE('',#5146,38.5000000000014);
#1881=CIRCLE('',#5149,1.60000000000001);
#1882=CIRCLE('',#5150,1.60000000000001);
#1883=CIRCLE('',#5153,1.60000000000013);
#1884=CIRCLE('',#5154,1.60000000000013);
#1885=CIRCLE('',#5157,1.99999999999999);
#1886=CIRCLE('',#5158,1.99999999999999);
#1887=CIRCLE('',#5161,0.499999999999986);
#1888=CIRCLE('',#5162,0.499999999999986);
#1889=CIRCLE('',#5165,1.49999999999999);
#1890=CIRCLE('',#5166,1.49999999999999);
#1891=CIRCLE('',#5170,4.99999999999999);
#1892=CIRCLE('',#5171,4.99999999999999);
#1893=CIRCLE('',#5174,4.99999999999998);
#1894=CIRCLE('',#5175,4.99999999999998);
#1895=CIRCLE('',#5178,4.99999999999999);
#1896=CIRCLE('',#5179,4.99999999999999);
#1897=CIRCLE('',#5182,1.60000000000003);
#1898=CIRCLE('',#5183,1.60000000000003);
#1899=CIRCLE('',#5187,2.50000000000002);
#1900=CIRCLE('',#5188,2.50000000000002);
#1901=CIRCLE('',#5191,5.);
#1902=CIRCLE('',#5192,5.);
#1903=CIRCLE('',#5194,4.99999999999998);
#1904=CIRCLE('',#5195,4.99999999999998);
#1905=CIRCLE('',#5199,4.99999999999996);
#1906=CIRCLE('',#5200,4.99999999999996);
#1907=CIRCLE('',#5205,0.99999999999999);
#1908=CIRCLE('',#5206,0.99999999999999);
#1909=CIRCLE('',#5209,0.999999999999874);
#1910=CIRCLE('',#5210,0.999999999999874);
#1911=CIRCLE('',#5213,1.00000000000004);
#1912=CIRCLE('',#5214,1.00000000000004);
#1913=CIRCLE('',#5221,1.50000000000003);
#1914=CIRCLE('',#5222,1.50000000000003);
#1915=CIRCLE('',#5225,2.49999999999998);
#1916=CIRCLE('',#5226,2.49999999999998);
#1917=CIRCLE('',#5228,5.);
#1918=CIRCLE('',#5229,5.);
#1919=CIRCLE('',#5232,1.50000000000003);
#1920=CIRCLE('',#5233,1.50000000000003);
#1921=CIRCLE('',#5236,1.9999999999999);
#1922=CIRCLE('',#5237,1.9999999999999);
#1923=CIRCLE('',#5240,2.00000000000002);
#1924=CIRCLE('',#5241,2.00000000000002);
#1925=CIRCLE('',#5244,9.00000000000041);
#1926=CIRCLE('',#5245,9.00000000000041);
#1927=CIRCLE('',#5248,4.99999999999998);
#1928=CIRCLE('',#5249,4.99999999999998);
#1929=CIRCLE('',#5253,4.99999999999995);
#1930=CIRCLE('',#5254,4.99999999999995);
#1931=CIRCLE('',#5259,1.60000000000001);
#1932=CIRCLE('',#5260,1.60000000000001);
#1933=CIRCLE('',#5263,2.49999999999994);
#1934=CIRCLE('',#5264,2.49999999999994);
#1935=CIRCLE('',#5267,3.00000000000036);
#1936=CIRCLE('',#5268,3.00000000000036);
#1937=CIRCLE('',#5271,2.5);
#1938=CIRCLE('',#5272,2.5);
#1939=CIRCLE('',#5275,1.60000000000003);
#1940=CIRCLE('',#5276,1.60000000000003);
#1941=CIRCLE('',#5279,1.60000000000013);
#1942=CIRCLE('',#5280,1.60000000000013);
#1943=CIRCLE('',#5283,1.60000000000001);
#1944=CIRCLE('',#5284,1.60000000000001);
#1945=CIRCLE('',#5287,1.49999999999999);
#1946=CIRCLE('',#5288,1.49999999999999);
#1947=CIRCLE('',#5291,0.499999999999979);
#1948=CIRCLE('',#5292,0.499999999999979);
#1949=CIRCLE('',#5295,1.99999999999998);
#1950=CIRCLE('',#5296,1.99999999999998);
#1951=CIRCLE('',#5301,7.50000000000002);
#1952=CIRCLE('',#5302,7.50000000000001);
#1953=CIRCLE('',#5303,7.5);
#1954=CIRCLE('',#5304,7.50000000000007);
#1955=CIRCLE('',#5305,5.00000000000014);
#1956=CIRCLE('',#5306,4.99999999999993);
#1957=CIRCLE('',#5307,5.);
#1958=CIRCLE('',#5308,5.);
#1959=CIRCLE('',#5311,5.);
#1960=CIRCLE('',#5312,4.99999999999993);
#1961=CIRCLE('',#5313,5.00000000000014);
#1962=CIRCLE('',#5314,5.);
#1963=CIRCLE('',#5325,7.5);
#1964=CIRCLE('',#5328,7.50000000000001);
#1965=CIRCLE('',#5331,7.50000000000002);
#1966=CIRCLE('',#5333,7.50000000000007);
#1967=CIRCLE('',#5336,1.19800791787029);
#1968=CIRCLE('',#5337,1.19800791787029);
#1969=CIRCLE('',#5341,1.32139526085086);
#1970=CIRCLE('',#5342,1.32139526085086);
#1971=CIRCLE('',#5346,1.36063242867863);
#1972=CIRCLE('',#5347,1.36063242867863);
#1973=CIRCLE('',#5351,1.42365994878569);
#1974=CIRCLE('',#5352,1.42365994878569);
#1975=VERTEX_POINT('',#6749);
#1976=VERTEX_POINT('',#6750);
#1977=VERTEX_POINT('',#6752);
#1978=VERTEX_POINT('',#6754);
#1979=VERTEX_POINT('',#6758);
#1980=VERTEX_POINT('',#6760);
#1981=VERTEX_POINT('',#6764);
#1982=VERTEX_POINT('',#6766);
#1983=VERTEX_POINT('',#6773);
#1984=VERTEX_POINT('',#6774);
#1985=VERTEX_POINT('',#6776);
#1986=VERTEX_POINT('',#6778);
#1987=VERTEX_POINT('',#6782);
#1988=VERTEX_POINT('',#6784);
#1989=VERTEX_POINT('',#6788);
#1990=VERTEX_POINT('',#6790);
#1991=VERTEX_POINT('',#6794);
#1992=VERTEX_POINT('',#6796);
#1993=VERTEX_POINT('',#6800);
#1994=VERTEX_POINT('',#6802);
#1995=VERTEX_POINT('',#6806);
#1996=VERTEX_POINT('',#6808);
#1997=VERTEX_POINT('',#6812);
#1998=VERTEX_POINT('',#6814);
#1999=VERTEX_POINT('',#6821);
#2000=VERTEX_POINT('',#6822);
#2001=VERTEX_POINT('',#6824);
#2002=VERTEX_POINT('',#6826);
#2003=VERTEX_POINT('',#6830);
#2004=VERTEX_POINT('',#6832);
#2005=VERTEX_POINT('',#6836);
#2006=VERTEX_POINT('',#6838);
#2007=VERTEX_POINT('',#6842);
#2008=VERTEX_POINT('',#6844);
#2009=VERTEX_POINT('',#6848);
#2010=VERTEX_POINT('',#6850);
#2011=VERTEX_POINT('',#6857);
#2012=VERTEX_POINT('',#6858);
#2013=VERTEX_POINT('',#6860);
#2014=VERTEX_POINT('',#6862);
#2015=VERTEX_POINT('',#6866);
#2016=VERTEX_POINT('',#6868);
#2017=VERTEX_POINT('',#6872);
#2018=VERTEX_POINT('',#6874);
#2019=VERTEX_POINT('',#6878);
#2020=VERTEX_POINT('',#6880);
#2021=VERTEX_POINT('',#6884);
#2022=VERTEX_POINT('',#6886);
#2023=VERTEX_POINT('',#6890);
#2024=VERTEX_POINT('',#6892);
#2025=VERTEX_POINT('',#6896);
#2026=VERTEX_POINT('',#6898);
#2027=VERTEX_POINT('',#6902);
#2028=VERTEX_POINT('',#6904);
#2029=VERTEX_POINT('',#6908);
#2030=VERTEX_POINT('',#6910);
#2031=VERTEX_POINT('',#6917);
#2032=VERTEX_POINT('',#6918);
#2033=VERTEX_POINT('',#6920);
#2034=VERTEX_POINT('',#6922);
#2035=VERTEX_POINT('',#6926);
#2036=VERTEX_POINT('',#6928);
#2037=VERTEX_POINT('',#6932);
#2038=VERTEX_POINT('',#6934);
#2039=VERTEX_POINT('',#6938);
#2040=VERTEX_POINT('',#6940);
#2041=VERTEX_POINT('',#6944);
#2042=VERTEX_POINT('',#6946);
#2043=VERTEX_POINT('',#6950);
#2044=VERTEX_POINT('',#6952);
#2045=VERTEX_POINT('',#6956);
#2046=VERTEX_POINT('',#6958);
#2047=VERTEX_POINT('',#6962);
#2048=VERTEX_POINT('',#6964);
#2049=VERTEX_POINT('',#6968);
#2050=VERTEX_POINT('',#6970);
#2051=VERTEX_POINT('',#6974);
#2052=VERTEX_POINT('',#6976);
#2053=VERTEX_POINT('',#6980);
#2054=VERTEX_POINT('',#6982);
#2055=VERTEX_POINT('',#6986);
#2056=VERTEX_POINT('',#6988);
#2057=VERTEX_POINT('',#6992);
#2058=VERTEX_POINT('',#6994);
#2059=VERTEX_POINT('',#7001);
#2060=VERTEX_POINT('',#7002);
#2061=VERTEX_POINT('',#7004);
#2062=VERTEX_POINT('',#7006);
#2063=VERTEX_POINT('',#7010);
#2064=VERTEX_POINT('',#7012);
#2065=VERTEX_POINT('',#7016);
#2066=VERTEX_POINT('',#7018);
#2067=VERTEX_POINT('',#7022);
#2068=VERTEX_POINT('',#7024);
#2069=VERTEX_POINT('',#7028);
#2070=VERTEX_POINT('',#7030);
#2071=VERTEX_POINT('',#7037);
#2072=VERTEX_POINT('',#7038);
#2073=VERTEX_POINT('',#7040);
#2074=VERTEX_POINT('',#7042);
#2075=VERTEX_POINT('',#7046);
#2076=VERTEX_POINT('',#7048);
#2077=VERTEX_POINT('',#7052);
#2078=VERTEX_POINT('',#7054);
#2079=VERTEX_POINT('',#7058);
#2080=VERTEX_POINT('',#7060);
#2081=VERTEX_POINT('',#7064);
#2082=VERTEX_POINT('',#7066);
#2083=VERTEX_POINT('',#7070);
#2084=VERTEX_POINT('',#7072);
#2085=VERTEX_POINT('',#7076);
#2086=VERTEX_POINT('',#7078);
#2087=VERTEX_POINT('',#7082);
#2088=VERTEX_POINT('',#7084);
#2089=VERTEX_POINT('',#7088);
#2090=VERTEX_POINT('',#7090);
#2091=VERTEX_POINT('',#7097);
#2092=VERTEX_POINT('',#7098);
#2093=VERTEX_POINT('',#7100);
#2094=VERTEX_POINT('',#7102);
#2095=VERTEX_POINT('',#7106);
#2096=VERTEX_POINT('',#7108);
#2097=VERTEX_POINT('',#7112);
#2098=VERTEX_POINT('',#7114);
#2099=VERTEX_POINT('',#7121);
#2100=VERTEX_POINT('',#7122);
#2101=VERTEX_POINT('',#7124);
#2102=VERTEX_POINT('',#7126);
#2103=VERTEX_POINT('',#7130);
#2104=VERTEX_POINT('',#7132);
#2105=VERTEX_POINT('',#7136);
#2106=VERTEX_POINT('',#7138);
#2107=VERTEX_POINT('',#7142);
#2108=VERTEX_POINT('',#7144);
#2109=VERTEX_POINT('',#7148);
#2110=VERTEX_POINT('',#7150);
#2111=VERTEX_POINT('',#7154);
#2112=VERTEX_POINT('',#7156);
#2113=VERTEX_POINT('',#7160);
#2114=VERTEX_POINT('',#7162);
#2115=VERTEX_POINT('',#7169);
#2116=VERTEX_POINT('',#7170);
#2117=VERTEX_POINT('',#7172);
#2118=VERTEX_POINT('',#7174);
#2119=VERTEX_POINT('',#7178);
#2120=VERTEX_POINT('',#7180);
#2121=VERTEX_POINT('',#7184);
#2122=VERTEX_POINT('',#7186);
#2123=VERTEX_POINT('',#7190);
#2124=VERTEX_POINT('',#7192);
#2125=VERTEX_POINT('',#7196);
#2126=VERTEX_POINT('',#7198);
#2127=VERTEX_POINT('',#7202);
#2128=VERTEX_POINT('',#7204);
#2129=VERTEX_POINT('',#7211);
#2130=VERTEX_POINT('',#7212);
#2131=VERTEX_POINT('',#7214);
#2132=VERTEX_POINT('',#7216);
#2133=VERTEX_POINT('',#7220);
#2134=VERTEX_POINT('',#7222);
#2135=VERTEX_POINT('',#7226);
#2136=VERTEX_POINT('',#7228);
#2137=VERTEX_POINT('',#7232);
#2138=VERTEX_POINT('',#7234);
#2139=VERTEX_POINT('',#7238);
#2140=VERTEX_POINT('',#7240);
#2141=VERTEX_POINT('',#7247);
#2142=VERTEX_POINT('',#7248);
#2143=VERTEX_POINT('',#7250);
#2144=VERTEX_POINT('',#7252);
#2145=VERTEX_POINT('',#7256);
#2146=VERTEX_POINT('',#7258);
#2147=VERTEX_POINT('',#7262);
#2148=VERTEX_POINT('',#7264);
#2149=VERTEX_POINT('',#7268);
#2150=VERTEX_POINT('',#7270);
#2151=VERTEX_POINT('',#7274);
#2152=VERTEX_POINT('',#7276);
#2153=VERTEX_POINT('',#7283);
#2154=VERTEX_POINT('',#7284);
#2155=VERTEX_POINT('',#7286);
#2156=VERTEX_POINT('',#7288);
#2157=VERTEX_POINT('',#7292);
#2158=VERTEX_POINT('',#7294);
#2159=VERTEX_POINT('',#7298);
#2160=VERTEX_POINT('',#7300);
#2161=VERTEX_POINT('',#7304);
#2162=VERTEX_POINT('',#7306);
#2163=VERTEX_POINT('',#7313);
#2164=VERTEX_POINT('',#7314);
#2165=VERTEX_POINT('',#7316);
#2166=VERTEX_POINT('',#7318);
#2167=VERTEX_POINT('',#7322);
#2168=VERTEX_POINT('',#7324);
#2169=VERTEX_POINT('',#7328);
#2170=VERTEX_POINT('',#7330);
#2171=VERTEX_POINT('',#7334);
#2172=VERTEX_POINT('',#7336);
#2173=VERTEX_POINT('',#7340);
#2174=VERTEX_POINT('',#7342);
#2175=VERTEX_POINT('',#7346);
#2176=VERTEX_POINT('',#7348);
#2177=VERTEX_POINT('',#7352);
#2178=VERTEX_POINT('',#7354);
#2179=VERTEX_POINT('',#7361);
#2180=VERTEX_POINT('',#7362);
#2181=VERTEX_POINT('',#7364);
#2182=VERTEX_POINT('',#7366);
#2183=VERTEX_POINT('',#7370);
#2184=VERTEX_POINT('',#7372);
#2185=VERTEX_POINT('',#7376);
#2186=VERTEX_POINT('',#7378);
#2187=VERTEX_POINT('',#7385);
#2188=VERTEX_POINT('',#7386);
#2189=VERTEX_POINT('',#7388);
#2190=VERTEX_POINT('',#7390);
#2191=VERTEX_POINT('',#7394);
#2192=VERTEX_POINT('',#7396);
#2193=VERTEX_POINT('',#7400);
#2194=VERTEX_POINT('',#7402);
#2195=VERTEX_POINT('',#7406);
#2196=VERTEX_POINT('',#7408);
#2197=VERTEX_POINT('',#7412);
#2198=VERTEX_POINT('',#7414);
#2199=VERTEX_POINT('',#7421);
#2200=VERTEX_POINT('',#7422);
#2201=VERTEX_POINT('',#7424);
#2202=VERTEX_POINT('',#7426);
#2203=VERTEX_POINT('',#7430);
#2204=VERTEX_POINT('',#7432);
#2205=VERTEX_POINT('',#7436);
#2206=VERTEX_POINT('',#7438);
#2207=VERTEX_POINT('',#7442);
#2208=VERTEX_POINT('',#7444);
#2209=VERTEX_POINT('',#7448);
#2210=VERTEX_POINT('',#7450);
#2211=VERTEX_POINT('',#7454);
#2212=VERTEX_POINT('',#7456);
#2213=VERTEX_POINT('',#7460);
#2214=VERTEX_POINT('',#7462);
#2215=VERTEX_POINT('',#7469);
#2216=VERTEX_POINT('',#7470);
#2217=VERTEX_POINT('',#7472);
#2218=VERTEX_POINT('',#7474);
#2219=VERTEX_POINT('',#7478);
#2220=VERTEX_POINT('',#7480);
#2221=VERTEX_POINT('',#7484);
#2222=VERTEX_POINT('',#7486);
#2223=VERTEX_POINT('',#7493);
#2224=VERTEX_POINT('',#7494);
#2225=VERTEX_POINT('',#7496);
#2226=VERTEX_POINT('',#7498);
#2227=VERTEX_POINT('',#7502);
#2228=VERTEX_POINT('',#7504);
#2229=VERTEX_POINT('',#7508);
#2230=VERTEX_POINT('',#7510);
#2231=VERTEX_POINT('',#7514);
#2232=VERTEX_POINT('',#7516);
#2233=VERTEX_POINT('',#7520);
#2234=VERTEX_POINT('',#7522);
#2235=VERTEX_POINT('',#7526);
#2236=VERTEX_POINT('',#7528);
#2237=VERTEX_POINT('',#7535);
#2238=VERTEX_POINT('',#7536);
#2239=VERTEX_POINT('',#7538);
#2240=VERTEX_POINT('',#7540);
#2241=VERTEX_POINT('',#7544);
#2242=VERTEX_POINT('',#7546);
#2243=VERTEX_POINT('',#7550);
#2244=VERTEX_POINT('',#7552);
#2245=VERTEX_POINT('',#7556);
#2246=VERTEX_POINT('',#7558);
#2247=VERTEX_POINT('',#7562);
#2248=VERTEX_POINT('',#7564);
#2249=VERTEX_POINT('',#7568);
#2250=VERTEX_POINT('',#7570);
#2251=VERTEX_POINT('',#7574);
#2252=VERTEX_POINT('',#7576);
#2253=VERTEX_POINT('',#7580);
#2254=VERTEX_POINT('',#7582);
#2255=VERTEX_POINT('',#7586);
#2256=VERTEX_POINT('',#7588);
#2257=VERTEX_POINT('',#7595);
#2258=VERTEX_POINT('',#7596);
#2259=VERTEX_POINT('',#7598);
#2260=VERTEX_POINT('',#7600);
#2261=VERTEX_POINT('',#7604);
#2262=VERTEX_POINT('',#7606);
#2263=VERTEX_POINT('',#7610);
#2264=VERTEX_POINT('',#7612);
#2265=VERTEX_POINT('',#7616);
#2266=VERTEX_POINT('',#7618);
#2267=VERTEX_POINT('',#7622);
#2268=VERTEX_POINT('',#7624);
#2269=VERTEX_POINT('',#7628);
#2270=VERTEX_POINT('',#7630);
#2271=VERTEX_POINT('',#7634);
#2272=VERTEX_POINT('',#7636);
#2273=VERTEX_POINT('',#7643);
#2274=VERTEX_POINT('',#7644);
#2275=VERTEX_POINT('',#7646);
#2276=VERTEX_POINT('',#7648);
#2277=VERTEX_POINT('',#7652);
#2278=VERTEX_POINT('',#7654);
#2279=VERTEX_POINT('',#7658);
#2280=VERTEX_POINT('',#7660);
#2281=VERTEX_POINT('',#7664);
#2282=VERTEX_POINT('',#7666);
#2283=VERTEX_POINT('',#7673);
#2284=VERTEX_POINT('',#7674);
#2285=VERTEX_POINT('',#7676);
#2286=VERTEX_POINT('',#7678);
#2287=VERTEX_POINT('',#7682);
#2288=VERTEX_POINT('',#7684);
#2289=VERTEX_POINT('',#7688);
#2290=VERTEX_POINT('',#7690);
#2291=VERTEX_POINT('',#7694);
#2292=VERTEX_POINT('',#7696);
#2293=VERTEX_POINT('',#7700);
#2294=VERTEX_POINT('',#7702);
#2295=VERTEX_POINT('',#7709);
#2296=VERTEX_POINT('',#7710);
#2297=VERTEX_POINT('',#7712);
#2298=VERTEX_POINT('',#7714);
#2299=VERTEX_POINT('',#7718);
#2300=VERTEX_POINT('',#7720);
#2301=VERTEX_POINT('',#7724);
#2302=VERTEX_POINT('',#7726);
#2303=VERTEX_POINT('',#7730);
#2304=VERTEX_POINT('',#7732);
#2305=VERTEX_POINT('',#7736);
#2306=VERTEX_POINT('',#7738);
#2307=VERTEX_POINT('',#7742);
#2308=VERTEX_POINT('',#7744);
#2309=VERTEX_POINT('',#7748);
#2310=VERTEX_POINT('',#7750);
#2311=VERTEX_POINT('',#7757);
#2312=VERTEX_POINT('',#7758);
#2313=VERTEX_POINT('',#7760);
#2314=VERTEX_POINT('',#7762);
#2315=VERTEX_POINT('',#7766);
#2316=VERTEX_POINT('',#7768);
#2317=VERTEX_POINT('',#7772);
#2318=VERTEX_POINT('',#7774);
#2319=VERTEX_POINT('',#7778);
#2320=VERTEX_POINT('',#7780);
#2321=VERTEX_POINT('',#7784);
#2322=VERTEX_POINT('',#7786);
#2323=VERTEX_POINT('',#7793);
#2324=VERTEX_POINT('',#7794);
#2325=VERTEX_POINT('',#7796);
#2326=VERTEX_POINT('',#7798);
#2327=VERTEX_POINT('',#7802);
#2328=VERTEX_POINT('',#7804);
#2329=VERTEX_POINT('',#7808);
#2330=VERTEX_POINT('',#7810);
#2331=VERTEX_POINT('',#7814);
#2332=VERTEX_POINT('',#7816);
#2333=VERTEX_POINT('',#7820);
#2334=VERTEX_POINT('',#7822);
#2335=VERTEX_POINT('',#7826);
#2336=VERTEX_POINT('',#7828);
#2337=VERTEX_POINT('',#7832);
#2338=VERTEX_POINT('',#7834);
#2339=VERTEX_POINT('',#7838);
#2340=VERTEX_POINT('',#7840);
#2341=VERTEX_POINT('',#7844);
#2342=VERTEX_POINT('',#7846);
#2343=VERTEX_POINT('',#7853);
#2344=VERTEX_POINT('',#7854);
#2345=VERTEX_POINT('',#7856);
#2346=VERTEX_POINT('',#7858);
#2347=VERTEX_POINT('',#7862);
#2348=VERTEX_POINT('',#7864);
#2349=VERTEX_POINT('',#7868);
#2350=VERTEX_POINT('',#7870);
#2351=VERTEX_POINT('',#7874);
#2352=VERTEX_POINT('',#7876);
#2353=VERTEX_POINT('',#7880);
#2354=VERTEX_POINT('',#7882);
#2355=VERTEX_POINT('',#7889);
#2356=VERTEX_POINT('',#7890);
#2357=VERTEX_POINT('',#7892);
#2358=VERTEX_POINT('',#7894);
#2359=VERTEX_POINT('',#7898);
#2360=VERTEX_POINT('',#7900);
#2361=VERTEX_POINT('',#7904);
#2362=VERTEX_POINT('',#7906);
#2363=VERTEX_POINT('',#7910);
#2364=VERTEX_POINT('',#7912);
#2365=VERTEX_POINT('',#7916);
#2366=VERTEX_POINT('',#7918);
#2367=VERTEX_POINT('',#7922);
#2368=VERTEX_POINT('',#7924);
#2369=VERTEX_POINT('',#7928);
#2370=VERTEX_POINT('',#7930);
#2371=VERTEX_POINT('',#7934);
#2372=VERTEX_POINT('',#7936);
#2373=VERTEX_POINT('',#7940);
#2374=VERTEX_POINT('',#7942);
#2375=VERTEX_POINT('',#7949);
#2376=VERTEX_POINT('',#7950);
#2377=VERTEX_POINT('',#7952);
#2378=VERTEX_POINT('',#7954);
#2379=VERTEX_POINT('',#7958);
#2380=VERTEX_POINT('',#7960);
#2381=VERTEX_POINT('',#7964);
#2382=VERTEX_POINT('',#7966);
#2383=VERTEX_POINT('',#7970);
#2384=VERTEX_POINT('',#7972);
#2385=VERTEX_POINT('',#7976);
#2386=VERTEX_POINT('',#7978);
#2387=VERTEX_POINT('',#7982);
#2388=VERTEX_POINT('',#7984);
#2389=VERTEX_POINT('',#7988);
#2390=VERTEX_POINT('',#7990);
#2391=VERTEX_POINT('',#7994);
#2392=VERTEX_POINT('',#7996);
#2393=VERTEX_POINT('',#8000);
#2394=VERTEX_POINT('',#8002);
#2395=VERTEX_POINT('',#8009);
#2396=VERTEX_POINT('',#8010);
#2397=VERTEX_POINT('',#8012);
#2398=VERTEX_POINT('',#8014);
#2399=VERTEX_POINT('',#8018);
#2400=VERTEX_POINT('',#8019);
#2401=VERTEX_POINT('',#8021);
#2402=VERTEX_POINT('',#8023);
#2403=VERTEX_POINT('',#8030);
#2404=VERTEX_POINT('',#8032);
#2405=VERTEX_POINT('',#8034);
#2406=VERTEX_POINT('',#8036);
#2407=VERTEX_POINT('',#8038);
#2408=VERTEX_POINT('',#8040);
#2409=VERTEX_POINT('',#8042);
#2410=VERTEX_POINT('',#8044);
#2411=VERTEX_POINT('',#8047);
#2412=VERTEX_POINT('',#8049);
#2413=VERTEX_POINT('',#8051);
#2414=VERTEX_POINT('',#8053);
#2415=VERTEX_POINT('',#8055);
#2416=VERTEX_POINT('',#8057);
#2417=VERTEX_POINT('',#8059);
#2418=VERTEX_POINT('',#8061);
#2419=VERTEX_POINT('',#8065);
#2420=VERTEX_POINT('',#8067);
#2421=VERTEX_POINT('',#8071);
#2422=VERTEX_POINT('',#8072);
#2423=VERTEX_POINT('',#8074);
#2424=VERTEX_POINT('',#8076);
#2425=VERTEX_POINT('',#8078);
#2426=VERTEX_POINT('',#8080);
#2427=VERTEX_POINT('',#8082);
#2428=VERTEX_POINT('',#8084);
#2429=VERTEX_POINT('',#8104);
#2430=VERTEX_POINT('',#8105);
#2431=VERTEX_POINT('',#8110);
#2432=VERTEX_POINT('',#8114);
#2433=VERTEX_POINT('',#8118);
#2434=VERTEX_POINT('',#8122);
#2435=VERTEX_POINT('',#8131);
#2436=VERTEX_POINT('',#8133);
#2437=VERTEX_POINT('',#8139);
#2438=VERTEX_POINT('',#8141);
#2439=VERTEX_POINT('',#8147);
#2440=VERTEX_POINT('',#8149);
#2441=VERTEX_POINT('',#8155);
#2442=VERTEX_POINT('',#8157);
#2443=EDGE_CURVE('',#1975,#1976,#1775,.T.);
#2444=EDGE_CURVE('',#1977,#1975,#771,.T.);
#2445=EDGE_CURVE('',#1978,#1977,#1776,.T.);
#2446=EDGE_CURVE('',#1978,#1976,#772,.T.);
#2447=EDGE_CURVE('',#1976,#1979,#773,.T.);
#2448=EDGE_CURVE('',#1980,#1978,#774,.T.);
#2449=EDGE_CURVE('',#1980,#1979,#775,.T.);
#2450=EDGE_CURVE('',#1979,#1981,#776,.T.);
#2451=EDGE_CURVE('',#1982,#1980,#777,.T.);
#2452=EDGE_CURVE('',#1982,#1981,#778,.T.);
#2453=EDGE_CURVE('',#1981,#1975,#779,.T.);
#2454=EDGE_CURVE('',#1977,#1982,#780,.T.);
#2455=EDGE_CURVE('',#1983,#1984,#781,.T.);
#2456=EDGE_CURVE('',#1985,#1983,#782,.T.);
#2457=EDGE_CURVE('',#1986,#1985,#783,.T.);
#2458=EDGE_CURVE('',#1986,#1984,#784,.T.);
#2459=EDGE_CURVE('',#1984,#1987,#1777,.T.);
#2460=EDGE_CURVE('',#1988,#1986,#1778,.T.);
#2461=EDGE_CURVE('',#1988,#1987,#785,.T.);
#2462=EDGE_CURVE('',#1987,#1989,#786,.T.);
#2463=EDGE_CURVE('',#1990,#1988,#787,.T.);
#2464=EDGE_CURVE('',#1990,#1989,#788,.T.);
#2465=EDGE_CURVE('',#1989,#1991,#1779,.T.);
#2466=EDGE_CURVE('',#1992,#1990,#1780,.T.);
#2467=EDGE_CURVE('',#1992,#1991,#789,.T.);
#2468=EDGE_CURVE('',#1991,#1993,#790,.T.);
#2469=EDGE_CURVE('',#1994,#1992,#791,.T.);
#2470=EDGE_CURVE('',#1994,#1993,#792,.T.);
#2471=EDGE_CURVE('',#1993,#1995,#1781,.T.);
#2472=EDGE_CURVE('',#1996,#1994,#1782,.T.);
#2473=EDGE_CURVE('',#1996,#1995,#793,.T.);
#2474=EDGE_CURVE('',#1995,#1997,#794,.T.);
#2475=EDGE_CURVE('',#1998,#1996,#795,.T.);
#2476=EDGE_CURVE('',#1998,#1997,#796,.T.);
#2477=EDGE_CURVE('',#1997,#1983,#1783,.T.);
#2478=EDGE_CURVE('',#1985,#1998,#1784,.T.);
#2479=EDGE_CURVE('',#1999,#2000,#797,.T.);
#2480=EDGE_CURVE('',#2001,#1999,#798,.T.);
#2481=EDGE_CURVE('',#2002,#2001,#799,.T.);
#2482=EDGE_CURVE('',#2002,#2000,#800,.T.);
#2483=EDGE_CURVE('',#2000,#2003,#801,.T.);
#2484=EDGE_CURVE('',#2004,#2002,#802,.T.);
#2485=EDGE_CURVE('',#2004,#2003,#803,.T.);
#2486=EDGE_CURVE('',#2003,#2005,#1785,.T.);
#2487=EDGE_CURVE('',#2006,#2004,#1786,.T.);
#2488=EDGE_CURVE('',#2006,#2005,#804,.T.);
#2489=EDGE_CURVE('',#2005,#2007,#805,.T.);
#2490=EDGE_CURVE('',#2008,#2006,#806,.T.);
#2491=EDGE_CURVE('',#2008,#2007,#807,.T.);
#2492=EDGE_CURVE('',#2007,#2009,#1787,.T.);
#2493=EDGE_CURVE('',#2010,#2008,#1788,.T.);
#2494=EDGE_CURVE('',#2010,#2009,#808,.T.);
#2495=EDGE_CURVE('',#2009,#1999,#809,.T.);
#2496=EDGE_CURVE('',#2001,#2010,#810,.T.);
#2497=EDGE_CURVE('',#2011,#2012,#1789,.T.);
#2498=EDGE_CURVE('',#2013,#2011,#811,.T.);
#2499=EDGE_CURVE('',#2014,#2013,#1790,.T.);
#2500=EDGE_CURVE('',#2014,#2012,#812,.T.);
#2501=EDGE_CURVE('',#2012,#2015,#813,.T.);
#2502=EDGE_CURVE('',#2016,#2014,#814,.T.);
#2503=EDGE_CURVE('',#2016,#2015,#815,.T.);
#2504=EDGE_CURVE('',#2015,#2017,#1791,.T.);
#2505=EDGE_CURVE('',#2018,#2016,#1792,.T.);
#2506=EDGE_CURVE('',#2018,#2017,#816,.T.);
#2507=EDGE_CURVE('',#2017,#2019,#817,.T.);
#2508=EDGE_CURVE('',#2020,#2018,#818,.T.);
#2509=EDGE_CURVE('',#2020,#2019,#819,.T.);
#2510=EDGE_CURVE('',#2019,#2021,#1793,.T.);
#2511=EDGE_CURVE('',#2022,#2020,#1794,.T.);
#2512=EDGE_CURVE('',#2022,#2021,#820,.T.);
#2513=EDGE_CURVE('',#2021,#2023,#821,.T.);
#2514=EDGE_CURVE('',#2024,#2022,#822,.T.);
#2515=EDGE_CURVE('',#2024,#2023,#823,.T.);
#2516=EDGE_CURVE('',#2023,#2025,#1795,.T.);
#2517=EDGE_CURVE('',#2026,#2024,#1796,.T.);
#2518=EDGE_CURVE('',#2026,#2025,#824,.T.);
#2519=EDGE_CURVE('',#2025,#2027,#825,.T.);
#2520=EDGE_CURVE('',#2028,#2026,#826,.T.);
#2521=EDGE_CURVE('',#2028,#2027,#827,.T.);
#2522=EDGE_CURVE('',#2027,#2029,#1797,.T.);
#2523=EDGE_CURVE('',#2030,#2028,#1798,.T.);
#2524=EDGE_CURVE('',#2030,#2029,#828,.T.);
#2525=EDGE_CURVE('',#2029,#2011,#829,.T.);
#2526=EDGE_CURVE('',#2013,#2030,#830,.T.);
#2527=EDGE_CURVE('',#2031,#2032,#831,.T.);
#2528=EDGE_CURVE('',#2033,#2031,#832,.T.);
#2529=EDGE_CURVE('',#2034,#2033,#833,.T.);
#2530=EDGE_CURVE('',#2034,#2032,#834,.T.);
#2531=EDGE_CURVE('',#2032,#2035,#1799,.T.);
#2532=EDGE_CURVE('',#2036,#2034,#1800,.T.);
#2533=EDGE_CURVE('',#2036,#2035,#835,.T.);
#2534=EDGE_CURVE('',#2035,#2037,#836,.T.);
#2535=EDGE_CURVE('',#2038,#2036,#837,.T.);
#2536=EDGE_CURVE('',#2038,#2037,#838,.T.);
#2537=EDGE_CURVE('',#2037,#2039,#839,.T.);
#2538=EDGE_CURVE('',#2040,#2038,#840,.T.);
#2539=EDGE_CURVE('',#2040,#2039,#841,.T.);
#2540=EDGE_CURVE('',#2039,#2041,#1801,.T.);
#2541=EDGE_CURVE('',#2042,#2040,#1802,.T.);
#2542=EDGE_CURVE('',#2042,#2041,#842,.T.);
#2543=EDGE_CURVE('',#2041,#2043,#843,.T.);
#2544=EDGE_CURVE('',#2044,#2042,#844,.T.);
#2545=EDGE_CURVE('',#2044,#2043,#845,.T.);
#2546=EDGE_CURVE('',#2043,#2045,#1803,.T.);
#2547=EDGE_CURVE('',#2046,#2044,#1804,.T.);
#2548=EDGE_CURVE('',#2046,#2045,#846,.T.);
#2549=EDGE_CURVE('',#2045,#2047,#847,.T.);
#2550=EDGE_CURVE('',#2048,#2046,#848,.T.);
#2551=EDGE_CURVE('',#2048,#2047,#849,.T.);
#2552=EDGE_CURVE('',#2047,#2049,#1805,.T.);
#2553=EDGE_CURVE('',#2050,#2048,#1806,.T.);
#2554=EDGE_CURVE('',#2050,#2049,#850,.T.);
#2555=EDGE_CURVE('',#2049,#2051,#851,.T.);
#2556=EDGE_CURVE('',#2052,#2050,#852,.T.);
#2557=EDGE_CURVE('',#2052,#2051,#853,.T.);
#2558=EDGE_CURVE('',#2051,#2053,#854,.T.);
#2559=EDGE_CURVE('',#2054,#2052,#855,.T.);
#2560=EDGE_CURVE('',#2054,#2053,#856,.T.);
#2561=EDGE_CURVE('',#2053,#2055,#1807,.T.);
#2562=EDGE_CURVE('',#2056,#2054,#1808,.T.);
#2563=EDGE_CURVE('',#2056,#2055,#857,.T.);
#2564=EDGE_CURVE('',#2055,#2057,#858,.T.);
#2565=EDGE_CURVE('',#2058,#2056,#859,.T.);
#2566=EDGE_CURVE('',#2058,#2057,#860,.T.);
#2567=EDGE_CURVE('',#2057,#2031,#1809,.T.);
#2568=EDGE_CURVE('',#2033,#2058,#1810,.T.);
#2569=EDGE_CURVE('',#2059,#2060,#1811,.T.);
#2570=EDGE_CURVE('',#2061,#2059,#861,.T.);
#2571=EDGE_CURVE('',#2062,#2061,#1812,.T.);
#2572=EDGE_CURVE('',#2062,#2060,#862,.T.);
#2573=EDGE_CURVE('',#2060,#2063,#863,.T.);
#2574=EDGE_CURVE('',#2064,#2062,#864,.T.);
#2575=EDGE_CURVE('',#2064,#2063,#865,.T.);
#2576=EDGE_CURVE('',#2063,#2065,#1813,.T.);
#2577=EDGE_CURVE('',#2066,#2064,#1814,.T.);
#2578=EDGE_CURVE('',#2066,#2065,#866,.T.);
#2579=EDGE_CURVE('',#2065,#2067,#867,.T.);
#2580=EDGE_CURVE('',#2068,#2066,#868,.T.);
#2581=EDGE_CURVE('',#2068,#2067,#869,.T.);
#2582=EDGE_CURVE('',#2067,#2069,#1815,.T.);
#2583=EDGE_CURVE('',#2070,#2068,#1816,.T.);
#2584=EDGE_CURVE('',#2070,#2069,#870,.T.);
#2585=EDGE_CURVE('',#2069,#2059,#871,.T.);
#2586=EDGE_CURVE('',#2061,#2070,#872,.T.);
#2587=EDGE_CURVE('',#2071,#2072,#1817,.T.);
#2588=EDGE_CURVE('',#2073,#2071,#873,.T.);
#2589=EDGE_CURVE('',#2074,#2073,#1818,.T.);
#2590=EDGE_CURVE('',#2074,#2072,#874,.T.);
#2591=EDGE_CURVE('',#2072,#2075,#875,.T.);
#2592=EDGE_CURVE('',#2076,#2074,#876,.T.);
#2593=EDGE_CURVE('',#2076,#2075,#877,.T.);
#2594=EDGE_CURVE('',#2075,#2077,#1819,.T.);
#2595=EDGE_CURVE('',#2078,#2076,#1820,.T.);
#2596=EDGE_CURVE('',#2078,#2077,#878,.T.);
#2597=EDGE_CURVE('',#2077,#2079,#879,.T.);
#2598=EDGE_CURVE('',#2080,#2078,#880,.T.);
#2599=EDGE_CURVE('',#2080,#2079,#881,.T.);
#2600=EDGE_CURVE('',#2079,#2081,#1821,.T.);
#2601=EDGE_CURVE('',#2082,#2080,#1822,.T.);
#2602=EDGE_CURVE('',#2082,#2081,#882,.T.);
#2603=EDGE_CURVE('',#2081,#2083,#883,.T.);
#2604=EDGE_CURVE('',#2084,#2082,#884,.T.);
#2605=EDGE_CURVE('',#2084,#2083,#885,.T.);
#2606=EDGE_CURVE('',#2083,#2085,#1823,.T.);
#2607=EDGE_CURVE('',#2086,#2084,#1824,.T.);
#2608=EDGE_CURVE('',#2086,#2085,#886,.T.);
#2609=EDGE_CURVE('',#2085,#2087,#887,.T.);
#2610=EDGE_CURVE('',#2088,#2086,#888,.T.);
#2611=EDGE_CURVE('',#2088,#2087,#889,.T.);
#2612=EDGE_CURVE('',#2087,#2089,#1825,.T.);
#2613=EDGE_CURVE('',#2090,#2088,#1826,.T.);
#2614=EDGE_CURVE('',#2090,#2089,#890,.T.);
#2615=EDGE_CURVE('',#2089,#2071,#891,.T.);
#2616=EDGE_CURVE('',#2073,#2090,#892,.T.);
#2617=EDGE_CURVE('',#2091,#2092,#893,.T.);
#2618=EDGE_CURVE('',#2093,#2091,#894,.T.);
#2619=EDGE_CURVE('',#2094,#2093,#895,.T.);
#2620=EDGE_CURVE('',#2094,#2092,#896,.T.);
#2621=EDGE_CURVE('',#2092,#2095,#897,.T.);
#2622=EDGE_CURVE('',#2096,#2094,#898,.T.);
#2623=EDGE_CURVE('',#2096,#2095,#899,.T.);
#2624=EDGE_CURVE('',#2095,#2097,#1827,.T.);
#2625=EDGE_CURVE('',#2098,#2096,#1828,.T.);
#2626=EDGE_CURVE('',#2098,#2097,#900,.T.);
#2627=EDGE_CURVE('',#2097,#2091,#901,.T.);
#2628=EDGE_CURVE('',#2093,#2098,#902,.T.);
#2629=EDGE_CURVE('',#2099,#2100,#1829,.T.);
#2630=EDGE_CURVE('',#2101,#2099,#903,.T.);
#2631=EDGE_CURVE('',#2102,#2101,#1830,.T.);
#2632=EDGE_CURVE('',#2102,#2100,#904,.T.);
#2633=EDGE_CURVE('',#2100,#2103,#905,.T.);
#2634=EDGE_CURVE('',#2104,#2102,#906,.T.);
#2635=EDGE_CURVE('',#2104,#2103,#907,.T.);
#2636=EDGE_CURVE('',#2103,#2105,#908,.T.);
#2637=EDGE_CURVE('',#2106,#2104,#909,.T.);
#2638=EDGE_CURVE('',#2106,#2105,#910,.T.);
#2639=EDGE_CURVE('',#2105,#2107,#911,.T.);
#2640=EDGE_CURVE('',#2108,#2106,#912,.T.);
#2641=EDGE_CURVE('',#2108,#2107,#913,.T.);
#2642=EDGE_CURVE('',#2107,#2109,#1831,.T.);
#2643=EDGE_CURVE('',#2110,#2108,#1832,.T.);
#2644=EDGE_CURVE('',#2110,#2109,#914,.T.);
#2645=EDGE_CURVE('',#2109,#2111,#915,.T.);
#2646=EDGE_CURVE('',#2112,#2110,#916,.T.);
#2647=EDGE_CURVE('',#2112,#2111,#917,.T.);
#2648=EDGE_CURVE('',#2111,#2113,#1833,.T.);
#2649=EDGE_CURVE('',#2114,#2112,#1834,.T.);
#2650=EDGE_CURVE('',#2114,#2113,#918,.T.);
#2651=EDGE_CURVE('',#2113,#2099,#919,.T.);
#2652=EDGE_CURVE('',#2101,#2114,#920,.T.);
#2653=EDGE_CURVE('',#2115,#2116,#921,.T.);
#2654=EDGE_CURVE('',#2117,#2115,#922,.T.);
#2655=EDGE_CURVE('',#2118,#2117,#923,.T.);
#2656=EDGE_CURVE('',#2118,#2116,#924,.T.);
#2657=EDGE_CURVE('',#2116,#2119,#1835,.T.);
#2658=EDGE_CURVE('',#2120,#2118,#1836,.T.);
#2659=EDGE_CURVE('',#2120,#2119,#925,.T.);
#2660=EDGE_CURVE('',#2119,#2121,#926,.T.);
#2661=EDGE_CURVE('',#2122,#2120,#927,.T.);
#2662=EDGE_CURVE('',#2122,#2121,#928,.T.);
#2663=EDGE_CURVE('',#2121,#2123,#929,.T.);
#2664=EDGE_CURVE('',#2124,#2122,#930,.T.);
#2665=EDGE_CURVE('',#2124,#2123,#931,.T.);
#2666=EDGE_CURVE('',#2123,#2125,#932,.T.);
#2667=EDGE_CURVE('',#2126,#2124,#933,.T.);
#2668=EDGE_CURVE('',#2126,#2125,#934,.T.);
#2669=EDGE_CURVE('',#2125,#2127,#1837,.T.);
#2670=EDGE_CURVE('',#2128,#2126,#1838,.T.);
#2671=EDGE_CURVE('',#2128,#2127,#935,.T.);
#2672=EDGE_CURVE('',#2127,#2115,#936,.T.);
#2673=EDGE_CURVE('',#2117,#2128,#937,.T.);
#2674=EDGE_CURVE('',#2129,#2130,#1839,.T.);
#2675=EDGE_CURVE('',#2131,#2129,#938,.T.);
#2676=EDGE_CURVE('',#2132,#2131,#1840,.T.);
#2677=EDGE_CURVE('',#2132,#2130,#939,.T.);
#2678=EDGE_CURVE('',#2130,#2133,#940,.T.);
#2679=EDGE_CURVE('',#2134,#2132,#941,.T.);
#2680=EDGE_CURVE('',#2134,#2133,#942,.T.);
#2681=EDGE_CURVE('',#2133,#2135,#1841,.T.);
#2682=EDGE_CURVE('',#2136,#2134,#1842,.T.);
#2683=EDGE_CURVE('',#2136,#2135,#943,.T.);
#2684=EDGE_CURVE('',#2135,#2137,#944,.T.);
#2685=EDGE_CURVE('',#2138,#2136,#945,.T.);
#2686=EDGE_CURVE('',#2138,#2137,#946,.T.);
#2687=EDGE_CURVE('',#2137,#2139,#1843,.T.);
#2688=EDGE_CURVE('',#2140,#2138,#1844,.T.);
#2689=EDGE_CURVE('',#2140,#2139,#947,.T.);
#2690=EDGE_CURVE('',#2139,#2129,#948,.T.);
#2691=EDGE_CURVE('',#2131,#2140,#949,.T.);
#2692=EDGE_CURVE('',#2141,#2142,#950,.T.);
#2693=EDGE_CURVE('',#2143,#2141,#951,.T.);
#2694=EDGE_CURVE('',#2144,#2143,#952,.T.);
#2695=EDGE_CURVE('',#2144,#2142,#953,.T.);
#2696=EDGE_CURVE('',#2142,#2145,#1845,.T.);
#2697=EDGE_CURVE('',#2146,#2144,#1846,.T.);
#2698=EDGE_CURVE('',#2146,#2145,#954,.T.);
#2699=EDGE_CURVE('',#2145,#2147,#955,.T.);
#2700=EDGE_CURVE('',#2148,#2146,#956,.T.);
#2701=EDGE_CURVE('',#2148,#2147,#957,.T.);
#2702=EDGE_CURVE('',#2147,#2149,#1847,.T.);
#2703=EDGE_CURVE('',#2150,#2148,#1848,.T.);
#2704=EDGE_CURVE('',#2150,#2149,#958,.T.);
#2705=EDGE_CURVE('',#2149,#2151,#959,.T.);
#2706=EDGE_CURVE('',#2152,#2150,#960,.T.);
#2707=EDGE_CURVE('',#2152,#2151,#961,.T.);
#2708=EDGE_CURVE('',#2151,#2141,#1849,.T.);
#2709=EDGE_CURVE('',#2143,#2152,#1850,.T.);
#2710=EDGE_CURVE('',#2153,#2154,#962,.T.);
#2711=EDGE_CURVE('',#2155,#2153,#963,.T.);
#2712=EDGE_CURVE('',#2156,#2155,#964,.T.);
#2713=EDGE_CURVE('',#2156,#2154,#965,.T.);
#2714=EDGE_CURVE('',#2154,#2157,#1851,.T.);
#2715=EDGE_CURVE('',#2158,#2156,#1852,.T.);
#2716=EDGE_CURVE('',#2158,#2157,#966,.T.);
#2717=EDGE_CURVE('',#2157,#2159,#967,.T.);
#2718=EDGE_CURVE('',#2160,#2158,#968,.T.);
#2719=EDGE_CURVE('',#2160,#2159,#969,.T.);
#2720=EDGE_CURVE('',#2159,#2161,#1853,.T.);
#2721=EDGE_CURVE('',#2162,#2160,#1854,.T.);
#2722=EDGE_CURVE('',#2162,#2161,#970,.T.);
#2723=EDGE_CURVE('',#2161,#2153,#971,.T.);
#2724=EDGE_CURVE('',#2155,#2162,#972,.T.);
#2725=EDGE_CURVE('',#2163,#2164,#973,.T.);
#2726=EDGE_CURVE('',#2165,#2163,#974,.T.);
#2727=EDGE_CURVE('',#2166,#2165,#975,.T.);
#2728=EDGE_CURVE('',#2166,#2164,#976,.T.);
#2729=EDGE_CURVE('',#2164,#2167,#977,.T.);
#2730=EDGE_CURVE('',#2168,#2166,#978,.T.);
#2731=EDGE_CURVE('',#2168,#2167,#979,.T.);
#2732=EDGE_CURVE('',#2167,#2169,#980,.T.);
#2733=EDGE_CURVE('',#2170,#2168,#981,.T.);
#2734=EDGE_CURVE('',#2170,#2169,#982,.T.);
#2735=EDGE_CURVE('',#2169,#2171,#1855,.T.);
#2736=EDGE_CURVE('',#2172,#2170,#1856,.T.);
#2737=EDGE_CURVE('',#2172,#2171,#983,.T.);
#2738=EDGE_CURVE('',#2171,#2173,#984,.T.);
#2739=EDGE_CURVE('',#2174,#2172,#985,.T.);
#2740=EDGE_CURVE('',#2174,#2173,#986,.T.);
#2741=EDGE_CURVE('',#2173,#2175,#1857,.T.);
#2742=EDGE_CURVE('',#2176,#2174,#1858,.T.);
#2743=EDGE_CURVE('',#2176,#2175,#987,.T.);
#2744=EDGE_CURVE('',#2175,#2177,#988,.T.);
#2745=EDGE_CURVE('',#2178,#2176,#989,.T.);
#2746=EDGE_CURVE('',#2178,#2177,#990,.T.);
#2747=EDGE_CURVE('',#2177,#2163,#1859,.T.);
#2748=EDGE_CURVE('',#2165,#2178,#1860,.T.);
#2749=EDGE_CURVE('',#2179,#2180,#1861,.T.);
#2750=EDGE_CURVE('',#2181,#2179,#991,.T.);
#2751=EDGE_CURVE('',#2182,#2181,#1862,.T.);
#2752=EDGE_CURVE('',#2182,#2180,#992,.T.);
#2753=EDGE_CURVE('',#2180,#2183,#993,.T.);
#2754=EDGE_CURVE('',#2184,#2182,#994,.T.);
#2755=EDGE_CURVE('',#2184,#2183,#995,.T.);
#2756=EDGE_CURVE('',#2183,#2185,#996,.T.);
#2757=EDGE_CURVE('',#2186,#2184,#997,.T.);
#2758=EDGE_CURVE('',#2186,#2185,#998,.T.);
#2759=EDGE_CURVE('',#2185,#2179,#999,.T.);
#2760=EDGE_CURVE('',#2181,#2186,#1000,.T.);
#2761=EDGE_CURVE('',#2187,#2188,#1863,.T.);
#2762=EDGE_CURVE('',#2189,#2187,#1001,.T.);
#2763=EDGE_CURVE('',#2190,#2189,#1864,.T.);
#2764=EDGE_CURVE('',#2190,#2188,#1002,.T.);
#2765=EDGE_CURVE('',#2188,#2191,#1003,.T.);
#2766=EDGE_CURVE('',#2192,#2190,#1004,.T.);
#2767=EDGE_CURVE('',#2192,#2191,#1005,.T.);
#2768=EDGE_CURVE('',#2191,#2193,#1865,.T.);
#2769=EDGE_CURVE('',#2194,#2192,#1866,.T.);
#2770=EDGE_CURVE('',#2194,#2193,#1006,.T.);
#2771=EDGE_CURVE('',#2193,#2195,#1007,.T.);
#2772=EDGE_CURVE('',#2196,#2194,#1008,.T.);
#2773=EDGE_CURVE('',#2196,#2195,#1009,.T.);
#2774=EDGE_CURVE('',#2195,#2197,#1867,.T.);
#2775=EDGE_CURVE('',#2198,#2196,#1868,.T.);
#2776=EDGE_CURVE('',#2198,#2197,#1010,.T.);
#2777=EDGE_CURVE('',#2197,#2187,#1011,.T.);
#2778=EDGE_CURVE('',#2189,#2198,#1012,.T.);
#2779=EDGE_CURVE('',#2199,#2200,#1013,.T.);
#2780=EDGE_CURVE('',#2201,#2199,#1014,.T.);
#2781=EDGE_CURVE('',#2202,#2201,#1015,.T.);
#2782=EDGE_CURVE('',#2202,#2200,#1016,.T.);
#2783=EDGE_CURVE('',#2200,#2203,#1017,.T.);
#2784=EDGE_CURVE('',#2204,#2202,#1018,.T.);
#2785=EDGE_CURVE('',#2204,#2203,#1019,.T.);
#2786=EDGE_CURVE('',#2203,#2205,#1020,.T.);
#2787=EDGE_CURVE('',#2206,#2204,#1021,.T.);
#2788=EDGE_CURVE('',#2206,#2205,#1022,.T.);
#2789=EDGE_CURVE('',#2205,#2207,#1869,.T.);
#2790=EDGE_CURVE('',#2208,#2206,#1870,.T.);
#2791=EDGE_CURVE('',#2208,#2207,#1023,.T.);
#2792=EDGE_CURVE('',#2207,#2209,#1024,.T.);
#2793=EDGE_CURVE('',#2210,#2208,#1025,.T.);
#2794=EDGE_CURVE('',#2210,#2209,#1026,.T.);
#2795=EDGE_CURVE('',#2209,#2211,#1871,.T.);
#2796=EDGE_CURVE('',#2212,#2210,#1872,.T.);
#2797=EDGE_CURVE('',#2212,#2211,#1027,.T.);
#2798=EDGE_CURVE('',#2211,#2213,#1028,.T.);
#2799=EDGE_CURVE('',#2214,#2212,#1029,.T.);
#2800=EDGE_CURVE('',#2214,#2213,#1030,.T.);
#2801=EDGE_CURVE('',#2213,#2199,#1873,.T.);
#2802=EDGE_CURVE('',#2201,#2214,#1874,.T.);
#2803=EDGE_CURVE('',#2215,#2216,#1031,.T.);
#2804=EDGE_CURVE('',#2217,#2215,#1032,.T.);
#2805=EDGE_CURVE('',#2218,#2217,#1033,.T.);
#2806=EDGE_CURVE('',#2218,#2216,#1034,.T.);
#2807=EDGE_CURVE('',#2216,#2219,#1035,.T.);
#2808=EDGE_CURVE('',#2220,#2218,#1036,.T.);
#2809=EDGE_CURVE('',#2220,#2219,#1037,.T.);
#2810=EDGE_CURVE('',#2219,#2221,#1875,.T.);
#2811=EDGE_CURVE('',#2222,#2220,#1876,.T.);
#2812=EDGE_CURVE('',#2222,#2221,#1038,.T.);
#2813=EDGE_CURVE('',#2221,#2215,#1039,.T.);
#2814=EDGE_CURVE('',#2217,#2222,#1040,.T.);
#2815=EDGE_CURVE('',#2223,#2224,#1041,.T.);
#2816=EDGE_CURVE('',#2225,#2223,#1042,.T.);
#2817=EDGE_CURVE('',#2226,#2225,#1043,.T.);
#2818=EDGE_CURVE('',#2226,#2224,#1044,.T.);
#2819=EDGE_CURVE('',#2224,#2227,#1045,.T.);
#2820=EDGE_CURVE('',#2228,#2226,#1046,.T.);
#2821=EDGE_CURVE('',#2228,#2227,#1047,.T.);
#2822=EDGE_CURVE('',#2227,#2229,#1877,.T.);
#2823=EDGE_CURVE('',#2230,#2228,#1878,.T.);
#2824=EDGE_CURVE('',#2230,#2229,#1048,.T.);
#2825=EDGE_CURVE('',#2229,#2231,#1049,.T.);
#2826=EDGE_CURVE('',#2232,#2230,#1050,.T.);
#2827=EDGE_CURVE('',#2232,#2231,#1051,.T.);
#2828=EDGE_CURVE('',#2231,#2233,#1052,.T.);
#2829=EDGE_CURVE('',#2234,#2232,#1053,.T.);
#2830=EDGE_CURVE('',#2234,#2233,#1054,.T.);
#2831=EDGE_CURVE('',#2233,#2235,#1879,.T.);
#2832=EDGE_CURVE('',#2236,#2234,#1880,.T.);
#2833=EDGE_CURVE('',#2236,#2235,#1055,.T.);
#2834=EDGE_CURVE('',#2235,#2223,#1056,.T.);
#2835=EDGE_CURVE('',#2225,#2236,#1057,.T.);
#2836=EDGE_CURVE('',#2237,#2238,#1881,.T.);
#2837=EDGE_CURVE('',#2239,#2237,#1058,.T.);
#2838=EDGE_CURVE('',#2240,#2239,#1882,.T.);
#2839=EDGE_CURVE('',#2240,#2238,#1059,.T.);
#2840=EDGE_CURVE('',#2238,#2241,#1060,.T.);
#2841=EDGE_CURVE('',#2242,#2240,#1061,.T.);
#2842=EDGE_CURVE('',#2242,#2241,#1062,.T.);
#2843=EDGE_CURVE('',#2241,#2243,#1883,.T.);
#2844=EDGE_CURVE('',#2244,#2242,#1884,.T.);
#2845=EDGE_CURVE('',#2244,#2243,#1063,.T.);
#2846=EDGE_CURVE('',#2243,#2245,#1064,.T.);
#2847=EDGE_CURVE('',#2246,#2244,#1065,.T.);
#2848=EDGE_CURVE('',#2246,#2245,#1066,.T.);
#2849=EDGE_CURVE('',#2245,#2247,#1885,.T.);
#2850=EDGE_CURVE('',#2248,#2246,#1886,.T.);
#2851=EDGE_CURVE('',#2248,#2247,#1067,.T.);
#2852=EDGE_CURVE('',#2247,#2249,#1068,.T.);
#2853=EDGE_CURVE('',#2250,#2248,#1069,.T.);
#2854=EDGE_CURVE('',#2250,#2249,#1070,.T.);
#2855=EDGE_CURVE('',#2249,#2251,#1887,.T.);
#2856=EDGE_CURVE('',#2252,#2250,#1888,.T.);
#2857=EDGE_CURVE('',#2252,#2251,#1071,.T.);
#2858=EDGE_CURVE('',#2251,#2253,#1072,.T.);
#2859=EDGE_CURVE('',#2254,#2252,#1073,.T.);
#2860=EDGE_CURVE('',#2254,#2253,#1074,.T.);
#2861=EDGE_CURVE('',#2253,#2255,#1889,.T.);
#2862=EDGE_CURVE('',#2256,#2254,#1890,.T.);
#2863=EDGE_CURVE('',#2256,#2255,#1075,.T.);
#2864=EDGE_CURVE('',#2255,#2237,#1076,.T.);
#2865=EDGE_CURVE('',#2239,#2256,#1077,.T.);
#2866=EDGE_CURVE('',#2257,#2258,#1078,.T.);
#2867=EDGE_CURVE('',#2259,#2257,#1079,.T.);
#2868=EDGE_CURVE('',#2260,#2259,#1080,.T.);
#2869=EDGE_CURVE('',#2260,#2258,#1081,.T.);
#2870=EDGE_CURVE('',#2258,#2261,#1891,.T.);
#2871=EDGE_CURVE('',#2262,#2260,#1892,.T.);
#2872=EDGE_CURVE('',#2262,#2261,#1082,.T.);
#2873=EDGE_CURVE('',#2261,#2263,#1083,.T.);
#2874=EDGE_CURVE('',#2264,#2262,#1084,.T.);
#2875=EDGE_CURVE('',#2264,#2263,#1085,.T.);
#2876=EDGE_CURVE('',#2263,#2265,#1893,.T.);
#2877=EDGE_CURVE('',#2266,#2264,#1894,.T.);
#2878=EDGE_CURVE('',#2266,#2265,#1086,.T.);
#2879=EDGE_CURVE('',#2265,#2267,#1087,.T.);
#2880=EDGE_CURVE('',#2268,#2266,#1088,.T.);
#2881=EDGE_CURVE('',#2268,#2267,#1089,.T.);
#2882=EDGE_CURVE('',#2267,#2269,#1895,.T.);
#2883=EDGE_CURVE('',#2270,#2268,#1896,.T.);
#2884=EDGE_CURVE('',#2270,#2269,#1090,.T.);
#2885=EDGE_CURVE('',#2269,#2271,#1091,.T.);
#2886=EDGE_CURVE('',#2272,#2270,#1092,.T.);
#2887=EDGE_CURVE('',#2272,#2271,#1093,.T.);
#2888=EDGE_CURVE('',#2271,#2257,#1897,.T.);
#2889=EDGE_CURVE('',#2259,#2272,#1898,.T.);
#2890=EDGE_CURVE('',#2273,#2274,#1094,.T.);
#2891=EDGE_CURVE('',#2275,#2273,#1095,.T.);
#2892=EDGE_CURVE('',#2276,#2275,#1096,.T.);
#2893=EDGE_CURVE('',#2276,#2274,#1097,.T.);
#2894=EDGE_CURVE('',#2274,#2277,#1098,.T.);
#2895=EDGE_CURVE('',#2278,#2276,#1099,.T.);
#2896=EDGE_CURVE('',#2278,#2277,#1100,.T.);
#2897=EDGE_CURVE('',#2277,#2279,#1899,.T.);
#2898=EDGE_CURVE('',#2280,#2278,#1900,.T.);
#2899=EDGE_CURVE('',#2280,#2279,#1101,.T.);
#2900=EDGE_CURVE('',#2279,#2281,#1102,.T.);
#2901=EDGE_CURVE('',#2282,#2280,#1103,.T.);
#2902=EDGE_CURVE('',#2282,#2281,#1104,.T.);
#2903=EDGE_CURVE('',#2281,#2273,#1901,.T.);
#2904=EDGE_CURVE('',#2275,#2282,#1902,.T.);
#2905=EDGE_CURVE('',#2283,#2284,#1903,.T.);
#2906=EDGE_CURVE('',#2285,#2283,#1105,.T.);
#2907=EDGE_CURVE('',#2286,#2285,#1904,.T.);
#2908=EDGE_CURVE('',#2286,#2284,#1106,.T.);
#2909=EDGE_CURVE('',#2284,#2287,#1107,.T.);
#2910=EDGE_CURVE('',#2288,#2286,#1108,.T.);
#2911=EDGE_CURVE('',#2288,#2287,#1109,.T.);
#2912=EDGE_CURVE('',#2287,#2289,#1110,.T.);
#2913=EDGE_CURVE('',#2290,#2288,#1111,.T.);
#2914=EDGE_CURVE('',#2290,#2289,#1112,.T.);
#2915=EDGE_CURVE('',#2289,#2291,#1905,.T.);
#2916=EDGE_CURVE('',#2292,#2290,#1906,.T.);
#2917=EDGE_CURVE('',#2292,#2291,#1113,.T.);
#2918=EDGE_CURVE('',#2291,#2293,#1114,.T.);
#2919=EDGE_CURVE('',#2294,#2292,#1115,.T.);
#2920=EDGE_CURVE('',#2294,#2293,#1116,.T.);
#2921=EDGE_CURVE('',#2293,#2283,#1117,.T.);
#2922=EDGE_CURVE('',#2285,#2294,#1118,.T.);
#2923=EDGE_CURVE('',#2295,#2296,#1119,.T.);
#2924=EDGE_CURVE('',#2297,#2295,#1120,.T.);
#2925=EDGE_CURVE('',#2298,#2297,#1121,.T.);
#2926=EDGE_CURVE('',#2298,#2296,#1122,.T.);
#2927=EDGE_CURVE('',#2296,#2299,#1907,.T.);
#2928=EDGE_CURVE('',#2300,#2298,#1908,.T.);
#2929=EDGE_CURVE('',#2300,#2299,#1123,.T.);
#2930=EDGE_CURVE('',#2299,#2301,#1124,.T.);
#2931=EDGE_CURVE('',#2302,#2300,#1125,.T.);
#2932=EDGE_CURVE('',#2302,#2301,#1126,.T.);
#2933=EDGE_CURVE('',#2301,#2303,#1909,.T.);
#2934=EDGE_CURVE('',#2304,#2302,#1910,.T.);
#2935=EDGE_CURVE('',#2304,#2303,#1127,.T.);
#2936=EDGE_CURVE('',#2303,#2305,#1128,.T.);
#2937=EDGE_CURVE('',#2306,#2304,#1129,.T.);
#2938=EDGE_CURVE('',#2306,#2305,#1130,.T.);
#2939=EDGE_CURVE('',#2305,#2307,#1911,.T.);
#2940=EDGE_CURVE('',#2308,#2306,#1912,.T.);
#2941=EDGE_CURVE('',#2308,#2307,#1131,.T.);
#2942=EDGE_CURVE('',#2307,#2309,#1132,.T.);
#2943=EDGE_CURVE('',#2310,#2308,#1133,.T.);
#2944=EDGE_CURVE('',#2310,#2309,#1134,.T.);
#2945=EDGE_CURVE('',#2309,#2295,#1135,.T.);
#2946=EDGE_CURVE('',#2297,#2310,#1136,.T.);
#2947=EDGE_CURVE('',#2311,#2312,#1137,.T.);
#2948=EDGE_CURVE('',#2313,#2311,#1138,.T.);
#2949=EDGE_CURVE('',#2314,#2313,#1139,.T.);
#2950=EDGE_CURVE('',#2314,#2312,#1140,.T.);
#2951=EDGE_CURVE('',#2312,#2315,#1141,.T.);
#2952=EDGE_CURVE('',#2316,#2314,#1142,.T.);
#2953=EDGE_CURVE('',#2316,#2315,#1143,.T.);
#2954=EDGE_CURVE('',#2315,#2317,#1144,.T.);
#2955=EDGE_CURVE('',#2318,#2316,#1145,.T.);
#2956=EDGE_CURVE('',#2318,#2317,#1146,.T.);
#2957=EDGE_CURVE('',#2317,#2319,#1913,.T.);
#2958=EDGE_CURVE('',#2320,#2318,#1914,.T.);
#2959=EDGE_CURVE('',#2320,#2319,#1147,.T.);
#2960=EDGE_CURVE('',#2319,#2321,#1148,.T.);
#2961=EDGE_CURVE('',#2322,#2320,#1149,.T.);
#2962=EDGE_CURVE('',#2322,#2321,#1150,.T.);
#2963=EDGE_CURVE('',#2321,#2311,#1915,.T.);
#2964=EDGE_CURVE('',#2313,#2322,#1916,.T.);
#2965=EDGE_CURVE('',#2323,#2324,#1917,.T.);
#2966=EDGE_CURVE('',#2325,#2323,#1151,.T.);
#2967=EDGE_CURVE('',#2326,#2325,#1918,.T.);
#2968=EDGE_CURVE('',#2326,#2324,#1152,.T.);
#2969=EDGE_CURVE('',#2324,#2327,#1153,.T.);
#2970=EDGE_CURVE('',#2328,#2326,#1154,.T.);
#2971=EDGE_CURVE('',#2328,#2327,#1155,.T.);
#2972=EDGE_CURVE('',#2327,#2329,#1919,.T.);
#2973=EDGE_CURVE('',#2330,#2328,#1920,.T.);
#2974=EDGE_CURVE('',#2330,#2329,#1156,.T.);
#2975=EDGE_CURVE('',#2329,#2331,#1157,.T.);
#2976=EDGE_CURVE('',#2332,#2330,#1158,.T.);
#2977=EDGE_CURVE('',#2332,#2331,#1159,.T.);
#2978=EDGE_CURVE('',#2331,#2333,#1921,.T.);
#2979=EDGE_CURVE('',#2334,#2332,#1922,.T.);
#2980=EDGE_CURVE('',#2334,#2333,#1160,.T.);
#2981=EDGE_CURVE('',#2333,#2335,#1161,.T.);
#2982=EDGE_CURVE('',#2336,#2334,#1162,.T.);
#2983=EDGE_CURVE('',#2336,#2335,#1163,.T.);
#2984=EDGE_CURVE('',#2335,#2337,#1923,.T.);
#2985=EDGE_CURVE('',#2338,#2336,#1924,.T.);
#2986=EDGE_CURVE('',#2338,#2337,#1164,.T.);
#2987=EDGE_CURVE('',#2337,#2339,#1165,.T.);
#2988=EDGE_CURVE('',#2340,#2338,#1166,.T.);
#2989=EDGE_CURVE('',#2340,#2339,#1167,.T.);
#2990=EDGE_CURVE('',#2339,#2341,#1925,.T.);
#2991=EDGE_CURVE('',#2342,#2340,#1926,.T.);
#2992=EDGE_CURVE('',#2342,#2341,#1168,.T.);
#2993=EDGE_CURVE('',#2341,#2323,#1169,.T.);
#2994=EDGE_CURVE('',#2325,#2342,#1170,.T.);
#2995=EDGE_CURVE('',#2343,#2344,#1927,.T.);
#2996=EDGE_CURVE('',#2345,#2343,#1171,.T.);
#2997=EDGE_CURVE('',#2346,#2345,#1928,.T.);
#2998=EDGE_CURVE('',#2346,#2344,#1172,.T.);
#2999=EDGE_CURVE('',#2344,#2347,#1173,.T.);
#3000=EDGE_CURVE('',#2348,#2346,#1174,.T.);
#3001=EDGE_CURVE('',#2348,#2347,#1175,.T.);
#3002=EDGE_CURVE('',#2347,#2349,#1176,.T.);
#3003=EDGE_CURVE('',#2350,#2348,#1177,.T.);
#3004=EDGE_CURVE('',#2350,#2349,#1178,.T.);
#3005=EDGE_CURVE('',#2349,#2351,#1929,.T.);
#3006=EDGE_CURVE('',#2352,#2350,#1930,.T.);
#3007=EDGE_CURVE('',#2352,#2351,#1179,.T.);
#3008=EDGE_CURVE('',#2351,#2353,#1180,.T.);
#3009=EDGE_CURVE('',#2354,#2352,#1181,.T.);
#3010=EDGE_CURVE('',#2354,#2353,#1182,.T.);
#3011=EDGE_CURVE('',#2353,#2343,#1183,.T.);
#3012=EDGE_CURVE('',#2345,#2354,#1184,.T.);
#3013=EDGE_CURVE('',#2355,#2356,#1185,.T.);
#3014=EDGE_CURVE('',#2357,#2355,#1186,.T.);
#3015=EDGE_CURVE('',#2358,#2357,#1187,.T.);
#3016=EDGE_CURVE('',#2358,#2356,#1188,.T.);
#3017=EDGE_CURVE('',#2356,#2359,#1931,.T.);
#3018=EDGE_CURVE('',#2360,#2358,#1932,.T.);
#3019=EDGE_CURVE('',#2360,#2359,#1189,.T.);
#3020=EDGE_CURVE('',#2359,#2361,#1190,.T.);
#3021=EDGE_CURVE('',#2362,#2360,#1191,.T.);
#3022=EDGE_CURVE('',#2362,#2361,#1192,.T.);
#3023=EDGE_CURVE('',#2361,#2363,#1933,.T.);
#3024=EDGE_CURVE('',#2364,#2362,#1934,.T.);
#3025=EDGE_CURVE('',#2364,#2363,#1193,.T.);
#3026=EDGE_CURVE('',#2363,#2365,#1194,.T.);
#3027=EDGE_CURVE('',#2366,#2364,#1195,.T.);
#3028=EDGE_CURVE('',#2366,#2365,#1196,.T.);
#3029=EDGE_CURVE('',#2365,#2367,#1935,.T.);
#3030=EDGE_CURVE('',#2368,#2366,#1936,.T.);
#3031=EDGE_CURVE('',#2368,#2367,#1197,.T.);
#3032=EDGE_CURVE('',#2367,#2369,#1198,.T.);
#3033=EDGE_CURVE('',#2370,#2368,#1199,.T.);
#3034=EDGE_CURVE('',#2370,#2369,#1200,.T.);
#3035=EDGE_CURVE('',#2369,#2371,#1937,.T.);
#3036=EDGE_CURVE('',#2372,#2370,#1938,.T.);
#3037=EDGE_CURVE('',#2372,#2371,#1201,.T.);
#3038=EDGE_CURVE('',#2371,#2373,#1202,.T.);
#3039=EDGE_CURVE('',#2374,#2372,#1203,.T.);
#3040=EDGE_CURVE('',#2374,#2373,#1204,.T.);
#3041=EDGE_CURVE('',#2373,#2355,#1939,.T.);
#3042=EDGE_CURVE('',#2357,#2374,#1940,.T.);
#3043=EDGE_CURVE('',#2375,#2376,#1205,.T.);
#3044=EDGE_CURVE('',#2377,#2375,#1206,.T.);
#3045=EDGE_CURVE('',#2378,#2377,#1207,.T.);
#3046=EDGE_CURVE('',#2378,#2376,#1208,.T.);
#3047=EDGE_CURVE('',#2376,#2379,#1941,.T.);
#3048=EDGE_CURVE('',#2380,#2378,#1942,.T.);
#3049=EDGE_CURVE('',#2380,#2379,#1209,.T.);
#3050=EDGE_CURVE('',#2379,#2381,#1210,.T.);
#3051=EDGE_CURVE('',#2382,#2380,#1211,.T.);
#3052=EDGE_CURVE('',#2382,#2381,#1212,.T.);
#3053=EDGE_CURVE('',#2381,#2383,#1943,.T.);
#3054=EDGE_CURVE('',#2384,#2382,#1944,.T.);
#3055=EDGE_CURVE('',#2384,#2383,#1213,.T.);
#3056=EDGE_CURVE('',#2383,#2385,#1214,.T.);
#3057=EDGE_CURVE('',#2386,#2384,#1215,.T.);
#3058=EDGE_CURVE('',#2386,#2385,#1216,.T.);
#3059=EDGE_CURVE('',#2385,#2387,#1945,.T.);
#3060=EDGE_CURVE('',#2388,#2386,#1946,.T.);
#3061=EDGE_CURVE('',#2388,#2387,#1217,.T.);
#3062=EDGE_CURVE('',#2387,#2389,#1218,.T.);
#3063=EDGE_CURVE('',#2390,#2388,#1219,.T.);
#3064=EDGE_CURVE('',#2390,#2389,#1220,.T.);
#3065=EDGE_CURVE('',#2389,#2391,#1947,.T.);
#3066=EDGE_CURVE('',#2392,#2390,#1948,.T.);
#3067=EDGE_CURVE('',#2392,#2391,#1221,.T.);
#3068=EDGE_CURVE('',#2391,#2393,#1222,.T.);
#3069=EDGE_CURVE('',#2394,#2392,#1223,.T.);
#3070=EDGE_CURVE('',#2394,#2393,#1224,.T.);
#3071=EDGE_CURVE('',#2393,#2375,#1949,.T.);
#3072=EDGE_CURVE('',#2377,#2394,#1950,.T.);
#3073=EDGE_CURVE('',#2395,#2396,#1225,.T.);
#3074=EDGE_CURVE('',#2397,#2395,#1226,.T.);
#3075=EDGE_CURVE('',#2398,#2397,#1227,.T.);
#3076=EDGE_CURVE('',#2396,#2398,#1228,.T.);
#3077=EDGE_CURVE('',#2399,#2400,#1229,.T.);
#3078=EDGE_CURVE('',#2401,#2399,#1230,.T.);
#3079=EDGE_CURVE('',#2402,#2401,#1231,.T.);
#3080=EDGE_CURVE('',#2402,#2400,#1232,.T.);
#3081=EDGE_CURVE('',#2400,#2395,#1233,.T.);
#3082=EDGE_CURVE('',#2397,#2402,#1234,.T.);
#3083=EDGE_CURVE('',#2398,#2403,#1235,.T.);
#3084=EDGE_CURVE('',#2403,#2404,#1951,.T.);
#3085=EDGE_CURVE('',#2404,#2405,#1236,.T.);
#3086=EDGE_CURVE('',#2405,#2406,#1952,.T.);
#3087=EDGE_CURVE('',#2406,#2407,#1237,.T.);
#3088=EDGE_CURVE('',#2407,#2408,#1953,.T.);
#3089=EDGE_CURVE('',#2408,#2409,#1238,.T.);
#3090=EDGE_CURVE('',#2409,#2410,#1954,.T.);
#3091=EDGE_CURVE('',#2410,#2401,#1239,.T.);
#3092=EDGE_CURVE('',#2399,#2411,#1240,.T.);
#3093=EDGE_CURVE('',#2411,#2412,#1955,.T.);
#3094=EDGE_CURVE('',#2412,#2413,#1241,.T.);
#3095=EDGE_CURVE('',#2413,#2414,#1956,.T.);
#3096=EDGE_CURVE('',#2414,#2415,#1242,.T.);
#3097=EDGE_CURVE('',#2415,#2416,#1957,.T.);
#3098=EDGE_CURVE('',#2416,#2417,#1243,.T.);
#3099=EDGE_CURVE('',#2417,#2418,#1958,.T.);
#3100=EDGE_CURVE('',#2418,#2396,#1244,.T.);
#3101=EDGE_CURVE('',#2419,#2410,#1245,.T.);
#3102=EDGE_CURVE('',#2419,#2420,#1246,.T.);
#3103=EDGE_CURVE('',#2420,#2403,#1247,.T.);
#3104=EDGE_CURVE('',#2421,#2422,#1959,.T.);
#3105=EDGE_CURVE('',#2423,#2421,#1248,.T.);
#3106=EDGE_CURVE('',#2424,#2423,#1960,.T.);
#3107=EDGE_CURVE('',#2425,#2424,#1249,.T.);
#3108=EDGE_CURVE('',#2426,#2425,#1961,.T.);
#3109=EDGE_CURVE('',#2427,#2426,#1250,.T.);
#3110=EDGE_CURVE('',#2428,#2427,#1962,.T.);
#3111=EDGE_CURVE('',#2422,#2428,#1251,.T.);
#3112=EDGE_CURVE('',#2425,#2412,#1252,.T.);
#3113=EDGE_CURVE('',#2426,#2411,#1253,.T.);
#3114=EDGE_CURVE('',#2424,#2413,#1254,.T.);
#3115=EDGE_CURVE('',#2423,#2414,#1255,.T.);
#3116=EDGE_CURVE('',#2421,#2415,#1256,.T.);
#3117=EDGE_CURVE('',#2427,#2418,#1257,.T.);
#3118=EDGE_CURVE('',#2428,#2417,#1258,.T.);
#3119=EDGE_CURVE('',#2422,#2416,#1259,.T.);
#3120=EDGE_CURVE('',#2429,#2430,#1260,.T.);
#3121=EDGE_CURVE('',#2430,#2409,#1261,.T.);
#3122=EDGE_CURVE('',#2429,#2408,#1262,.T.);
#3123=EDGE_CURVE('',#2431,#2429,#1963,.T.);
#3124=EDGE_CURVE('',#2431,#2407,#1263,.T.);
#3125=EDGE_CURVE('',#2432,#2431,#1264,.T.);
#3126=EDGE_CURVE('',#2432,#2406,#1265,.T.);
#3127=EDGE_CURVE('',#2433,#2432,#1964,.T.);
#3128=EDGE_CURVE('',#2433,#2405,#1266,.T.);
#3129=EDGE_CURVE('',#2434,#2433,#1267,.T.);
#3130=EDGE_CURVE('',#2434,#2404,#1268,.T.);
#3131=EDGE_CURVE('',#2420,#2434,#1965,.T.);
#3132=EDGE_CURVE('',#2430,#2419,#1966,.T.);
#3133=EDGE_CURVE('',#2435,#2435,#1967,.T.);
#3134=EDGE_CURVE('',#2435,#2436,#1269,.T.);
#3135=EDGE_CURVE('',#2436,#2436,#1968,.T.);
#3136=EDGE_CURVE('',#2437,#2437,#1969,.T.);
#3137=EDGE_CURVE('',#2437,#2438,#1270,.T.);
#3138=EDGE_CURVE('',#2438,#2438,#1970,.T.);
#3139=EDGE_CURVE('',#2439,#2439,#1971,.T.);
#3140=EDGE_CURVE('',#2439,#2440,#1271,.T.);
#3141=EDGE_CURVE('',#2440,#2440,#1972,.T.);
#3142=EDGE_CURVE('',#2441,#2441,#1973,.T.);
#3143=EDGE_CURVE('',#2441,#2442,#1272,.T.);
#3144=EDGE_CURVE('',#2442,#2442,#1974,.T.);
#3145=ORIENTED_EDGE('',*,*,#2443,.F.);
#3146=ORIENTED_EDGE('',*,*,#2444,.F.);
#3147=ORIENTED_EDGE('',*,*,#2445,.F.);
#3148=ORIENTED_EDGE('',*,*,#2446,.T.);
#3149=ORIENTED_EDGE('',*,*,#2447,.F.);
#3150=ORIENTED_EDGE('',*,*,#2446,.F.);
#3151=ORIENTED_EDGE('',*,*,#2448,.F.);
#3152=ORIENTED_EDGE('',*,*,#2449,.T.);
#3153=ORIENTED_EDGE('',*,*,#2450,.F.);
#3154=ORIENTED_EDGE('',*,*,#2449,.F.);
#3155=ORIENTED_EDGE('',*,*,#2451,.F.);
#3156=ORIENTED_EDGE('',*,*,#2452,.T.);
#3157=ORIENTED_EDGE('',*,*,#2453,.F.);
#3158=ORIENTED_EDGE('',*,*,#2452,.F.);
#3159=ORIENTED_EDGE('',*,*,#2454,.F.);
#3160=ORIENTED_EDGE('',*,*,#2444,.T.);
#3161=ORIENTED_EDGE('',*,*,#2455,.F.);
#3162=ORIENTED_EDGE('',*,*,#2456,.F.);
#3163=ORIENTED_EDGE('',*,*,#2457,.F.);
#3164=ORIENTED_EDGE('',*,*,#2458,.T.);
#3165=ORIENTED_EDGE('',*,*,#2459,.F.);
#3166=ORIENTED_EDGE('',*,*,#2458,.F.);
#3167=ORIENTED_EDGE('',*,*,#2460,.F.);
#3168=ORIENTED_EDGE('',*,*,#2461,.T.);
#3169=ORIENTED_EDGE('',*,*,#2462,.F.);
#3170=ORIENTED_EDGE('',*,*,#2461,.F.);
#3171=ORIENTED_EDGE('',*,*,#2463,.F.);
#3172=ORIENTED_EDGE('',*,*,#2464,.T.);
#3173=ORIENTED_EDGE('',*,*,#2465,.F.);
#3174=ORIENTED_EDGE('',*,*,#2464,.F.);
#3175=ORIENTED_EDGE('',*,*,#2466,.F.);
#3176=ORIENTED_EDGE('',*,*,#2467,.T.);
#3177=ORIENTED_EDGE('',*,*,#2468,.F.);
#3178=ORIENTED_EDGE('',*,*,#2467,.F.);
#3179=ORIENTED_EDGE('',*,*,#2469,.F.);
#3180=ORIENTED_EDGE('',*,*,#2470,.T.);
#3181=ORIENTED_EDGE('',*,*,#2471,.F.);
#3182=ORIENTED_EDGE('',*,*,#2470,.F.);
#3183=ORIENTED_EDGE('',*,*,#2472,.F.);
#3184=ORIENTED_EDGE('',*,*,#2473,.T.);
#3185=ORIENTED_EDGE('',*,*,#2474,.F.);
#3186=ORIENTED_EDGE('',*,*,#2473,.F.);
#3187=ORIENTED_EDGE('',*,*,#2475,.F.);
#3188=ORIENTED_EDGE('',*,*,#2476,.T.);
#3189=ORIENTED_EDGE('',*,*,#2477,.F.);
#3190=ORIENTED_EDGE('',*,*,#2476,.F.);
#3191=ORIENTED_EDGE('',*,*,#2478,.F.);
#3192=ORIENTED_EDGE('',*,*,#2456,.T.);
#3193=ORIENTED_EDGE('',*,*,#2479,.F.);
#3194=ORIENTED_EDGE('',*,*,#2480,.F.);
#3195=ORIENTED_EDGE('',*,*,#2481,.F.);
#3196=ORIENTED_EDGE('',*,*,#2482,.T.);
#3197=ORIENTED_EDGE('',*,*,#2483,.F.);
#3198=ORIENTED_EDGE('',*,*,#2482,.F.);
#3199=ORIENTED_EDGE('',*,*,#2484,.F.);
#3200=ORIENTED_EDGE('',*,*,#2485,.T.);
#3201=ORIENTED_EDGE('',*,*,#2486,.F.);
#3202=ORIENTED_EDGE('',*,*,#2485,.F.);
#3203=ORIENTED_EDGE('',*,*,#2487,.F.);
#3204=ORIENTED_EDGE('',*,*,#2488,.T.);
#3205=ORIENTED_EDGE('',*,*,#2489,.F.);
#3206=ORIENTED_EDGE('',*,*,#2488,.F.);
#3207=ORIENTED_EDGE('',*,*,#2490,.F.);
#3208=ORIENTED_EDGE('',*,*,#2491,.T.);
#3209=ORIENTED_EDGE('',*,*,#2492,.F.);
#3210=ORIENTED_EDGE('',*,*,#2491,.F.);
#3211=ORIENTED_EDGE('',*,*,#2493,.F.);
#3212=ORIENTED_EDGE('',*,*,#2494,.T.);
#3213=ORIENTED_EDGE('',*,*,#2495,.F.);
#3214=ORIENTED_EDGE('',*,*,#2494,.F.);
#3215=ORIENTED_EDGE('',*,*,#2496,.F.);
#3216=ORIENTED_EDGE('',*,*,#2480,.T.);
#3217=ORIENTED_EDGE('',*,*,#2497,.F.);
#3218=ORIENTED_EDGE('',*,*,#2498,.F.);
#3219=ORIENTED_EDGE('',*,*,#2499,.F.);
#3220=ORIENTED_EDGE('',*,*,#2500,.T.);
#3221=ORIENTED_EDGE('',*,*,#2501,.F.);
#3222=ORIENTED_EDGE('',*,*,#2500,.F.);
#3223=ORIENTED_EDGE('',*,*,#2502,.F.);
#3224=ORIENTED_EDGE('',*,*,#2503,.T.);
#3225=ORIENTED_EDGE('',*,*,#2504,.F.);
#3226=ORIENTED_EDGE('',*,*,#2503,.F.);
#3227=ORIENTED_EDGE('',*,*,#2505,.F.);
#3228=ORIENTED_EDGE('',*,*,#2506,.T.);
#3229=ORIENTED_EDGE('',*,*,#2507,.F.);
#3230=ORIENTED_EDGE('',*,*,#2506,.F.);
#3231=ORIENTED_EDGE('',*,*,#2508,.F.);
#3232=ORIENTED_EDGE('',*,*,#2509,.T.);
#3233=ORIENTED_EDGE('',*,*,#2510,.F.);
#3234=ORIENTED_EDGE('',*,*,#2509,.F.);
#3235=ORIENTED_EDGE('',*,*,#2511,.F.);
#3236=ORIENTED_EDGE('',*,*,#2512,.T.);
#3237=ORIENTED_EDGE('',*,*,#2513,.F.);
#3238=ORIENTED_EDGE('',*,*,#2512,.F.);
#3239=ORIENTED_EDGE('',*,*,#2514,.F.);
#3240=ORIENTED_EDGE('',*,*,#2515,.T.);
#3241=ORIENTED_EDGE('',*,*,#2516,.F.);
#3242=ORIENTED_EDGE('',*,*,#2515,.F.);
#3243=ORIENTED_EDGE('',*,*,#2517,.F.);
#3244=ORIENTED_EDGE('',*,*,#2518,.T.);
#3245=ORIENTED_EDGE('',*,*,#2519,.F.);
#3246=ORIENTED_EDGE('',*,*,#2518,.F.);
#3247=ORIENTED_EDGE('',*,*,#2520,.F.);
#3248=ORIENTED_EDGE('',*,*,#2521,.T.);
#3249=ORIENTED_EDGE('',*,*,#2522,.F.);
#3250=ORIENTED_EDGE('',*,*,#2521,.F.);
#3251=ORIENTED_EDGE('',*,*,#2523,.F.);
#3252=ORIENTED_EDGE('',*,*,#2524,.T.);
#3253=ORIENTED_EDGE('',*,*,#2525,.F.);
#3254=ORIENTED_EDGE('',*,*,#2524,.F.);
#3255=ORIENTED_EDGE('',*,*,#2526,.F.);
#3256=ORIENTED_EDGE('',*,*,#2498,.T.);
#3257=ORIENTED_EDGE('',*,*,#2527,.F.);
#3258=ORIENTED_EDGE('',*,*,#2528,.F.);
#3259=ORIENTED_EDGE('',*,*,#2529,.F.);
#3260=ORIENTED_EDGE('',*,*,#2530,.T.);
#3261=ORIENTED_EDGE('',*,*,#2531,.F.);
#3262=ORIENTED_EDGE('',*,*,#2530,.F.);
#3263=ORIENTED_EDGE('',*,*,#2532,.F.);
#3264=ORIENTED_EDGE('',*,*,#2533,.T.);
#3265=ORIENTED_EDGE('',*,*,#2534,.F.);
#3266=ORIENTED_EDGE('',*,*,#2533,.F.);
#3267=ORIENTED_EDGE('',*,*,#2535,.F.);
#3268=ORIENTED_EDGE('',*,*,#2536,.T.);
#3269=ORIENTED_EDGE('',*,*,#2537,.F.);
#3270=ORIENTED_EDGE('',*,*,#2536,.F.);
#3271=ORIENTED_EDGE('',*,*,#2538,.F.);
#3272=ORIENTED_EDGE('',*,*,#2539,.T.);
#3273=ORIENTED_EDGE('',*,*,#2540,.F.);
#3274=ORIENTED_EDGE('',*,*,#2539,.F.);
#3275=ORIENTED_EDGE('',*,*,#2541,.F.);
#3276=ORIENTED_EDGE('',*,*,#2542,.T.);
#3277=ORIENTED_EDGE('',*,*,#2543,.F.);
#3278=ORIENTED_EDGE('',*,*,#2542,.F.);
#3279=ORIENTED_EDGE('',*,*,#2544,.F.);
#3280=ORIENTED_EDGE('',*,*,#2545,.T.);
#3281=ORIENTED_EDGE('',*,*,#2546,.F.);
#3282=ORIENTED_EDGE('',*,*,#2545,.F.);
#3283=ORIENTED_EDGE('',*,*,#2547,.F.);
#3284=ORIENTED_EDGE('',*,*,#2548,.T.);
#3285=ORIENTED_EDGE('',*,*,#2549,.F.);
#3286=ORIENTED_EDGE('',*,*,#2548,.F.);
#3287=ORIENTED_EDGE('',*,*,#2550,.F.);
#3288=ORIENTED_EDGE('',*,*,#2551,.T.);
#3289=ORIENTED_EDGE('',*,*,#2552,.F.);
#3290=ORIENTED_EDGE('',*,*,#2551,.F.);
#3291=ORIENTED_EDGE('',*,*,#2553,.F.);
#3292=ORIENTED_EDGE('',*,*,#2554,.T.);
#3293=ORIENTED_EDGE('',*,*,#2555,.F.);
#3294=ORIENTED_EDGE('',*,*,#2554,.F.);
#3295=ORIENTED_EDGE('',*,*,#2556,.F.);
#3296=ORIENTED_EDGE('',*,*,#2557,.T.);
#3297=ORIENTED_EDGE('',*,*,#2558,.F.);
#3298=ORIENTED_EDGE('',*,*,#2557,.F.);
#3299=ORIENTED_EDGE('',*,*,#2559,.F.);
#3300=ORIENTED_EDGE('',*,*,#2560,.T.);
#3301=ORIENTED_EDGE('',*,*,#2561,.F.);
#3302=ORIENTED_EDGE('',*,*,#2560,.F.);
#3303=ORIENTED_EDGE('',*,*,#2562,.F.);
#3304=ORIENTED_EDGE('',*,*,#2563,.T.);
#3305=ORIENTED_EDGE('',*,*,#2564,.F.);
#3306=ORIENTED_EDGE('',*,*,#2563,.F.);
#3307=ORIENTED_EDGE('',*,*,#2565,.F.);
#3308=ORIENTED_EDGE('',*,*,#2566,.T.);
#3309=ORIENTED_EDGE('',*,*,#2567,.F.);
#3310=ORIENTED_EDGE('',*,*,#2566,.F.);
#3311=ORIENTED_EDGE('',*,*,#2568,.F.);
#3312=ORIENTED_EDGE('',*,*,#2528,.T.);
#3313=ORIENTED_EDGE('',*,*,#2569,.F.);
#3314=ORIENTED_EDGE('',*,*,#2570,.F.);
#3315=ORIENTED_EDGE('',*,*,#2571,.F.);
#3316=ORIENTED_EDGE('',*,*,#2572,.T.);
#3317=ORIENTED_EDGE('',*,*,#2573,.F.);
#3318=ORIENTED_EDGE('',*,*,#2572,.F.);
#3319=ORIENTED_EDGE('',*,*,#2574,.F.);
#3320=ORIENTED_EDGE('',*,*,#2575,.T.);
#3321=ORIENTED_EDGE('',*,*,#2576,.F.);
#3322=ORIENTED_EDGE('',*,*,#2575,.F.);
#3323=ORIENTED_EDGE('',*,*,#2577,.F.);
#3324=ORIENTED_EDGE('',*,*,#2578,.T.);
#3325=ORIENTED_EDGE('',*,*,#2579,.F.);
#3326=ORIENTED_EDGE('',*,*,#2578,.F.);
#3327=ORIENTED_EDGE('',*,*,#2580,.F.);
#3328=ORIENTED_EDGE('',*,*,#2581,.T.);
#3329=ORIENTED_EDGE('',*,*,#2582,.F.);
#3330=ORIENTED_EDGE('',*,*,#2581,.F.);
#3331=ORIENTED_EDGE('',*,*,#2583,.F.);
#3332=ORIENTED_EDGE('',*,*,#2584,.T.);
#3333=ORIENTED_EDGE('',*,*,#2585,.F.);
#3334=ORIENTED_EDGE('',*,*,#2584,.F.);
#3335=ORIENTED_EDGE('',*,*,#2586,.F.);
#3336=ORIENTED_EDGE('',*,*,#2570,.T.);
#3337=ORIENTED_EDGE('',*,*,#2587,.F.);
#3338=ORIENTED_EDGE('',*,*,#2588,.F.);
#3339=ORIENTED_EDGE('',*,*,#2589,.F.);
#3340=ORIENTED_EDGE('',*,*,#2590,.T.);
#3341=ORIENTED_EDGE('',*,*,#2591,.F.);
#3342=ORIENTED_EDGE('',*,*,#2590,.F.);
#3343=ORIENTED_EDGE('',*,*,#2592,.F.);
#3344=ORIENTED_EDGE('',*,*,#2593,.T.);
#3345=ORIENTED_EDGE('',*,*,#2594,.F.);
#3346=ORIENTED_EDGE('',*,*,#2593,.F.);
#3347=ORIENTED_EDGE('',*,*,#2595,.F.);
#3348=ORIENTED_EDGE('',*,*,#2596,.T.);
#3349=ORIENTED_EDGE('',*,*,#2597,.F.);
#3350=ORIENTED_EDGE('',*,*,#2596,.F.);
#3351=ORIENTED_EDGE('',*,*,#2598,.F.);
#3352=ORIENTED_EDGE('',*,*,#2599,.T.);
#3353=ORIENTED_EDGE('',*,*,#2600,.F.);
#3354=ORIENTED_EDGE('',*,*,#2599,.F.);
#3355=ORIENTED_EDGE('',*,*,#2601,.F.);
#3356=ORIENTED_EDGE('',*,*,#2602,.T.);
#3357=ORIENTED_EDGE('',*,*,#2603,.F.);
#3358=ORIENTED_EDGE('',*,*,#2602,.F.);
#3359=ORIENTED_EDGE('',*,*,#2604,.F.);
#3360=ORIENTED_EDGE('',*,*,#2605,.T.);
#3361=ORIENTED_EDGE('',*,*,#2606,.F.);
#3362=ORIENTED_EDGE('',*,*,#2605,.F.);
#3363=ORIENTED_EDGE('',*,*,#2607,.F.);
#3364=ORIENTED_EDGE('',*,*,#2608,.T.);
#3365=ORIENTED_EDGE('',*,*,#2609,.F.);
#3366=ORIENTED_EDGE('',*,*,#2608,.F.);
#3367=ORIENTED_EDGE('',*,*,#2610,.F.);
#3368=ORIENTED_EDGE('',*,*,#2611,.T.);
#3369=ORIENTED_EDGE('',*,*,#2612,.F.);
#3370=ORIENTED_EDGE('',*,*,#2611,.F.);
#3371=ORIENTED_EDGE('',*,*,#2613,.F.);
#3372=ORIENTED_EDGE('',*,*,#2614,.T.);
#3373=ORIENTED_EDGE('',*,*,#2615,.F.);
#3374=ORIENTED_EDGE('',*,*,#2614,.F.);
#3375=ORIENTED_EDGE('',*,*,#2616,.F.);
#3376=ORIENTED_EDGE('',*,*,#2588,.T.);
#3377=ORIENTED_EDGE('',*,*,#2617,.F.);
#3378=ORIENTED_EDGE('',*,*,#2618,.F.);
#3379=ORIENTED_EDGE('',*,*,#2619,.F.);
#3380=ORIENTED_EDGE('',*,*,#2620,.T.);
#3381=ORIENTED_EDGE('',*,*,#2621,.F.);
#3382=ORIENTED_EDGE('',*,*,#2620,.F.);
#3383=ORIENTED_EDGE('',*,*,#2622,.F.);
#3384=ORIENTED_EDGE('',*,*,#2623,.T.);
#3385=ORIENTED_EDGE('',*,*,#2624,.F.);
#3386=ORIENTED_EDGE('',*,*,#2623,.F.);
#3387=ORIENTED_EDGE('',*,*,#2625,.F.);
#3388=ORIENTED_EDGE('',*,*,#2626,.T.);
#3389=ORIENTED_EDGE('',*,*,#2627,.F.);
#3390=ORIENTED_EDGE('',*,*,#2626,.F.);
#3391=ORIENTED_EDGE('',*,*,#2628,.F.);
#3392=ORIENTED_EDGE('',*,*,#2618,.T.);
#3393=ORIENTED_EDGE('',*,*,#2629,.F.);
#3394=ORIENTED_EDGE('',*,*,#2630,.F.);
#3395=ORIENTED_EDGE('',*,*,#2631,.F.);
#3396=ORIENTED_EDGE('',*,*,#2632,.T.);
#3397=ORIENTED_EDGE('',*,*,#2633,.F.);
#3398=ORIENTED_EDGE('',*,*,#2632,.F.);
#3399=ORIENTED_EDGE('',*,*,#2634,.F.);
#3400=ORIENTED_EDGE('',*,*,#2635,.T.);
#3401=ORIENTED_EDGE('',*,*,#2636,.F.);
#3402=ORIENTED_EDGE('',*,*,#2635,.F.);
#3403=ORIENTED_EDGE('',*,*,#2637,.F.);
#3404=ORIENTED_EDGE('',*,*,#2638,.T.);
#3405=ORIENTED_EDGE('',*,*,#2639,.F.);
#3406=ORIENTED_EDGE('',*,*,#2638,.F.);
#3407=ORIENTED_EDGE('',*,*,#2640,.F.);
#3408=ORIENTED_EDGE('',*,*,#2641,.T.);
#3409=ORIENTED_EDGE('',*,*,#2642,.F.);
#3410=ORIENTED_EDGE('',*,*,#2641,.F.);
#3411=ORIENTED_EDGE('',*,*,#2643,.F.);
#3412=ORIENTED_EDGE('',*,*,#2644,.T.);
#3413=ORIENTED_EDGE('',*,*,#2645,.F.);
#3414=ORIENTED_EDGE('',*,*,#2644,.F.);
#3415=ORIENTED_EDGE('',*,*,#2646,.F.);
#3416=ORIENTED_EDGE('',*,*,#2647,.T.);
#3417=ORIENTED_EDGE('',*,*,#2648,.F.);
#3418=ORIENTED_EDGE('',*,*,#2647,.F.);
#3419=ORIENTED_EDGE('',*,*,#2649,.F.);
#3420=ORIENTED_EDGE('',*,*,#2650,.T.);
#3421=ORIENTED_EDGE('',*,*,#2651,.F.);
#3422=ORIENTED_EDGE('',*,*,#2650,.F.);
#3423=ORIENTED_EDGE('',*,*,#2652,.F.);
#3424=ORIENTED_EDGE('',*,*,#2630,.T.);
#3425=ORIENTED_EDGE('',*,*,#2653,.F.);
#3426=ORIENTED_EDGE('',*,*,#2654,.F.);
#3427=ORIENTED_EDGE('',*,*,#2655,.F.);
#3428=ORIENTED_EDGE('',*,*,#2656,.T.);
#3429=ORIENTED_EDGE('',*,*,#2657,.F.);
#3430=ORIENTED_EDGE('',*,*,#2656,.F.);
#3431=ORIENTED_EDGE('',*,*,#2658,.F.);
#3432=ORIENTED_EDGE('',*,*,#2659,.T.);
#3433=ORIENTED_EDGE('',*,*,#2660,.F.);
#3434=ORIENTED_EDGE('',*,*,#2659,.F.);
#3435=ORIENTED_EDGE('',*,*,#2661,.F.);
#3436=ORIENTED_EDGE('',*,*,#2662,.T.);
#3437=ORIENTED_EDGE('',*,*,#2663,.F.);
#3438=ORIENTED_EDGE('',*,*,#2662,.F.);
#3439=ORIENTED_EDGE('',*,*,#2664,.F.);
#3440=ORIENTED_EDGE('',*,*,#2665,.T.);
#3441=ORIENTED_EDGE('',*,*,#2666,.F.);
#3442=ORIENTED_EDGE('',*,*,#2665,.F.);
#3443=ORIENTED_EDGE('',*,*,#2667,.F.);
#3444=ORIENTED_EDGE('',*,*,#2668,.T.);
#3445=ORIENTED_EDGE('',*,*,#2669,.F.);
#3446=ORIENTED_EDGE('',*,*,#2668,.F.);
#3447=ORIENTED_EDGE('',*,*,#2670,.F.);
#3448=ORIENTED_EDGE('',*,*,#2671,.T.);
#3449=ORIENTED_EDGE('',*,*,#2672,.F.);
#3450=ORIENTED_EDGE('',*,*,#2671,.F.);
#3451=ORIENTED_EDGE('',*,*,#2673,.F.);
#3452=ORIENTED_EDGE('',*,*,#2654,.T.);
#3453=ORIENTED_EDGE('',*,*,#2674,.F.);
#3454=ORIENTED_EDGE('',*,*,#2675,.F.);
#3455=ORIENTED_EDGE('',*,*,#2676,.F.);
#3456=ORIENTED_EDGE('',*,*,#2677,.T.);
#3457=ORIENTED_EDGE('',*,*,#2678,.F.);
#3458=ORIENTED_EDGE('',*,*,#2677,.F.);
#3459=ORIENTED_EDGE('',*,*,#2679,.F.);
#3460=ORIENTED_EDGE('',*,*,#2680,.T.);
#3461=ORIENTED_EDGE('',*,*,#2681,.F.);
#3462=ORIENTED_EDGE('',*,*,#2680,.F.);
#3463=ORIENTED_EDGE('',*,*,#2682,.F.);
#3464=ORIENTED_EDGE('',*,*,#2683,.T.);
#3465=ORIENTED_EDGE('',*,*,#2684,.F.);
#3466=ORIENTED_EDGE('',*,*,#2683,.F.);
#3467=ORIENTED_EDGE('',*,*,#2685,.F.);
#3468=ORIENTED_EDGE('',*,*,#2686,.T.);
#3469=ORIENTED_EDGE('',*,*,#2687,.F.);
#3470=ORIENTED_EDGE('',*,*,#2686,.F.);
#3471=ORIENTED_EDGE('',*,*,#2688,.F.);
#3472=ORIENTED_EDGE('',*,*,#2689,.T.);
#3473=ORIENTED_EDGE('',*,*,#2690,.F.);
#3474=ORIENTED_EDGE('',*,*,#2689,.F.);
#3475=ORIENTED_EDGE('',*,*,#2691,.F.);
#3476=ORIENTED_EDGE('',*,*,#2675,.T.);
#3477=ORIENTED_EDGE('',*,*,#2692,.F.);
#3478=ORIENTED_EDGE('',*,*,#2693,.F.);
#3479=ORIENTED_EDGE('',*,*,#2694,.F.);
#3480=ORIENTED_EDGE('',*,*,#2695,.T.);
#3481=ORIENTED_EDGE('',*,*,#2696,.F.);
#3482=ORIENTED_EDGE('',*,*,#2695,.F.);
#3483=ORIENTED_EDGE('',*,*,#2697,.F.);
#3484=ORIENTED_EDGE('',*,*,#2698,.T.);
#3485=ORIENTED_EDGE('',*,*,#2699,.F.);
#3486=ORIENTED_EDGE('',*,*,#2698,.F.);
#3487=ORIENTED_EDGE('',*,*,#2700,.F.);
#3488=ORIENTED_EDGE('',*,*,#2701,.T.);
#3489=ORIENTED_EDGE('',*,*,#2702,.F.);
#3490=ORIENTED_EDGE('',*,*,#2701,.F.);
#3491=ORIENTED_EDGE('',*,*,#2703,.F.);
#3492=ORIENTED_EDGE('',*,*,#2704,.T.);
#3493=ORIENTED_EDGE('',*,*,#2705,.F.);
#3494=ORIENTED_EDGE('',*,*,#2704,.F.);
#3495=ORIENTED_EDGE('',*,*,#2706,.F.);
#3496=ORIENTED_EDGE('',*,*,#2707,.T.);
#3497=ORIENTED_EDGE('',*,*,#2708,.F.);
#3498=ORIENTED_EDGE('',*,*,#2707,.F.);
#3499=ORIENTED_EDGE('',*,*,#2709,.F.);
#3500=ORIENTED_EDGE('',*,*,#2693,.T.);
#3501=ORIENTED_EDGE('',*,*,#2710,.F.);
#3502=ORIENTED_EDGE('',*,*,#2711,.F.);
#3503=ORIENTED_EDGE('',*,*,#2712,.F.);
#3504=ORIENTED_EDGE('',*,*,#2713,.T.);
#3505=ORIENTED_EDGE('',*,*,#2714,.F.);
#3506=ORIENTED_EDGE('',*,*,#2713,.F.);
#3507=ORIENTED_EDGE('',*,*,#2715,.F.);
#3508=ORIENTED_EDGE('',*,*,#2716,.T.);
#3509=ORIENTED_EDGE('',*,*,#2717,.F.);
#3510=ORIENTED_EDGE('',*,*,#2716,.F.);
#3511=ORIENTED_EDGE('',*,*,#2718,.F.);
#3512=ORIENTED_EDGE('',*,*,#2719,.T.);
#3513=ORIENTED_EDGE('',*,*,#2720,.F.);
#3514=ORIENTED_EDGE('',*,*,#2719,.F.);
#3515=ORIENTED_EDGE('',*,*,#2721,.F.);
#3516=ORIENTED_EDGE('',*,*,#2722,.T.);
#3517=ORIENTED_EDGE('',*,*,#2723,.F.);
#3518=ORIENTED_EDGE('',*,*,#2722,.F.);
#3519=ORIENTED_EDGE('',*,*,#2724,.F.);
#3520=ORIENTED_EDGE('',*,*,#2711,.T.);
#3521=ORIENTED_EDGE('',*,*,#2725,.F.);
#3522=ORIENTED_EDGE('',*,*,#2726,.F.);
#3523=ORIENTED_EDGE('',*,*,#2727,.F.);
#3524=ORIENTED_EDGE('',*,*,#2728,.T.);
#3525=ORIENTED_EDGE('',*,*,#2729,.F.);
#3526=ORIENTED_EDGE('',*,*,#2728,.F.);
#3527=ORIENTED_EDGE('',*,*,#2730,.F.);
#3528=ORIENTED_EDGE('',*,*,#2731,.T.);
#3529=ORIENTED_EDGE('',*,*,#2732,.F.);
#3530=ORIENTED_EDGE('',*,*,#2731,.F.);
#3531=ORIENTED_EDGE('',*,*,#2733,.F.);
#3532=ORIENTED_EDGE('',*,*,#2734,.T.);
#3533=ORIENTED_EDGE('',*,*,#2735,.F.);
#3534=ORIENTED_EDGE('',*,*,#2734,.F.);
#3535=ORIENTED_EDGE('',*,*,#2736,.F.);
#3536=ORIENTED_EDGE('',*,*,#2737,.T.);
#3537=ORIENTED_EDGE('',*,*,#2738,.F.);
#3538=ORIENTED_EDGE('',*,*,#2737,.F.);
#3539=ORIENTED_EDGE('',*,*,#2739,.F.);
#3540=ORIENTED_EDGE('',*,*,#2740,.T.);
#3541=ORIENTED_EDGE('',*,*,#2741,.F.);
#3542=ORIENTED_EDGE('',*,*,#2740,.F.);
#3543=ORIENTED_EDGE('',*,*,#2742,.F.);
#3544=ORIENTED_EDGE('',*,*,#2743,.T.);
#3545=ORIENTED_EDGE('',*,*,#2744,.F.);
#3546=ORIENTED_EDGE('',*,*,#2743,.F.);
#3547=ORIENTED_EDGE('',*,*,#2745,.F.);
#3548=ORIENTED_EDGE('',*,*,#2746,.T.);
#3549=ORIENTED_EDGE('',*,*,#2747,.F.);
#3550=ORIENTED_EDGE('',*,*,#2746,.F.);
#3551=ORIENTED_EDGE('',*,*,#2748,.F.);
#3552=ORIENTED_EDGE('',*,*,#2726,.T.);
#3553=ORIENTED_EDGE('',*,*,#2749,.F.);
#3554=ORIENTED_EDGE('',*,*,#2750,.F.);
#3555=ORIENTED_EDGE('',*,*,#2751,.F.);
#3556=ORIENTED_EDGE('',*,*,#2752,.T.);
#3557=ORIENTED_EDGE('',*,*,#2753,.F.);
#3558=ORIENTED_EDGE('',*,*,#2752,.F.);
#3559=ORIENTED_EDGE('',*,*,#2754,.F.);
#3560=ORIENTED_EDGE('',*,*,#2755,.T.);
#3561=ORIENTED_EDGE('',*,*,#2756,.F.);
#3562=ORIENTED_EDGE('',*,*,#2755,.F.);
#3563=ORIENTED_EDGE('',*,*,#2757,.F.);
#3564=ORIENTED_EDGE('',*,*,#2758,.T.);
#3565=ORIENTED_EDGE('',*,*,#2759,.F.);
#3566=ORIENTED_EDGE('',*,*,#2758,.F.);
#3567=ORIENTED_EDGE('',*,*,#2760,.F.);
#3568=ORIENTED_EDGE('',*,*,#2750,.T.);
#3569=ORIENTED_EDGE('',*,*,#2761,.F.);
#3570=ORIENTED_EDGE('',*,*,#2762,.F.);
#3571=ORIENTED_EDGE('',*,*,#2763,.F.);
#3572=ORIENTED_EDGE('',*,*,#2764,.T.);
#3573=ORIENTED_EDGE('',*,*,#2765,.F.);
#3574=ORIENTED_EDGE('',*,*,#2764,.F.);
#3575=ORIENTED_EDGE('',*,*,#2766,.F.);
#3576=ORIENTED_EDGE('',*,*,#2767,.T.);
#3577=ORIENTED_EDGE('',*,*,#2768,.F.);
#3578=ORIENTED_EDGE('',*,*,#2767,.F.);
#3579=ORIENTED_EDGE('',*,*,#2769,.F.);
#3580=ORIENTED_EDGE('',*,*,#2770,.T.);
#3581=ORIENTED_EDGE('',*,*,#2771,.F.);
#3582=ORIENTED_EDGE('',*,*,#2770,.F.);
#3583=ORIENTED_EDGE('',*,*,#2772,.F.);
#3584=ORIENTED_EDGE('',*,*,#2773,.T.);
#3585=ORIENTED_EDGE('',*,*,#2774,.F.);
#3586=ORIENTED_EDGE('',*,*,#2773,.F.);
#3587=ORIENTED_EDGE('',*,*,#2775,.F.);
#3588=ORIENTED_EDGE('',*,*,#2776,.T.);
#3589=ORIENTED_EDGE('',*,*,#2777,.F.);
#3590=ORIENTED_EDGE('',*,*,#2776,.F.);
#3591=ORIENTED_EDGE('',*,*,#2778,.F.);
#3592=ORIENTED_EDGE('',*,*,#2762,.T.);
#3593=ORIENTED_EDGE('',*,*,#2779,.F.);
#3594=ORIENTED_EDGE('',*,*,#2780,.F.);
#3595=ORIENTED_EDGE('',*,*,#2781,.F.);
#3596=ORIENTED_EDGE('',*,*,#2782,.T.);
#3597=ORIENTED_EDGE('',*,*,#2783,.F.);
#3598=ORIENTED_EDGE('',*,*,#2782,.F.);
#3599=ORIENTED_EDGE('',*,*,#2784,.F.);
#3600=ORIENTED_EDGE('',*,*,#2785,.T.);
#3601=ORIENTED_EDGE('',*,*,#2786,.F.);
#3602=ORIENTED_EDGE('',*,*,#2785,.F.);
#3603=ORIENTED_EDGE('',*,*,#2787,.F.);
#3604=ORIENTED_EDGE('',*,*,#2788,.T.);
#3605=ORIENTED_EDGE('',*,*,#2789,.F.);
#3606=ORIENTED_EDGE('',*,*,#2788,.F.);
#3607=ORIENTED_EDGE('',*,*,#2790,.F.);
#3608=ORIENTED_EDGE('',*,*,#2791,.T.);
#3609=ORIENTED_EDGE('',*,*,#2792,.F.);
#3610=ORIENTED_EDGE('',*,*,#2791,.F.);
#3611=ORIENTED_EDGE('',*,*,#2793,.F.);
#3612=ORIENTED_EDGE('',*,*,#2794,.T.);
#3613=ORIENTED_EDGE('',*,*,#2795,.F.);
#3614=ORIENTED_EDGE('',*,*,#2794,.F.);
#3615=ORIENTED_EDGE('',*,*,#2796,.F.);
#3616=ORIENTED_EDGE('',*,*,#2797,.T.);
#3617=ORIENTED_EDGE('',*,*,#2798,.F.);
#3618=ORIENTED_EDGE('',*,*,#2797,.F.);
#3619=ORIENTED_EDGE('',*,*,#2799,.F.);
#3620=ORIENTED_EDGE('',*,*,#2800,.T.);
#3621=ORIENTED_EDGE('',*,*,#2801,.F.);
#3622=ORIENTED_EDGE('',*,*,#2800,.F.);
#3623=ORIENTED_EDGE('',*,*,#2802,.F.);
#3624=ORIENTED_EDGE('',*,*,#2780,.T.);
#3625=ORIENTED_EDGE('',*,*,#2803,.F.);
#3626=ORIENTED_EDGE('',*,*,#2804,.F.);
#3627=ORIENTED_EDGE('',*,*,#2805,.F.);
#3628=ORIENTED_EDGE('',*,*,#2806,.T.);
#3629=ORIENTED_EDGE('',*,*,#2807,.F.);
#3630=ORIENTED_EDGE('',*,*,#2806,.F.);
#3631=ORIENTED_EDGE('',*,*,#2808,.F.);
#3632=ORIENTED_EDGE('',*,*,#2809,.T.);
#3633=ORIENTED_EDGE('',*,*,#2810,.F.);
#3634=ORIENTED_EDGE('',*,*,#2809,.F.);
#3635=ORIENTED_EDGE('',*,*,#2811,.F.);
#3636=ORIENTED_EDGE('',*,*,#2812,.T.);
#3637=ORIENTED_EDGE('',*,*,#2813,.F.);
#3638=ORIENTED_EDGE('',*,*,#2812,.F.);
#3639=ORIENTED_EDGE('',*,*,#2814,.F.);
#3640=ORIENTED_EDGE('',*,*,#2804,.T.);
#3641=ORIENTED_EDGE('',*,*,#2815,.F.);
#3642=ORIENTED_EDGE('',*,*,#2816,.F.);
#3643=ORIENTED_EDGE('',*,*,#2817,.F.);
#3644=ORIENTED_EDGE('',*,*,#2818,.T.);
#3645=ORIENTED_EDGE('',*,*,#2819,.F.);
#3646=ORIENTED_EDGE('',*,*,#2818,.F.);
#3647=ORIENTED_EDGE('',*,*,#2820,.F.);
#3648=ORIENTED_EDGE('',*,*,#2821,.T.);
#3649=ORIENTED_EDGE('',*,*,#2822,.F.);
#3650=ORIENTED_EDGE('',*,*,#2821,.F.);
#3651=ORIENTED_EDGE('',*,*,#2823,.F.);
#3652=ORIENTED_EDGE('',*,*,#2824,.T.);
#3653=ORIENTED_EDGE('',*,*,#2825,.F.);
#3654=ORIENTED_EDGE('',*,*,#2824,.F.);
#3655=ORIENTED_EDGE('',*,*,#2826,.F.);
#3656=ORIENTED_EDGE('',*,*,#2827,.T.);
#3657=ORIENTED_EDGE('',*,*,#2828,.F.);
#3658=ORIENTED_EDGE('',*,*,#2827,.F.);
#3659=ORIENTED_EDGE('',*,*,#2829,.F.);
#3660=ORIENTED_EDGE('',*,*,#2830,.T.);
#3661=ORIENTED_EDGE('',*,*,#2831,.F.);
#3662=ORIENTED_EDGE('',*,*,#2830,.F.);
#3663=ORIENTED_EDGE('',*,*,#2832,.F.);
#3664=ORIENTED_EDGE('',*,*,#2833,.T.);
#3665=ORIENTED_EDGE('',*,*,#2834,.F.);
#3666=ORIENTED_EDGE('',*,*,#2833,.F.);
#3667=ORIENTED_EDGE('',*,*,#2835,.F.);
#3668=ORIENTED_EDGE('',*,*,#2816,.T.);
#3669=ORIENTED_EDGE('',*,*,#2836,.F.);
#3670=ORIENTED_EDGE('',*,*,#2837,.F.);
#3671=ORIENTED_EDGE('',*,*,#2838,.F.);
#3672=ORIENTED_EDGE('',*,*,#2839,.T.);
#3673=ORIENTED_EDGE('',*,*,#2840,.F.);
#3674=ORIENTED_EDGE('',*,*,#2839,.F.);
#3675=ORIENTED_EDGE('',*,*,#2841,.F.);
#3676=ORIENTED_EDGE('',*,*,#2842,.T.);
#3677=ORIENTED_EDGE('',*,*,#2843,.F.);
#3678=ORIENTED_EDGE('',*,*,#2842,.F.);
#3679=ORIENTED_EDGE('',*,*,#2844,.F.);
#3680=ORIENTED_EDGE('',*,*,#2845,.T.);
#3681=ORIENTED_EDGE('',*,*,#2846,.F.);
#3682=ORIENTED_EDGE('',*,*,#2845,.F.);
#3683=ORIENTED_EDGE('',*,*,#2847,.F.);
#3684=ORIENTED_EDGE('',*,*,#2848,.T.);
#3685=ORIENTED_EDGE('',*,*,#2849,.F.);
#3686=ORIENTED_EDGE('',*,*,#2848,.F.);
#3687=ORIENTED_EDGE('',*,*,#2850,.F.);
#3688=ORIENTED_EDGE('',*,*,#2851,.T.);
#3689=ORIENTED_EDGE('',*,*,#2852,.F.);
#3690=ORIENTED_EDGE('',*,*,#2851,.F.);
#3691=ORIENTED_EDGE('',*,*,#2853,.F.);
#3692=ORIENTED_EDGE('',*,*,#2854,.T.);
#3693=ORIENTED_EDGE('',*,*,#2855,.F.);
#3694=ORIENTED_EDGE('',*,*,#2854,.F.);
#3695=ORIENTED_EDGE('',*,*,#2856,.F.);
#3696=ORIENTED_EDGE('',*,*,#2857,.T.);
#3697=ORIENTED_EDGE('',*,*,#2858,.F.);
#3698=ORIENTED_EDGE('',*,*,#2857,.F.);
#3699=ORIENTED_EDGE('',*,*,#2859,.F.);
#3700=ORIENTED_EDGE('',*,*,#2860,.T.);
#3701=ORIENTED_EDGE('',*,*,#2861,.F.);
#3702=ORIENTED_EDGE('',*,*,#2860,.F.);
#3703=ORIENTED_EDGE('',*,*,#2862,.F.);
#3704=ORIENTED_EDGE('',*,*,#2863,.T.);
#3705=ORIENTED_EDGE('',*,*,#2864,.F.);
#3706=ORIENTED_EDGE('',*,*,#2863,.F.);
#3707=ORIENTED_EDGE('',*,*,#2865,.F.);
#3708=ORIENTED_EDGE('',*,*,#2837,.T.);
#3709=ORIENTED_EDGE('',*,*,#2866,.F.);
#3710=ORIENTED_EDGE('',*,*,#2867,.F.);
#3711=ORIENTED_EDGE('',*,*,#2868,.F.);
#3712=ORIENTED_EDGE('',*,*,#2869,.T.);
#3713=ORIENTED_EDGE('',*,*,#2870,.F.);
#3714=ORIENTED_EDGE('',*,*,#2869,.F.);
#3715=ORIENTED_EDGE('',*,*,#2871,.F.);
#3716=ORIENTED_EDGE('',*,*,#2872,.T.);
#3717=ORIENTED_EDGE('',*,*,#2873,.F.);
#3718=ORIENTED_EDGE('',*,*,#2872,.F.);
#3719=ORIENTED_EDGE('',*,*,#2874,.F.);
#3720=ORIENTED_EDGE('',*,*,#2875,.T.);
#3721=ORIENTED_EDGE('',*,*,#2876,.F.);
#3722=ORIENTED_EDGE('',*,*,#2875,.F.);
#3723=ORIENTED_EDGE('',*,*,#2877,.F.);
#3724=ORIENTED_EDGE('',*,*,#2878,.T.);
#3725=ORIENTED_EDGE('',*,*,#2879,.F.);
#3726=ORIENTED_EDGE('',*,*,#2878,.F.);
#3727=ORIENTED_EDGE('',*,*,#2880,.F.);
#3728=ORIENTED_EDGE('',*,*,#2881,.T.);
#3729=ORIENTED_EDGE('',*,*,#2882,.F.);
#3730=ORIENTED_EDGE('',*,*,#2881,.F.);
#3731=ORIENTED_EDGE('',*,*,#2883,.F.);
#3732=ORIENTED_EDGE('',*,*,#2884,.T.);
#3733=ORIENTED_EDGE('',*,*,#2885,.F.);
#3734=ORIENTED_EDGE('',*,*,#2884,.F.);
#3735=ORIENTED_EDGE('',*,*,#2886,.F.);
#3736=ORIENTED_EDGE('',*,*,#2887,.T.);
#3737=ORIENTED_EDGE('',*,*,#2888,.F.);
#3738=ORIENTED_EDGE('',*,*,#2887,.F.);
#3739=ORIENTED_EDGE('',*,*,#2889,.F.);
#3740=ORIENTED_EDGE('',*,*,#2867,.T.);
#3741=ORIENTED_EDGE('',*,*,#2890,.F.);
#3742=ORIENTED_EDGE('',*,*,#2891,.F.);
#3743=ORIENTED_EDGE('',*,*,#2892,.F.);
#3744=ORIENTED_EDGE('',*,*,#2893,.T.);
#3745=ORIENTED_EDGE('',*,*,#2894,.F.);
#3746=ORIENTED_EDGE('',*,*,#2893,.F.);
#3747=ORIENTED_EDGE('',*,*,#2895,.F.);
#3748=ORIENTED_EDGE('',*,*,#2896,.T.);
#3749=ORIENTED_EDGE('',*,*,#2897,.F.);
#3750=ORIENTED_EDGE('',*,*,#2896,.F.);
#3751=ORIENTED_EDGE('',*,*,#2898,.F.);
#3752=ORIENTED_EDGE('',*,*,#2899,.T.);
#3753=ORIENTED_EDGE('',*,*,#2900,.F.);
#3754=ORIENTED_EDGE('',*,*,#2899,.F.);
#3755=ORIENTED_EDGE('',*,*,#2901,.F.);
#3756=ORIENTED_EDGE('',*,*,#2902,.T.);
#3757=ORIENTED_EDGE('',*,*,#2903,.F.);
#3758=ORIENTED_EDGE('',*,*,#2902,.F.);
#3759=ORIENTED_EDGE('',*,*,#2904,.F.);
#3760=ORIENTED_EDGE('',*,*,#2891,.T.);
#3761=ORIENTED_EDGE('',*,*,#2905,.F.);
#3762=ORIENTED_EDGE('',*,*,#2906,.F.);
#3763=ORIENTED_EDGE('',*,*,#2907,.F.);
#3764=ORIENTED_EDGE('',*,*,#2908,.T.);
#3765=ORIENTED_EDGE('',*,*,#2909,.F.);
#3766=ORIENTED_EDGE('',*,*,#2908,.F.);
#3767=ORIENTED_EDGE('',*,*,#2910,.F.);
#3768=ORIENTED_EDGE('',*,*,#2911,.T.);
#3769=ORIENTED_EDGE('',*,*,#2912,.F.);
#3770=ORIENTED_EDGE('',*,*,#2911,.F.);
#3771=ORIENTED_EDGE('',*,*,#2913,.F.);
#3772=ORIENTED_EDGE('',*,*,#2914,.T.);
#3773=ORIENTED_EDGE('',*,*,#2915,.F.);
#3774=ORIENTED_EDGE('',*,*,#2914,.F.);
#3775=ORIENTED_EDGE('',*,*,#2916,.F.);
#3776=ORIENTED_EDGE('',*,*,#2917,.T.);
#3777=ORIENTED_EDGE('',*,*,#2918,.F.);
#3778=ORIENTED_EDGE('',*,*,#2917,.F.);
#3779=ORIENTED_EDGE('',*,*,#2919,.F.);
#3780=ORIENTED_EDGE('',*,*,#2920,.T.);
#3781=ORIENTED_EDGE('',*,*,#2921,.F.);
#3782=ORIENTED_EDGE('',*,*,#2920,.F.);
#3783=ORIENTED_EDGE('',*,*,#2922,.F.);
#3784=ORIENTED_EDGE('',*,*,#2906,.T.);
#3785=ORIENTED_EDGE('',*,*,#2923,.F.);
#3786=ORIENTED_EDGE('',*,*,#2924,.F.);
#3787=ORIENTED_EDGE('',*,*,#2925,.F.);
#3788=ORIENTED_EDGE('',*,*,#2926,.T.);
#3789=ORIENTED_EDGE('',*,*,#2927,.F.);
#3790=ORIENTED_EDGE('',*,*,#2926,.F.);
#3791=ORIENTED_EDGE('',*,*,#2928,.F.);
#3792=ORIENTED_EDGE('',*,*,#2929,.T.);
#3793=ORIENTED_EDGE('',*,*,#2930,.F.);
#3794=ORIENTED_EDGE('',*,*,#2929,.F.);
#3795=ORIENTED_EDGE('',*,*,#2931,.F.);
#3796=ORIENTED_EDGE('',*,*,#2932,.T.);
#3797=ORIENTED_EDGE('',*,*,#2933,.F.);
#3798=ORIENTED_EDGE('',*,*,#2932,.F.);
#3799=ORIENTED_EDGE('',*,*,#2934,.F.);
#3800=ORIENTED_EDGE('',*,*,#2935,.T.);
#3801=ORIENTED_EDGE('',*,*,#2936,.F.);
#3802=ORIENTED_EDGE('',*,*,#2935,.F.);
#3803=ORIENTED_EDGE('',*,*,#2937,.F.);
#3804=ORIENTED_EDGE('',*,*,#2938,.T.);
#3805=ORIENTED_EDGE('',*,*,#2939,.F.);
#3806=ORIENTED_EDGE('',*,*,#2938,.F.);
#3807=ORIENTED_EDGE('',*,*,#2940,.F.);
#3808=ORIENTED_EDGE('',*,*,#2941,.T.);
#3809=ORIENTED_EDGE('',*,*,#2942,.F.);
#3810=ORIENTED_EDGE('',*,*,#2941,.F.);
#3811=ORIENTED_EDGE('',*,*,#2943,.F.);
#3812=ORIENTED_EDGE('',*,*,#2944,.T.);
#3813=ORIENTED_EDGE('',*,*,#2945,.F.);
#3814=ORIENTED_EDGE('',*,*,#2944,.F.);
#3815=ORIENTED_EDGE('',*,*,#2946,.F.);
#3816=ORIENTED_EDGE('',*,*,#2924,.T.);
#3817=ORIENTED_EDGE('',*,*,#2947,.F.);
#3818=ORIENTED_EDGE('',*,*,#2948,.F.);
#3819=ORIENTED_EDGE('',*,*,#2949,.F.);
#3820=ORIENTED_EDGE('',*,*,#2950,.T.);
#3821=ORIENTED_EDGE('',*,*,#2951,.F.);
#3822=ORIENTED_EDGE('',*,*,#2950,.F.);
#3823=ORIENTED_EDGE('',*,*,#2952,.F.);
#3824=ORIENTED_EDGE('',*,*,#2953,.T.);
#3825=ORIENTED_EDGE('',*,*,#2954,.F.);
#3826=ORIENTED_EDGE('',*,*,#2953,.F.);
#3827=ORIENTED_EDGE('',*,*,#2955,.F.);
#3828=ORIENTED_EDGE('',*,*,#2956,.T.);
#3829=ORIENTED_EDGE('',*,*,#2957,.F.);
#3830=ORIENTED_EDGE('',*,*,#2956,.F.);
#3831=ORIENTED_EDGE('',*,*,#2958,.F.);
#3832=ORIENTED_EDGE('',*,*,#2959,.T.);
#3833=ORIENTED_EDGE('',*,*,#2960,.F.);
#3834=ORIENTED_EDGE('',*,*,#2959,.F.);
#3835=ORIENTED_EDGE('',*,*,#2961,.F.);
#3836=ORIENTED_EDGE('',*,*,#2962,.T.);
#3837=ORIENTED_EDGE('',*,*,#2963,.F.);
#3838=ORIENTED_EDGE('',*,*,#2962,.F.);
#3839=ORIENTED_EDGE('',*,*,#2964,.F.);
#3840=ORIENTED_EDGE('',*,*,#2948,.T.);
#3841=ORIENTED_EDGE('',*,*,#2965,.F.);
#3842=ORIENTED_EDGE('',*,*,#2966,.F.);
#3843=ORIENTED_EDGE('',*,*,#2967,.F.);
#3844=ORIENTED_EDGE('',*,*,#2968,.T.);
#3845=ORIENTED_EDGE('',*,*,#2969,.F.);
#3846=ORIENTED_EDGE('',*,*,#2968,.F.);
#3847=ORIENTED_EDGE('',*,*,#2970,.F.);
#3848=ORIENTED_EDGE('',*,*,#2971,.T.);
#3849=ORIENTED_EDGE('',*,*,#2972,.F.);
#3850=ORIENTED_EDGE('',*,*,#2971,.F.);
#3851=ORIENTED_EDGE('',*,*,#2973,.F.);
#3852=ORIENTED_EDGE('',*,*,#2974,.T.);
#3853=ORIENTED_EDGE('',*,*,#2975,.F.);
#3854=ORIENTED_EDGE('',*,*,#2974,.F.);
#3855=ORIENTED_EDGE('',*,*,#2976,.F.);
#3856=ORIENTED_EDGE('',*,*,#2977,.T.);
#3857=ORIENTED_EDGE('',*,*,#2978,.F.);
#3858=ORIENTED_EDGE('',*,*,#2977,.F.);
#3859=ORIENTED_EDGE('',*,*,#2979,.F.);
#3860=ORIENTED_EDGE('',*,*,#2980,.T.);
#3861=ORIENTED_EDGE('',*,*,#2981,.F.);
#3862=ORIENTED_EDGE('',*,*,#2980,.F.);
#3863=ORIENTED_EDGE('',*,*,#2982,.F.);
#3864=ORIENTED_EDGE('',*,*,#2983,.T.);
#3865=ORIENTED_EDGE('',*,*,#2984,.F.);
#3866=ORIENTED_EDGE('',*,*,#2983,.F.);
#3867=ORIENTED_EDGE('',*,*,#2985,.F.);
#3868=ORIENTED_EDGE('',*,*,#2986,.T.);
#3869=ORIENTED_EDGE('',*,*,#2987,.F.);
#3870=ORIENTED_EDGE('',*,*,#2986,.F.);
#3871=ORIENTED_EDGE('',*,*,#2988,.F.);
#3872=ORIENTED_EDGE('',*,*,#2989,.T.);
#3873=ORIENTED_EDGE('',*,*,#2990,.F.);
#3874=ORIENTED_EDGE('',*,*,#2989,.F.);
#3875=ORIENTED_EDGE('',*,*,#2991,.F.);
#3876=ORIENTED_EDGE('',*,*,#2992,.T.);
#3877=ORIENTED_EDGE('',*,*,#2993,.F.);
#3878=ORIENTED_EDGE('',*,*,#2992,.F.);
#3879=ORIENTED_EDGE('',*,*,#2994,.F.);
#3880=ORIENTED_EDGE('',*,*,#2966,.T.);
#3881=ORIENTED_EDGE('',*,*,#2995,.F.);
#3882=ORIENTED_EDGE('',*,*,#2996,.F.);
#3883=ORIENTED_EDGE('',*,*,#2997,.F.);
#3884=ORIENTED_EDGE('',*,*,#2998,.T.);
#3885=ORIENTED_EDGE('',*,*,#2999,.F.);
#3886=ORIENTED_EDGE('',*,*,#2998,.F.);
#3887=ORIENTED_EDGE('',*,*,#3000,.F.);
#3888=ORIENTED_EDGE('',*,*,#3001,.T.);
#3889=ORIENTED_EDGE('',*,*,#3002,.F.);
#3890=ORIENTED_EDGE('',*,*,#3001,.F.);
#3891=ORIENTED_EDGE('',*,*,#3003,.F.);
#3892=ORIENTED_EDGE('',*,*,#3004,.T.);
#3893=ORIENTED_EDGE('',*,*,#3005,.F.);
#3894=ORIENTED_EDGE('',*,*,#3004,.F.);
#3895=ORIENTED_EDGE('',*,*,#3006,.F.);
#3896=ORIENTED_EDGE('',*,*,#3007,.T.);
#3897=ORIENTED_EDGE('',*,*,#3008,.F.);
#3898=ORIENTED_EDGE('',*,*,#3007,.F.);
#3899=ORIENTED_EDGE('',*,*,#3009,.F.);
#3900=ORIENTED_EDGE('',*,*,#3010,.T.);
#3901=ORIENTED_EDGE('',*,*,#3011,.F.);
#3902=ORIENTED_EDGE('',*,*,#3010,.F.);
#3903=ORIENTED_EDGE('',*,*,#3012,.F.);
#3904=ORIENTED_EDGE('',*,*,#2996,.T.);
#3905=ORIENTED_EDGE('',*,*,#3013,.F.);
#3906=ORIENTED_EDGE('',*,*,#3014,.F.);
#3907=ORIENTED_EDGE('',*,*,#3015,.F.);
#3908=ORIENTED_EDGE('',*,*,#3016,.T.);
#3909=ORIENTED_EDGE('',*,*,#3017,.F.);
#3910=ORIENTED_EDGE('',*,*,#3016,.F.);
#3911=ORIENTED_EDGE('',*,*,#3018,.F.);
#3912=ORIENTED_EDGE('',*,*,#3019,.T.);
#3913=ORIENTED_EDGE('',*,*,#3020,.F.);
#3914=ORIENTED_EDGE('',*,*,#3019,.F.);
#3915=ORIENTED_EDGE('',*,*,#3021,.F.);
#3916=ORIENTED_EDGE('',*,*,#3022,.T.);
#3917=ORIENTED_EDGE('',*,*,#3023,.F.);
#3918=ORIENTED_EDGE('',*,*,#3022,.F.);
#3919=ORIENTED_EDGE('',*,*,#3024,.F.);
#3920=ORIENTED_EDGE('',*,*,#3025,.T.);
#3921=ORIENTED_EDGE('',*,*,#3026,.F.);
#3922=ORIENTED_EDGE('',*,*,#3025,.F.);
#3923=ORIENTED_EDGE('',*,*,#3027,.F.);
#3924=ORIENTED_EDGE('',*,*,#3028,.T.);
#3925=ORIENTED_EDGE('',*,*,#3029,.F.);
#3926=ORIENTED_EDGE('',*,*,#3028,.F.);
#3927=ORIENTED_EDGE('',*,*,#3030,.F.);
#3928=ORIENTED_EDGE('',*,*,#3031,.T.);
#3929=ORIENTED_EDGE('',*,*,#3032,.F.);
#3930=ORIENTED_EDGE('',*,*,#3031,.F.);
#3931=ORIENTED_EDGE('',*,*,#3033,.F.);
#3932=ORIENTED_EDGE('',*,*,#3034,.T.);
#3933=ORIENTED_EDGE('',*,*,#3035,.F.);
#3934=ORIENTED_EDGE('',*,*,#3034,.F.);
#3935=ORIENTED_EDGE('',*,*,#3036,.F.);
#3936=ORIENTED_EDGE('',*,*,#3037,.T.);
#3937=ORIENTED_EDGE('',*,*,#3038,.F.);
#3938=ORIENTED_EDGE('',*,*,#3037,.F.);
#3939=ORIENTED_EDGE('',*,*,#3039,.F.);
#3940=ORIENTED_EDGE('',*,*,#3040,.T.);
#3941=ORIENTED_EDGE('',*,*,#3041,.F.);
#3942=ORIENTED_EDGE('',*,*,#3040,.F.);
#3943=ORIENTED_EDGE('',*,*,#3042,.F.);
#3944=ORIENTED_EDGE('',*,*,#3014,.T.);
#3945=ORIENTED_EDGE('',*,*,#3043,.F.);
#3946=ORIENTED_EDGE('',*,*,#3044,.F.);
#3947=ORIENTED_EDGE('',*,*,#3045,.F.);
#3948=ORIENTED_EDGE('',*,*,#3046,.T.);
#3949=ORIENTED_EDGE('',*,*,#3047,.F.);
#3950=ORIENTED_EDGE('',*,*,#3046,.F.);
#3951=ORIENTED_EDGE('',*,*,#3048,.F.);
#3952=ORIENTED_EDGE('',*,*,#3049,.T.);
#3953=ORIENTED_EDGE('',*,*,#3050,.F.);
#3954=ORIENTED_EDGE('',*,*,#3049,.F.);
#3955=ORIENTED_EDGE('',*,*,#3051,.F.);
#3956=ORIENTED_EDGE('',*,*,#3052,.T.);
#3957=ORIENTED_EDGE('',*,*,#3053,.F.);
#3958=ORIENTED_EDGE('',*,*,#3052,.F.);
#3959=ORIENTED_EDGE('',*,*,#3054,.F.);
#3960=ORIENTED_EDGE('',*,*,#3055,.T.);
#3961=ORIENTED_EDGE('',*,*,#3056,.F.);
#3962=ORIENTED_EDGE('',*,*,#3055,.F.);
#3963=ORIENTED_EDGE('',*,*,#3057,.F.);
#3964=ORIENTED_EDGE('',*,*,#3058,.T.);
#3965=ORIENTED_EDGE('',*,*,#3059,.F.);
#3966=ORIENTED_EDGE('',*,*,#3058,.F.);
#3967=ORIENTED_EDGE('',*,*,#3060,.F.);
#3968=ORIENTED_EDGE('',*,*,#3061,.T.);
#3969=ORIENTED_EDGE('',*,*,#3062,.F.);
#3970=ORIENTED_EDGE('',*,*,#3061,.F.);
#3971=ORIENTED_EDGE('',*,*,#3063,.F.);
#3972=ORIENTED_EDGE('',*,*,#3064,.T.);
#3973=ORIENTED_EDGE('',*,*,#3065,.F.);
#3974=ORIENTED_EDGE('',*,*,#3064,.F.);
#3975=ORIENTED_EDGE('',*,*,#3066,.F.);
#3976=ORIENTED_EDGE('',*,*,#3067,.T.);
#3977=ORIENTED_EDGE('',*,*,#3068,.F.);
#3978=ORIENTED_EDGE('',*,*,#3067,.F.);
#3979=ORIENTED_EDGE('',*,*,#3069,.F.);
#3980=ORIENTED_EDGE('',*,*,#3070,.T.);
#3981=ORIENTED_EDGE('',*,*,#3071,.F.);
#3982=ORIENTED_EDGE('',*,*,#3070,.F.);
#3983=ORIENTED_EDGE('',*,*,#3072,.F.);
#3984=ORIENTED_EDGE('',*,*,#3044,.T.);
#3985=ORIENTED_EDGE('',*,*,#3073,.F.);
#3986=ORIENTED_EDGE('',*,*,#3074,.F.);
#3987=ORIENTED_EDGE('',*,*,#3075,.F.);
#3988=ORIENTED_EDGE('',*,*,#3076,.F.);
#3989=ORIENTED_EDGE('',*,*,#3077,.F.);
#3990=ORIENTED_EDGE('',*,*,#3078,.F.);
#3991=ORIENTED_EDGE('',*,*,#3079,.F.);
#3992=ORIENTED_EDGE('',*,*,#3080,.T.);
#3993=ORIENTED_EDGE('',*,*,#3081,.F.);
#3994=ORIENTED_EDGE('',*,*,#3080,.F.);
#3995=ORIENTED_EDGE('',*,*,#3082,.F.);
#3996=ORIENTED_EDGE('',*,*,#3074,.T.);
#3997=ORIENTED_EDGE('',*,*,#3076,.T.);
#3998=ORIENTED_EDGE('',*,*,#3083,.T.);
#3999=ORIENTED_EDGE('',*,*,#3084,.T.);
#4000=ORIENTED_EDGE('',*,*,#3085,.T.);
#4001=ORIENTED_EDGE('',*,*,#3086,.T.);
#4002=ORIENTED_EDGE('',*,*,#3087,.T.);
#4003=ORIENTED_EDGE('',*,*,#3088,.T.);
#4004=ORIENTED_EDGE('',*,*,#3089,.T.);
#4005=ORIENTED_EDGE('',*,*,#3090,.T.);
#4006=ORIENTED_EDGE('',*,*,#3091,.T.);
#4007=ORIENTED_EDGE('',*,*,#3078,.T.);
#4008=ORIENTED_EDGE('',*,*,#3092,.T.);
#4009=ORIENTED_EDGE('',*,*,#3093,.T.);
#4010=ORIENTED_EDGE('',*,*,#3094,.T.);
#4011=ORIENTED_EDGE('',*,*,#3095,.T.);
#4012=ORIENTED_EDGE('',*,*,#3096,.T.);
#4013=ORIENTED_EDGE('',*,*,#3097,.T.);
#4014=ORIENTED_EDGE('',*,*,#3098,.T.);
#4015=ORIENTED_EDGE('',*,*,#3099,.T.);
#4016=ORIENTED_EDGE('',*,*,#3100,.T.);
#4017=ORIENTED_EDGE('',*,*,#3075,.T.);
#4018=ORIENTED_EDGE('',*,*,#3082,.T.);
#4019=ORIENTED_EDGE('',*,*,#3079,.T.);
#4020=ORIENTED_EDGE('',*,*,#3091,.F.);
#4021=ORIENTED_EDGE('',*,*,#3101,.F.);
#4022=ORIENTED_EDGE('',*,*,#3102,.T.);
#4023=ORIENTED_EDGE('',*,*,#3103,.T.);
#4024=ORIENTED_EDGE('',*,*,#3083,.F.);
#4025=ORIENTED_EDGE('',*,*,#3104,.F.);
#4026=ORIENTED_EDGE('',*,*,#3105,.F.);
#4027=ORIENTED_EDGE('',*,*,#3106,.F.);
#4028=ORIENTED_EDGE('',*,*,#3107,.F.);
#4029=ORIENTED_EDGE('',*,*,#3108,.F.);
#4030=ORIENTED_EDGE('',*,*,#3109,.F.);
#4031=ORIENTED_EDGE('',*,*,#3110,.F.);
#4032=ORIENTED_EDGE('',*,*,#3111,.F.);
#4033=ORIENTED_EDGE('',*,*,#3059,.T.);
#4034=ORIENTED_EDGE('',*,*,#3062,.T.);
#4035=ORIENTED_EDGE('',*,*,#3065,.T.);
#4036=ORIENTED_EDGE('',*,*,#3068,.T.);
#4037=ORIENTED_EDGE('',*,*,#3071,.T.);
#4038=ORIENTED_EDGE('',*,*,#3043,.T.);
#4039=ORIENTED_EDGE('',*,*,#3047,.T.);
#4040=ORIENTED_EDGE('',*,*,#3050,.T.);
#4041=ORIENTED_EDGE('',*,*,#3053,.T.);
#4042=ORIENTED_EDGE('',*,*,#3056,.T.);
#4043=ORIENTED_EDGE('',*,*,#3029,.T.);
#4044=ORIENTED_EDGE('',*,*,#3032,.T.);
#4045=ORIENTED_EDGE('',*,*,#3035,.T.);
#4046=ORIENTED_EDGE('',*,*,#3038,.T.);
#4047=ORIENTED_EDGE('',*,*,#3041,.T.);
#4048=ORIENTED_EDGE('',*,*,#3013,.T.);
#4049=ORIENTED_EDGE('',*,*,#3017,.T.);
#4050=ORIENTED_EDGE('',*,*,#3020,.T.);
#4051=ORIENTED_EDGE('',*,*,#3023,.T.);
#4052=ORIENTED_EDGE('',*,*,#3026,.T.);
#4053=ORIENTED_EDGE('',*,*,#3005,.T.);
#4054=ORIENTED_EDGE('',*,*,#3008,.T.);
#4055=ORIENTED_EDGE('',*,*,#3011,.T.);
#4056=ORIENTED_EDGE('',*,*,#2995,.T.);
#4057=ORIENTED_EDGE('',*,*,#2999,.T.);
#4058=ORIENTED_EDGE('',*,*,#3002,.T.);
#4059=ORIENTED_EDGE('',*,*,#2981,.T.);
#4060=ORIENTED_EDGE('',*,*,#2984,.T.);
#4061=ORIENTED_EDGE('',*,*,#2987,.T.);
#4062=ORIENTED_EDGE('',*,*,#2990,.T.);
#4063=ORIENTED_EDGE('',*,*,#2993,.T.);
#4064=ORIENTED_EDGE('',*,*,#2965,.T.);
#4065=ORIENTED_EDGE('',*,*,#2969,.T.);
#4066=ORIENTED_EDGE('',*,*,#2972,.T.);
#4067=ORIENTED_EDGE('',*,*,#2975,.T.);
#4068=ORIENTED_EDGE('',*,*,#2978,.T.);
#4069=ORIENTED_EDGE('',*,*,#2957,.T.);
#4070=ORIENTED_EDGE('',*,*,#2960,.T.);
#4071=ORIENTED_EDGE('',*,*,#2963,.T.);
#4072=ORIENTED_EDGE('',*,*,#2947,.T.);
#4073=ORIENTED_EDGE('',*,*,#2951,.T.);
#4074=ORIENTED_EDGE('',*,*,#2954,.T.);
#4075=ORIENTED_EDGE('',*,*,#2936,.T.);
#4076=ORIENTED_EDGE('',*,*,#2939,.T.);
#4077=ORIENTED_EDGE('',*,*,#2942,.T.);
#4078=ORIENTED_EDGE('',*,*,#2945,.T.);
#4079=ORIENTED_EDGE('',*,*,#2923,.T.);
#4080=ORIENTED_EDGE('',*,*,#2927,.T.);
#4081=ORIENTED_EDGE('',*,*,#2930,.T.);
#4082=ORIENTED_EDGE('',*,*,#2933,.T.);
#4083=ORIENTED_EDGE('',*,*,#2915,.T.);
#4084=ORIENTED_EDGE('',*,*,#2918,.T.);
#4085=ORIENTED_EDGE('',*,*,#2921,.T.);
#4086=ORIENTED_EDGE('',*,*,#2905,.T.);
#4087=ORIENTED_EDGE('',*,*,#2909,.T.);
#4088=ORIENTED_EDGE('',*,*,#2912,.T.);
#4089=ORIENTED_EDGE('',*,*,#2897,.T.);
#4090=ORIENTED_EDGE('',*,*,#2900,.T.);
#4091=ORIENTED_EDGE('',*,*,#2903,.T.);
#4092=ORIENTED_EDGE('',*,*,#2890,.T.);
#4093=ORIENTED_EDGE('',*,*,#2894,.T.);
#4094=ORIENTED_EDGE('',*,*,#2879,.T.);
#4095=ORIENTED_EDGE('',*,*,#2882,.T.);
#4096=ORIENTED_EDGE('',*,*,#2885,.T.);
#4097=ORIENTED_EDGE('',*,*,#2888,.T.);
#4098=ORIENTED_EDGE('',*,*,#2866,.T.);
#4099=ORIENTED_EDGE('',*,*,#2870,.T.);
#4100=ORIENTED_EDGE('',*,*,#2873,.T.);
#4101=ORIENTED_EDGE('',*,*,#2876,.T.);
#4102=ORIENTED_EDGE('',*,*,#2852,.T.);
#4103=ORIENTED_EDGE('',*,*,#2855,.T.);
#4104=ORIENTED_EDGE('',*,*,#2858,.T.);
#4105=ORIENTED_EDGE('',*,*,#2861,.T.);
#4106=ORIENTED_EDGE('',*,*,#2864,.T.);
#4107=ORIENTED_EDGE('',*,*,#2836,.T.);
#4108=ORIENTED_EDGE('',*,*,#2840,.T.);
#4109=ORIENTED_EDGE('',*,*,#2843,.T.);
#4110=ORIENTED_EDGE('',*,*,#2846,.T.);
#4111=ORIENTED_EDGE('',*,*,#2849,.T.);
#4112=ORIENTED_EDGE('',*,*,#2825,.T.);
#4113=ORIENTED_EDGE('',*,*,#2828,.T.);
#4114=ORIENTED_EDGE('',*,*,#2831,.T.);
#4115=ORIENTED_EDGE('',*,*,#2834,.T.);
#4116=ORIENTED_EDGE('',*,*,#2815,.T.);
#4117=ORIENTED_EDGE('',*,*,#2819,.T.);
#4118=ORIENTED_EDGE('',*,*,#2822,.T.);
#4119=ORIENTED_EDGE('',*,*,#2810,.T.);
#4120=ORIENTED_EDGE('',*,*,#2813,.T.);
#4121=ORIENTED_EDGE('',*,*,#2803,.T.);
#4122=ORIENTED_EDGE('',*,*,#2807,.T.);
#4123=ORIENTED_EDGE('',*,*,#2792,.T.);
#4124=ORIENTED_EDGE('',*,*,#2795,.T.);
#4125=ORIENTED_EDGE('',*,*,#2798,.T.);
#4126=ORIENTED_EDGE('',*,*,#2801,.T.);
#4127=ORIENTED_EDGE('',*,*,#2779,.T.);
#4128=ORIENTED_EDGE('',*,*,#2783,.T.);
#4129=ORIENTED_EDGE('',*,*,#2786,.T.);
#4130=ORIENTED_EDGE('',*,*,#2789,.T.);
#4131=ORIENTED_EDGE('',*,*,#2771,.T.);
#4132=ORIENTED_EDGE('',*,*,#2774,.T.);
#4133=ORIENTED_EDGE('',*,*,#2777,.T.);
#4134=ORIENTED_EDGE('',*,*,#2761,.T.);
#4135=ORIENTED_EDGE('',*,*,#2765,.T.);
#4136=ORIENTED_EDGE('',*,*,#2768,.T.);
#4137=ORIENTED_EDGE('',*,*,#2756,.T.);
#4138=ORIENTED_EDGE('',*,*,#2759,.T.);
#4139=ORIENTED_EDGE('',*,*,#2749,.T.);
#4140=ORIENTED_EDGE('',*,*,#2753,.T.);
#4141=ORIENTED_EDGE('',*,*,#2738,.T.);
#4142=ORIENTED_EDGE('',*,*,#2741,.T.);
#4143=ORIENTED_EDGE('',*,*,#2744,.T.);
#4144=ORIENTED_EDGE('',*,*,#2747,.T.);
#4145=ORIENTED_EDGE('',*,*,#2725,.T.);
#4146=ORIENTED_EDGE('',*,*,#2729,.T.);
#4147=ORIENTED_EDGE('',*,*,#2732,.T.);
#4148=ORIENTED_EDGE('',*,*,#2735,.T.);
#4149=ORIENTED_EDGE('',*,*,#2717,.T.);
#4150=ORIENTED_EDGE('',*,*,#2720,.T.);
#4151=ORIENTED_EDGE('',*,*,#2723,.T.);
#4152=ORIENTED_EDGE('',*,*,#2710,.T.);
#4153=ORIENTED_EDGE('',*,*,#2714,.T.);
#4154=ORIENTED_EDGE('',*,*,#2702,.T.);
#4155=ORIENTED_EDGE('',*,*,#2705,.T.);
#4156=ORIENTED_EDGE('',*,*,#2708,.T.);
#4157=ORIENTED_EDGE('',*,*,#2692,.T.);
#4158=ORIENTED_EDGE('',*,*,#2696,.T.);
#4159=ORIENTED_EDGE('',*,*,#2699,.T.);
#4160=ORIENTED_EDGE('',*,*,#2684,.T.);
#4161=ORIENTED_EDGE('',*,*,#2687,.T.);
#4162=ORIENTED_EDGE('',*,*,#2690,.T.);
#4163=ORIENTED_EDGE('',*,*,#2674,.T.);
#4164=ORIENTED_EDGE('',*,*,#2678,.T.);
#4165=ORIENTED_EDGE('',*,*,#2681,.T.);
#4166=ORIENTED_EDGE('',*,*,#2663,.T.);
#4167=ORIENTED_EDGE('',*,*,#2666,.T.);
#4168=ORIENTED_EDGE('',*,*,#2669,.T.);
#4169=ORIENTED_EDGE('',*,*,#2672,.T.);
#4170=ORIENTED_EDGE('',*,*,#2653,.T.);
#4171=ORIENTED_EDGE('',*,*,#2657,.T.);
#4172=ORIENTED_EDGE('',*,*,#2660,.T.);
#4173=ORIENTED_EDGE('',*,*,#2642,.T.);
#4174=ORIENTED_EDGE('',*,*,#2645,.T.);
#4175=ORIENTED_EDGE('',*,*,#2648,.T.);
#4176=ORIENTED_EDGE('',*,*,#2651,.T.);
#4177=ORIENTED_EDGE('',*,*,#2629,.T.);
#4178=ORIENTED_EDGE('',*,*,#2633,.T.);
#4179=ORIENTED_EDGE('',*,*,#2636,.T.);
#4180=ORIENTED_EDGE('',*,*,#2639,.T.);
#4181=ORIENTED_EDGE('',*,*,#2624,.T.);
#4182=ORIENTED_EDGE('',*,*,#2627,.T.);
#4183=ORIENTED_EDGE('',*,*,#2617,.T.);
#4184=ORIENTED_EDGE('',*,*,#2621,.T.);
#4185=ORIENTED_EDGE('',*,*,#2603,.T.);
#4186=ORIENTED_EDGE('',*,*,#2606,.T.);
#4187=ORIENTED_EDGE('',*,*,#2609,.T.);
#4188=ORIENTED_EDGE('',*,*,#2612,.T.);
#4189=ORIENTED_EDGE('',*,*,#2615,.T.);
#4190=ORIENTED_EDGE('',*,*,#2587,.T.);
#4191=ORIENTED_EDGE('',*,*,#2591,.T.);
#4192=ORIENTED_EDGE('',*,*,#2594,.T.);
#4193=ORIENTED_EDGE('',*,*,#2597,.T.);
#4194=ORIENTED_EDGE('',*,*,#2600,.T.);
#4195=ORIENTED_EDGE('',*,*,#2579,.T.);
#4196=ORIENTED_EDGE('',*,*,#2582,.T.);
#4197=ORIENTED_EDGE('',*,*,#2585,.T.);
#4198=ORIENTED_EDGE('',*,*,#2569,.T.);
#4199=ORIENTED_EDGE('',*,*,#2573,.T.);
#4200=ORIENTED_EDGE('',*,*,#2576,.T.);
#4201=ORIENTED_EDGE('',*,*,#2549,.T.);
#4202=ORIENTED_EDGE('',*,*,#2552,.T.);
#4203=ORIENTED_EDGE('',*,*,#2555,.T.);
#4204=ORIENTED_EDGE('',*,*,#2558,.T.);
#4205=ORIENTED_EDGE('',*,*,#2561,.T.);
#4206=ORIENTED_EDGE('',*,*,#2564,.T.);
#4207=ORIENTED_EDGE('',*,*,#2567,.T.);
#4208=ORIENTED_EDGE('',*,*,#2527,.T.);
#4209=ORIENTED_EDGE('',*,*,#2531,.T.);
#4210=ORIENTED_EDGE('',*,*,#2534,.T.);
#4211=ORIENTED_EDGE('',*,*,#2537,.T.);
#4212=ORIENTED_EDGE('',*,*,#2540,.T.);
#4213=ORIENTED_EDGE('',*,*,#2543,.T.);
#4214=ORIENTED_EDGE('',*,*,#2546,.T.);
#4215=ORIENTED_EDGE('',*,*,#2513,.T.);
#4216=ORIENTED_EDGE('',*,*,#2516,.T.);
#4217=ORIENTED_EDGE('',*,*,#2519,.T.);
#4218=ORIENTED_EDGE('',*,*,#2522,.T.);
#4219=ORIENTED_EDGE('',*,*,#2525,.T.);
#4220=ORIENTED_EDGE('',*,*,#2497,.T.);
#4221=ORIENTED_EDGE('',*,*,#2501,.T.);
#4222=ORIENTED_EDGE('',*,*,#2504,.T.);
#4223=ORIENTED_EDGE('',*,*,#2507,.T.);
#4224=ORIENTED_EDGE('',*,*,#2510,.T.);
#4225=ORIENTED_EDGE('',*,*,#2489,.T.);
#4226=ORIENTED_EDGE('',*,*,#2492,.T.);
#4227=ORIENTED_EDGE('',*,*,#2495,.T.);
#4228=ORIENTED_EDGE('',*,*,#2479,.T.);
#4229=ORIENTED_EDGE('',*,*,#2483,.T.);
#4230=ORIENTED_EDGE('',*,*,#2486,.T.);
#4231=ORIENTED_EDGE('',*,*,#2468,.T.);
#4232=ORIENTED_EDGE('',*,*,#2471,.T.);
#4233=ORIENTED_EDGE('',*,*,#2474,.T.);
#4234=ORIENTED_EDGE('',*,*,#2477,.T.);
#4235=ORIENTED_EDGE('',*,*,#2455,.T.);
#4236=ORIENTED_EDGE('',*,*,#2459,.T.);
#4237=ORIENTED_EDGE('',*,*,#2462,.T.);
#4238=ORIENTED_EDGE('',*,*,#2465,.T.);
#4239=ORIENTED_EDGE('',*,*,#2450,.T.);
#4240=ORIENTED_EDGE('',*,*,#2453,.T.);
#4241=ORIENTED_EDGE('',*,*,#2443,.T.);
#4242=ORIENTED_EDGE('',*,*,#2447,.T.);
#4243=ORIENTED_EDGE('',*,*,#3108,.T.);
#4244=ORIENTED_EDGE('',*,*,#3112,.T.);
#4245=ORIENTED_EDGE('',*,*,#3093,.F.);
#4246=ORIENTED_EDGE('',*,*,#3113,.F.);
#4247=ORIENTED_EDGE('',*,*,#3107,.T.);
#4248=ORIENTED_EDGE('',*,*,#3114,.T.);
#4249=ORIENTED_EDGE('',*,*,#3094,.F.);
#4250=ORIENTED_EDGE('',*,*,#3112,.F.);
#4251=ORIENTED_EDGE('',*,*,#3106,.T.);
#4252=ORIENTED_EDGE('',*,*,#3115,.T.);
#4253=ORIENTED_EDGE('',*,*,#3095,.F.);
#4254=ORIENTED_EDGE('',*,*,#3114,.F.);
#4255=ORIENTED_EDGE('',*,*,#3105,.T.);
#4256=ORIENTED_EDGE('',*,*,#3116,.T.);
#4257=ORIENTED_EDGE('',*,*,#3096,.F.);
#4258=ORIENTED_EDGE('',*,*,#3115,.F.);
#4259=ORIENTED_EDGE('',*,*,#3073,.T.);
#4260=ORIENTED_EDGE('',*,*,#3100,.F.);
#4261=ORIENTED_EDGE('',*,*,#3117,.F.);
#4262=ORIENTED_EDGE('',*,*,#3109,.T.);
#4263=ORIENTED_EDGE('',*,*,#3113,.T.);
#4264=ORIENTED_EDGE('',*,*,#3092,.F.);
#4265=ORIENTED_EDGE('',*,*,#3077,.T.);
#4266=ORIENTED_EDGE('',*,*,#3081,.T.);
#4267=ORIENTED_EDGE('',*,*,#3110,.T.);
#4268=ORIENTED_EDGE('',*,*,#3117,.T.);
#4269=ORIENTED_EDGE('',*,*,#3099,.F.);
#4270=ORIENTED_EDGE('',*,*,#3118,.F.);
#4271=ORIENTED_EDGE('',*,*,#3111,.T.);
#4272=ORIENTED_EDGE('',*,*,#3118,.T.);
#4273=ORIENTED_EDGE('',*,*,#3098,.F.);
#4274=ORIENTED_EDGE('',*,*,#3119,.F.);
#4275=ORIENTED_EDGE('',*,*,#3104,.T.);
#4276=ORIENTED_EDGE('',*,*,#3119,.T.);
#4277=ORIENTED_EDGE('',*,*,#3097,.F.);
#4278=ORIENTED_EDGE('',*,*,#3116,.F.);
#4279=ORIENTED_EDGE('',*,*,#3120,.T.);
#4280=ORIENTED_EDGE('',*,*,#3121,.T.);
#4281=ORIENTED_EDGE('',*,*,#3089,.F.);
#4282=ORIENTED_EDGE('',*,*,#3122,.F.);
#4283=ORIENTED_EDGE('',*,*,#3123,.T.);
#4284=ORIENTED_EDGE('',*,*,#3122,.T.);
#4285=ORIENTED_EDGE('',*,*,#3088,.F.);
#4286=ORIENTED_EDGE('',*,*,#3124,.F.);
#4287=ORIENTED_EDGE('',*,*,#3125,.T.);
#4288=ORIENTED_EDGE('',*,*,#3124,.T.);
#4289=ORIENTED_EDGE('',*,*,#3087,.F.);
#4290=ORIENTED_EDGE('',*,*,#3126,.F.);
#4291=ORIENTED_EDGE('',*,*,#3127,.T.);
#4292=ORIENTED_EDGE('',*,*,#3126,.T.);
#4293=ORIENTED_EDGE('',*,*,#3086,.F.);
#4294=ORIENTED_EDGE('',*,*,#3128,.F.);
#4295=ORIENTED_EDGE('',*,*,#3129,.T.);
#4296=ORIENTED_EDGE('',*,*,#3128,.T.);
#4297=ORIENTED_EDGE('',*,*,#3085,.F.);
#4298=ORIENTED_EDGE('',*,*,#3130,.F.);
#4299=ORIENTED_EDGE('',*,*,#3131,.T.);
#4300=ORIENTED_EDGE('',*,*,#3130,.T.);
#4301=ORIENTED_EDGE('',*,*,#3084,.F.);
#4302=ORIENTED_EDGE('',*,*,#3103,.F.);
#4303=ORIENTED_EDGE('',*,*,#3132,.T.);
#4304=ORIENTED_EDGE('',*,*,#3101,.T.);
#4305=ORIENTED_EDGE('',*,*,#3090,.F.);
#4306=ORIENTED_EDGE('',*,*,#3121,.F.);
#4307=ORIENTED_EDGE('',*,*,#3132,.F.);
#4308=ORIENTED_EDGE('',*,*,#3120,.F.);
#4309=ORIENTED_EDGE('',*,*,#3123,.F.);
#4310=ORIENTED_EDGE('',*,*,#3125,.F.);
#4311=ORIENTED_EDGE('',*,*,#3127,.F.);
#4312=ORIENTED_EDGE('',*,*,#3129,.F.);
#4313=ORIENTED_EDGE('',*,*,#3131,.F.);
#4314=ORIENTED_EDGE('',*,*,#3102,.F.);
#4315=ORIENTED_EDGE('',*,*,#3060,.T.);
#4316=ORIENTED_EDGE('',*,*,#3057,.T.);
#4317=ORIENTED_EDGE('',*,*,#3054,.T.);
#4318=ORIENTED_EDGE('',*,*,#3051,.T.);
#4319=ORIENTED_EDGE('',*,*,#3048,.T.);
#4320=ORIENTED_EDGE('',*,*,#3045,.T.);
#4321=ORIENTED_EDGE('',*,*,#3072,.T.);
#4322=ORIENTED_EDGE('',*,*,#3069,.T.);
#4323=ORIENTED_EDGE('',*,*,#3066,.T.);
#4324=ORIENTED_EDGE('',*,*,#3063,.T.);
#4325=ORIENTED_EDGE('',*,*,#3030,.T.);
#4326=ORIENTED_EDGE('',*,*,#3027,.T.);
#4327=ORIENTED_EDGE('',*,*,#3024,.T.);
#4328=ORIENTED_EDGE('',*,*,#3021,.T.);
#4329=ORIENTED_EDGE('',*,*,#3018,.T.);
#4330=ORIENTED_EDGE('',*,*,#3015,.T.);
#4331=ORIENTED_EDGE('',*,*,#3042,.T.);
#4332=ORIENTED_EDGE('',*,*,#3039,.T.);
#4333=ORIENTED_EDGE('',*,*,#3036,.T.);
#4334=ORIENTED_EDGE('',*,*,#3033,.T.);
#4335=ORIENTED_EDGE('',*,*,#3006,.T.);
#4336=ORIENTED_EDGE('',*,*,#3003,.T.);
#4337=ORIENTED_EDGE('',*,*,#3000,.T.);
#4338=ORIENTED_EDGE('',*,*,#2997,.T.);
#4339=ORIENTED_EDGE('',*,*,#3012,.T.);
#4340=ORIENTED_EDGE('',*,*,#3009,.T.);
#4341=ORIENTED_EDGE('',*,*,#2982,.T.);
#4342=ORIENTED_EDGE('',*,*,#2979,.T.);
#4343=ORIENTED_EDGE('',*,*,#2976,.T.);
#4344=ORIENTED_EDGE('',*,*,#2973,.T.);
#4345=ORIENTED_EDGE('',*,*,#2970,.T.);
#4346=ORIENTED_EDGE('',*,*,#2967,.T.);
#4347=ORIENTED_EDGE('',*,*,#2994,.T.);
#4348=ORIENTED_EDGE('',*,*,#2991,.T.);
#4349=ORIENTED_EDGE('',*,*,#2988,.T.);
#4350=ORIENTED_EDGE('',*,*,#2985,.T.);
#4351=ORIENTED_EDGE('',*,*,#2958,.T.);
#4352=ORIENTED_EDGE('',*,*,#2955,.T.);
#4353=ORIENTED_EDGE('',*,*,#2952,.T.);
#4354=ORIENTED_EDGE('',*,*,#2949,.T.);
#4355=ORIENTED_EDGE('',*,*,#2964,.T.);
#4356=ORIENTED_EDGE('',*,*,#2961,.T.);
#4357=ORIENTED_EDGE('',*,*,#2937,.T.);
#4358=ORIENTED_EDGE('',*,*,#2934,.T.);
#4359=ORIENTED_EDGE('',*,*,#2931,.T.);
#4360=ORIENTED_EDGE('',*,*,#2928,.T.);
#4361=ORIENTED_EDGE('',*,*,#2925,.T.);
#4362=ORIENTED_EDGE('',*,*,#2946,.T.);
#4363=ORIENTED_EDGE('',*,*,#2943,.T.);
#4364=ORIENTED_EDGE('',*,*,#2940,.T.);
#4365=ORIENTED_EDGE('',*,*,#2916,.T.);
#4366=ORIENTED_EDGE('',*,*,#2913,.T.);
#4367=ORIENTED_EDGE('',*,*,#2910,.T.);
#4368=ORIENTED_EDGE('',*,*,#2907,.T.);
#4369=ORIENTED_EDGE('',*,*,#2922,.T.);
#4370=ORIENTED_EDGE('',*,*,#2919,.T.);
#4371=ORIENTED_EDGE('',*,*,#2898,.T.);
#4372=ORIENTED_EDGE('',*,*,#2895,.T.);
#4373=ORIENTED_EDGE('',*,*,#2892,.T.);
#4374=ORIENTED_EDGE('',*,*,#2904,.T.);
#4375=ORIENTED_EDGE('',*,*,#2901,.T.);
#4376=ORIENTED_EDGE('',*,*,#2880,.T.);
#4377=ORIENTED_EDGE('',*,*,#2877,.T.);
#4378=ORIENTED_EDGE('',*,*,#2874,.T.);
#4379=ORIENTED_EDGE('',*,*,#2871,.T.);
#4380=ORIENTED_EDGE('',*,*,#2868,.T.);
#4381=ORIENTED_EDGE('',*,*,#2889,.T.);
#4382=ORIENTED_EDGE('',*,*,#2886,.T.);
#4383=ORIENTED_EDGE('',*,*,#2883,.T.);
#4384=ORIENTED_EDGE('',*,*,#2853,.T.);
#4385=ORIENTED_EDGE('',*,*,#2850,.T.);
#4386=ORIENTED_EDGE('',*,*,#2847,.T.);
#4387=ORIENTED_EDGE('',*,*,#2844,.T.);
#4388=ORIENTED_EDGE('',*,*,#2841,.T.);
#4389=ORIENTED_EDGE('',*,*,#2838,.T.);
#4390=ORIENTED_EDGE('',*,*,#2865,.T.);
#4391=ORIENTED_EDGE('',*,*,#2862,.T.);
#4392=ORIENTED_EDGE('',*,*,#2859,.T.);
#4393=ORIENTED_EDGE('',*,*,#2856,.T.);
#4394=ORIENTED_EDGE('',*,*,#2826,.T.);
#4395=ORIENTED_EDGE('',*,*,#2823,.T.);
#4396=ORIENTED_EDGE('',*,*,#2820,.T.);
#4397=ORIENTED_EDGE('',*,*,#2817,.T.);
#4398=ORIENTED_EDGE('',*,*,#2835,.T.);
#4399=ORIENTED_EDGE('',*,*,#2832,.T.);
#4400=ORIENTED_EDGE('',*,*,#2829,.T.);
#4401=ORIENTED_EDGE('',*,*,#2811,.T.);
#4402=ORIENTED_EDGE('',*,*,#2808,.T.);
#4403=ORIENTED_EDGE('',*,*,#2805,.T.);
#4404=ORIENTED_EDGE('',*,*,#2814,.T.);
#4405=ORIENTED_EDGE('',*,*,#2793,.T.);
#4406=ORIENTED_EDGE('',*,*,#2790,.T.);
#4407=ORIENTED_EDGE('',*,*,#2787,.T.);
#4408=ORIENTED_EDGE('',*,*,#2784,.T.);
#4409=ORIENTED_EDGE('',*,*,#2781,.T.);
#4410=ORIENTED_EDGE('',*,*,#2802,.T.);
#4411=ORIENTED_EDGE('',*,*,#2799,.T.);
#4412=ORIENTED_EDGE('',*,*,#2796,.T.);
#4413=ORIENTED_EDGE('',*,*,#2772,.T.);
#4414=ORIENTED_EDGE('',*,*,#2769,.T.);
#4415=ORIENTED_EDGE('',*,*,#2766,.T.);
#4416=ORIENTED_EDGE('',*,*,#2763,.T.);
#4417=ORIENTED_EDGE('',*,*,#2778,.T.);
#4418=ORIENTED_EDGE('',*,*,#2775,.T.);
#4419=ORIENTED_EDGE('',*,*,#2757,.T.);
#4420=ORIENTED_EDGE('',*,*,#2754,.T.);
#4421=ORIENTED_EDGE('',*,*,#2751,.T.);
#4422=ORIENTED_EDGE('',*,*,#2760,.T.);
#4423=ORIENTED_EDGE('',*,*,#2739,.T.);
#4424=ORIENTED_EDGE('',*,*,#2736,.T.);
#4425=ORIENTED_EDGE('',*,*,#2733,.T.);
#4426=ORIENTED_EDGE('',*,*,#2730,.T.);
#4427=ORIENTED_EDGE('',*,*,#2727,.T.);
#4428=ORIENTED_EDGE('',*,*,#2748,.T.);
#4429=ORIENTED_EDGE('',*,*,#2745,.T.);
#4430=ORIENTED_EDGE('',*,*,#2742,.T.);
#4431=ORIENTED_EDGE('',*,*,#2718,.T.);
#4432=ORIENTED_EDGE('',*,*,#2715,.T.);
#4433=ORIENTED_EDGE('',*,*,#2712,.T.);
#4434=ORIENTED_EDGE('',*,*,#2724,.T.);
#4435=ORIENTED_EDGE('',*,*,#2721,.T.);
#4436=ORIENTED_EDGE('',*,*,#2703,.T.);
#4437=ORIENTED_EDGE('',*,*,#2700,.T.);
#4438=ORIENTED_EDGE('',*,*,#2697,.T.);
#4439=ORIENTED_EDGE('',*,*,#2694,.T.);
#4440=ORIENTED_EDGE('',*,*,#2709,.T.);
#4441=ORIENTED_EDGE('',*,*,#2706,.T.);
#4442=ORIENTED_EDGE('',*,*,#2685,.T.);
#4443=ORIENTED_EDGE('',*,*,#2682,.T.);
#4444=ORIENTED_EDGE('',*,*,#2679,.T.);
#4445=ORIENTED_EDGE('',*,*,#2676,.T.);
#4446=ORIENTED_EDGE('',*,*,#2691,.T.);
#4447=ORIENTED_EDGE('',*,*,#2688,.T.);
#4448=ORIENTED_EDGE('',*,*,#2664,.T.);
#4449=ORIENTED_EDGE('',*,*,#2661,.T.);
#4450=ORIENTED_EDGE('',*,*,#2658,.T.);
#4451=ORIENTED_EDGE('',*,*,#2655,.T.);
#4452=ORIENTED_EDGE('',*,*,#2673,.T.);
#4453=ORIENTED_EDGE('',*,*,#2670,.T.);
#4454=ORIENTED_EDGE('',*,*,#2667,.T.);
#4455=ORIENTED_EDGE('',*,*,#2643,.T.);
#4456=ORIENTED_EDGE('',*,*,#2640,.T.);
#4457=ORIENTED_EDGE('',*,*,#2637,.T.);
#4458=ORIENTED_EDGE('',*,*,#2634,.T.);
#4459=ORIENTED_EDGE('',*,*,#2631,.T.);
#4460=ORIENTED_EDGE('',*,*,#2652,.T.);
#4461=ORIENTED_EDGE('',*,*,#2649,.T.);
#4462=ORIENTED_EDGE('',*,*,#2646,.T.);
#4463=ORIENTED_EDGE('',*,*,#2625,.T.);
#4464=ORIENTED_EDGE('',*,*,#2622,.T.);
#4465=ORIENTED_EDGE('',*,*,#2619,.T.);
#4466=ORIENTED_EDGE('',*,*,#2628,.T.);
#4467=ORIENTED_EDGE('',*,*,#2604,.T.);
#4468=ORIENTED_EDGE('',*,*,#2601,.T.);
#4469=ORIENTED_EDGE('',*,*,#2598,.T.);
#4470=ORIENTED_EDGE('',*,*,#2595,.T.);
#4471=ORIENTED_EDGE('',*,*,#2592,.T.);
#4472=ORIENTED_EDGE('',*,*,#2589,.T.);
#4473=ORIENTED_EDGE('',*,*,#2616,.T.);
#4474=ORIENTED_EDGE('',*,*,#2613,.T.);
#4475=ORIENTED_EDGE('',*,*,#2610,.T.);
#4476=ORIENTED_EDGE('',*,*,#2607,.T.);
#4477=ORIENTED_EDGE('',*,*,#2580,.T.);
#4478=ORIENTED_EDGE('',*,*,#2577,.T.);
#4479=ORIENTED_EDGE('',*,*,#2574,.T.);
#4480=ORIENTED_EDGE('',*,*,#2571,.T.);
#4481=ORIENTED_EDGE('',*,*,#2586,.T.);
#4482=ORIENTED_EDGE('',*,*,#2583,.T.);
#4483=ORIENTED_EDGE('',*,*,#2550,.T.);
#4484=ORIENTED_EDGE('',*,*,#2547,.T.);
#4485=ORIENTED_EDGE('',*,*,#2544,.T.);
#4486=ORIENTED_EDGE('',*,*,#2541,.T.);
#4487=ORIENTED_EDGE('',*,*,#2538,.T.);
#4488=ORIENTED_EDGE('',*,*,#2535,.T.);
#4489=ORIENTED_EDGE('',*,*,#2532,.T.);
#4490=ORIENTED_EDGE('',*,*,#2529,.T.);
#4491=ORIENTED_EDGE('',*,*,#2568,.T.);
#4492=ORIENTED_EDGE('',*,*,#2565,.T.);
#4493=ORIENTED_EDGE('',*,*,#2562,.T.);
#4494=ORIENTED_EDGE('',*,*,#2559,.T.);
#4495=ORIENTED_EDGE('',*,*,#2556,.T.);
#4496=ORIENTED_EDGE('',*,*,#2553,.T.);
#4497=ORIENTED_EDGE('',*,*,#2514,.T.);
#4498=ORIENTED_EDGE('',*,*,#2511,.T.);
#4499=ORIENTED_EDGE('',*,*,#2508,.T.);
#4500=ORIENTED_EDGE('',*,*,#2505,.T.);
#4501=ORIENTED_EDGE('',*,*,#2502,.T.);
#4502=ORIENTED_EDGE('',*,*,#2499,.T.);
#4503=ORIENTED_EDGE('',*,*,#2526,.T.);
#4504=ORIENTED_EDGE('',*,*,#2523,.T.);
#4505=ORIENTED_EDGE('',*,*,#2520,.T.);
#4506=ORIENTED_EDGE('',*,*,#2517,.T.);
#4507=ORIENTED_EDGE('',*,*,#2490,.T.);
#4508=ORIENTED_EDGE('',*,*,#2487,.T.);
#4509=ORIENTED_EDGE('',*,*,#2484,.T.);
#4510=ORIENTED_EDGE('',*,*,#2481,.T.);
#4511=ORIENTED_EDGE('',*,*,#2496,.T.);
#4512=ORIENTED_EDGE('',*,*,#2493,.T.);
#4513=ORIENTED_EDGE('',*,*,#2469,.T.);
#4514=ORIENTED_EDGE('',*,*,#2466,.T.);
#4515=ORIENTED_EDGE('',*,*,#2463,.T.);
#4516=ORIENTED_EDGE('',*,*,#2460,.T.);
#4517=ORIENTED_EDGE('',*,*,#2457,.T.);
#4518=ORIENTED_EDGE('',*,*,#2478,.T.);
#4519=ORIENTED_EDGE('',*,*,#2475,.T.);
#4520=ORIENTED_EDGE('',*,*,#2472,.T.);
#4521=ORIENTED_EDGE('',*,*,#2451,.T.);
#4522=ORIENTED_EDGE('',*,*,#2448,.T.);
#4523=ORIENTED_EDGE('',*,*,#2445,.T.);
#4524=ORIENTED_EDGE('',*,*,#2454,.T.);
#4525=ORIENTED_EDGE('',*,*,#3133,.F.);
#4526=ORIENTED_EDGE('',*,*,#3134,.T.);
#4527=ORIENTED_EDGE('',*,*,#3135,.T.);
#4528=ORIENTED_EDGE('',*,*,#3134,.F.);
#4529=ORIENTED_EDGE('',*,*,#3133,.T.);
#4530=ORIENTED_EDGE('',*,*,#3135,.F.);
#4531=ORIENTED_EDGE('',*,*,#3136,.F.);
#4532=ORIENTED_EDGE('',*,*,#3137,.T.);
#4533=ORIENTED_EDGE('',*,*,#3138,.T.);
#4534=ORIENTED_EDGE('',*,*,#3137,.F.);
#4535=ORIENTED_EDGE('',*,*,#3136,.T.);
#4536=ORIENTED_EDGE('',*,*,#3138,.F.);
#4537=ORIENTED_EDGE('',*,*,#3139,.F.);
#4538=ORIENTED_EDGE('',*,*,#3140,.T.);
#4539=ORIENTED_EDGE('',*,*,#3141,.T.);
#4540=ORIENTED_EDGE('',*,*,#3140,.F.);
#4541=ORIENTED_EDGE('',*,*,#3139,.T.);
#4542=ORIENTED_EDGE('',*,*,#3141,.F.);
#4543=ORIENTED_EDGE('',*,*,#3142,.F.);
#4544=ORIENTED_EDGE('',*,*,#3143,.T.);
#4545=ORIENTED_EDGE('',*,*,#3144,.T.);
#4546=ORIENTED_EDGE('',*,*,#3143,.F.);
#4547=ORIENTED_EDGE('',*,*,#3142,.T.);
#4548=ORIENTED_EDGE('',*,*,#3144,.F.);
#4549=CYLINDRICAL_SURFACE('',#4911,0.500000000000004);
#4550=CYLINDRICAL_SURFACE('',#4918,5.00000000000002);
#4551=CYLINDRICAL_SURFACE('',#4922,1.60000000000001);
#4552=CYLINDRICAL_SURFACE('',#4926,4.99999999999999);
#4553=CYLINDRICAL_SURFACE('',#4930,4.99999999999998);
#4554=CYLINDRICAL_SURFACE('',#4935,2.49999999999996);
#4555=CYLINDRICAL_SURFACE('',#4939,1.50000000000003);
#4556=CYLINDRICAL_SURFACE('',#4943,9.0000000000004);
#4557=CYLINDRICAL_SURFACE('',#4947,2.00000000000001);
#4558=CYLINDRICAL_SURFACE('',#4951,1.99999999999988);
#4559=CYLINDRICAL_SURFACE('',#4955,1.50000000000003);
#4560=CYLINDRICAL_SURFACE('',#4959,5.00000000000001);
#4561=CYLINDRICAL_SURFACE('',#4964,3.00000000000007);
#4562=CYLINDRICAL_SURFACE('',#4969,3.00000000000007);
#4563=CYLINDRICAL_SURFACE('',#4973,0.999999999999996);
#4564=CYLINDRICAL_SURFACE('',#4977,0.999999999999989);
#4565=CYLINDRICAL_SURFACE('',#4982,0.999999999999991);
#4566=CYLINDRICAL_SURFACE('',#4986,0.999999999999989);
#4567=CYLINDRICAL_SURFACE('',#4989,2.49999999999999);
#4568=CYLINDRICAL_SURFACE('',#4993,2.50000000000001);
#4569=CYLINDRICAL_SURFACE('',#4997,2.49999999999995);
#4570=CYLINDRICAL_SURFACE('',#5001,2.50000000000001);
#4571=CYLINDRICAL_SURFACE('',#5005,3.00000000000038);
#4572=CYLINDRICAL_SURFACE('',#5009,2.49999999999994);
#4573=CYLINDRICAL_SURFACE('',#5013,1.60000000000002);
#4574=CYLINDRICAL_SURFACE('',#5017,1.60000000000003);
#4575=CYLINDRICAL_SURFACE('',#5023,7.50000000000003);
#4576=CYLINDRICAL_SURFACE('',#5027,2.50000000000001);
#4577=CYLINDRICAL_SURFACE('',#5033,2.49999999999999);
#4578=CYLINDRICAL_SURFACE('',#5037,2.50000000000005);
#4579=CYLINDRICAL_SURFACE('',#5042,2.);
#4580=CYLINDRICAL_SURFACE('',#5048,2.);
#4581=CYLINDRICAL_SURFACE('',#5052,0.499999999999984);
#4582=CYLINDRICAL_SURFACE('',#5056,2.49999999999998);
#4583=CYLINDRICAL_SURFACE('',#5060,4.99999999999997);
#4584=CYLINDRICAL_SURFACE('',#5065,2.5);
#4585=CYLINDRICAL_SURFACE('',#5069,0.499999999999981);
#4586=CYLINDRICAL_SURFACE('',#5073,4.99999999999997);
#4587=CYLINDRICAL_SURFACE('',#5077,5.);
#4588=CYLINDRICAL_SURFACE('',#5081,2.50000000000001);
#4589=CYLINDRICAL_SURFACE('',#5088,1.00000000000002);
#4590=CYLINDRICAL_SURFACE('',#5092,0.999999999999869);
#4591=CYLINDRICAL_SURFACE('',#5096,0.999999999999988);
#4592=CYLINDRICAL_SURFACE('',#5099,7.50000000000004);
#4593=CYLINDRICAL_SURFACE('',#5105,2.49999999999996);
#4594=CYLINDRICAL_SURFACE('',#5109,2.5);
#4595=CYLINDRICAL_SURFACE('',#5113,2.49999999999999);
#4596=CYLINDRICAL_SURFACE('',#5120,2.50000000000001);
#4597=CYLINDRICAL_SURFACE('',#5124,2.50000000000005);
#4598=CYLINDRICAL_SURFACE('',#5128,2.49999999999998);
#4599=CYLINDRICAL_SURFACE('',#5133,0.500000000000007);
#4600=CYLINDRICAL_SURFACE('',#5139,38.5000000000013);
#4601=CYLINDRICAL_SURFACE('',#5144,38.5000000000014);
#4602=CYLINDRICAL_SURFACE('',#5148,1.60000000000001);
#4603=CYLINDRICAL_SURFACE('',#5152,1.60000000000013);
#4604=CYLINDRICAL_SURFACE('',#5156,1.99999999999999);
#4605=CYLINDRICAL_SURFACE('',#5160,0.499999999999986);
#4606=CYLINDRICAL_SURFACE('',#5164,1.49999999999999);
#4607=CYLINDRICAL_SURFACE('',#5169,4.99999999999999);
#4608=CYLINDRICAL_SURFACE('',#5173,4.99999999999998);
#4609=CYLINDRICAL_SURFACE('',#5177,4.99999999999999);
#4610=CYLINDRICAL_SURFACE('',#5181,1.60000000000003);
#4611=CYLINDRICAL_SURFACE('',#5186,2.50000000000002);
#4612=CYLINDRICAL_SURFACE('',#5190,5.);
#4613=CYLINDRICAL_SURFACE('',#5193,4.99999999999998);
#4614=CYLINDRICAL_SURFACE('',#5198,4.99999999999996);
#4615=CYLINDRICAL_SURFACE('',#5204,0.99999999999999);
#4616=CYLINDRICAL_SURFACE('',#5208,0.999999999999874);
#4617=CYLINDRICAL_SURFACE('',#5212,1.00000000000004);
#4618=CYLINDRICAL_SURFACE('',#5220,1.50000000000003);
#4619=CYLINDRICAL_SURFACE('',#5224,2.49999999999998);
#4620=CYLINDRICAL_SURFACE('',#5227,5.);
#4621=CYLINDRICAL_SURFACE('',#5231,1.50000000000003);
#4622=CYLINDRICAL_SURFACE('',#5235,1.9999999999999);
#4623=CYLINDRICAL_SURFACE('',#5239,2.00000000000002);
#4624=CYLINDRICAL_SURFACE('',#5243,9.00000000000041);
#4625=CYLINDRICAL_SURFACE('',#5247,4.99999999999998);
#4626=CYLINDRICAL_SURFACE('',#5252,4.99999999999995);
#4627=CYLINDRICAL_SURFACE('',#5258,1.60000000000001);
#4628=CYLINDRICAL_SURFACE('',#5262,2.49999999999994);
#4629=CYLINDRICAL_SURFACE('',#5266,3.00000000000036);
#4630=CYLINDRICAL_SURFACE('',#5270,2.5);
#4631=CYLINDRICAL_SURFACE('',#5274,1.60000000000003);
#4632=CYLINDRICAL_SURFACE('',#5278,1.60000000000013);
#4633=CYLINDRICAL_SURFACE('',#5282,1.60000000000001);
#4634=CYLINDRICAL_SURFACE('',#5286,1.49999999999999);
#4635=CYLINDRICAL_SURFACE('',#5290,0.499999999999979);
#4636=CYLINDRICAL_SURFACE('',#5294,1.99999999999998);
#4637=CYLINDRICAL_SURFACE('',#5315,5.00000000000014);
#4638=CYLINDRICAL_SURFACE('',#5317,4.99999999999993);
#4639=CYLINDRICAL_SURFACE('',#5320,5.);
#4640=CYLINDRICAL_SURFACE('',#5322,5.);
#4641=CYLINDRICAL_SURFACE('',#5324,7.5);
#4642=CYLINDRICAL_SURFACE('',#5327,7.50000000000001);
#4643=CYLINDRICAL_SURFACE('',#5330,7.50000000000002);
#4644=CYLINDRICAL_SURFACE('',#5332,7.50000000000007);
#4645=CYLINDRICAL_SURFACE('',#5335,1.19800791787029);
#4646=CYLINDRICAL_SURFACE('',#5340,1.32139526085086);
#4647=CYLINDRICAL_SURFACE('',#5345,1.36063242867863);
#4648=CYLINDRICAL_SURFACE('',#5350,1.42365994878569);
#4649=ADVANCED_FACE('',(#225),#4549,.F.);
#4650=ADVANCED_FACE('',(#226),#81,.F.);
#4651=ADVANCED_FACE('',(#227),#82,.F.);
#4652=ADVANCED_FACE('',(#228),#83,.F.);
#4653=ADVANCED_FACE('',(#229),#84,.F.);
#4654=ADVANCED_FACE('',(#230),#4550,.F.);
#4655=ADVANCED_FACE('',(#231),#85,.F.);
#4656=ADVANCED_FACE('',(#232),#4551,.F.);
#4657=ADVANCED_FACE('',(#233),#86,.F.);
#4658=ADVANCED_FACE('',(#234),#4552,.F.);
#4659=ADVANCED_FACE('',(#235),#87,.F.);
#4660=ADVANCED_FACE('',(#236),#4553,.F.);
#4661=ADVANCED_FACE('',(#237),#88,.F.);
#4662=ADVANCED_FACE('',(#238),#89,.F.);
#4663=ADVANCED_FACE('',(#239),#4554,.F.);
#4664=ADVANCED_FACE('',(#240),#90,.F.);
#4665=ADVANCED_FACE('',(#241),#4555,.F.);
#4666=ADVANCED_FACE('',(#242),#91,.F.);
#4667=ADVANCED_FACE('',(#243),#4556,.F.);
#4668=ADVANCED_FACE('',(#244),#92,.F.);
#4669=ADVANCED_FACE('',(#245),#4557,.F.);
#4670=ADVANCED_FACE('',(#246),#93,.F.);
#4671=ADVANCED_FACE('',(#247),#4558,.F.);
#4672=ADVANCED_FACE('',(#248),#94,.F.);
#4673=ADVANCED_FACE('',(#249),#4559,.F.);
#4674=ADVANCED_FACE('',(#250),#95,.F.);
#4675=ADVANCED_FACE('',(#251),#4560,.F.);
#4676=ADVANCED_FACE('',(#252),#96,.F.);
#4677=ADVANCED_FACE('',(#253),#97,.F.);
#4678=ADVANCED_FACE('',(#254),#4561,.F.);
#4679=ADVANCED_FACE('',(#255),#98,.F.);
#4680=ADVANCED_FACE('',(#256),#99,.F.);
#4681=ADVANCED_FACE('',(#257),#4562,.F.);
#4682=ADVANCED_FACE('',(#258),#100,.F.);
#4683=ADVANCED_FACE('',(#259),#4563,.F.);
#4684=ADVANCED_FACE('',(#260),#101,.F.);
#4685=ADVANCED_FACE('',(#261),#4564,.F.);
#4686=ADVANCED_FACE('',(#262),#102,.F.);
#4687=ADVANCED_FACE('',(#263),#103,.F.);
#4688=ADVANCED_FACE('',(#264),#4565,.F.);
#4689=ADVANCED_FACE('',(#265),#104,.F.);
#4690=ADVANCED_FACE('',(#266),#4566,.F.);
#4691=ADVANCED_FACE('',(#267),#4567,.F.);
#4692=ADVANCED_FACE('',(#268),#105,.F.);
#4693=ADVANCED_FACE('',(#269),#4568,.F.);
#4694=ADVANCED_FACE('',(#270),#106,.F.);
#4695=ADVANCED_FACE('',(#271),#4569,.F.);
#4696=ADVANCED_FACE('',(#272),#107,.F.);
#4697=ADVANCED_FACE('',(#273),#4570,.F.);
#4698=ADVANCED_FACE('',(#274),#108,.F.);
#4699=ADVANCED_FACE('',(#275),#4571,.F.);
#4700=ADVANCED_FACE('',(#276),#109,.F.);
#4701=ADVANCED_FACE('',(#277),#4572,.F.);
#4702=ADVANCED_FACE('',(#278),#110,.F.);
#4703=ADVANCED_FACE('',(#279),#4573,.F.);
#4704=ADVANCED_FACE('',(#280),#111,.F.);
#4705=ADVANCED_FACE('',(#281),#4574,.F.);
#4706=ADVANCED_FACE('',(#282),#112,.F.);
#4707=ADVANCED_FACE('',(#283),#113,.F.);
#4708=ADVANCED_FACE('',(#284),#114,.F.);
#4709=ADVANCED_FACE('',(#285),#4575,.F.);
#4710=ADVANCED_FACE('',(#286),#115,.F.);
#4711=ADVANCED_FACE('',(#287),#4576,.F.);
#4712=ADVANCED_FACE('',(#288),#116,.F.);
#4713=ADVANCED_FACE('',(#289),#117,.F.);
#4714=ADVANCED_FACE('',(#290),#118,.F.);
#4715=ADVANCED_FACE('',(#291),#4577,.F.);
#4716=ADVANCED_FACE('',(#292),#119,.F.);
#4717=ADVANCED_FACE('',(#293),#4578,.F.);
#4718=ADVANCED_FACE('',(#294),#120,.F.);
#4719=ADVANCED_FACE('',(#295),#121,.F.);
#4720=ADVANCED_FACE('',(#296),#4579,.F.);
#4721=ADVANCED_FACE('',(#297),#122,.F.);
#4722=ADVANCED_FACE('',(#298),#123,.F.);
#4723=ADVANCED_FACE('',(#299),#124,.F.);
#4724=ADVANCED_FACE('',(#300),#4580,.F.);
#4725=ADVANCED_FACE('',(#301),#125,.F.);
#4726=ADVANCED_FACE('',(#302),#4581,.F.);
#4727=ADVANCED_FACE('',(#303),#126,.F.);
#4728=ADVANCED_FACE('',(#304),#4582,.F.);
#4729=ADVANCED_FACE('',(#305),#127,.F.);
#4730=ADVANCED_FACE('',(#306),#4583,.F.);
#4731=ADVANCED_FACE('',(#307),#128,.F.);
#4732=ADVANCED_FACE('',(#308),#129,.F.);
#4733=ADVANCED_FACE('',(#309),#4584,.F.);
#4734=ADVANCED_FACE('',(#310),#130,.F.);
#4735=ADVANCED_FACE('',(#311),#4585,.F.);
#4736=ADVANCED_FACE('',(#312),#131,.F.);
#4737=ADVANCED_FACE('',(#313),#4586,.F.);
#4738=ADVANCED_FACE('',(#314),#132,.F.);
#4739=ADVANCED_FACE('',(#315),#4587,.F.);
#4740=ADVANCED_FACE('',(#316),#133,.F.);
#4741=ADVANCED_FACE('',(#317),#4588,.F.);
#4742=ADVANCED_FACE('',(#318),#134,.F.);
#4743=ADVANCED_FACE('',(#319),#135,.F.);
#4744=ADVANCED_FACE('',(#320),#136,.F.);
#4745=ADVANCED_FACE('',(#321),#137,.F.);
#4746=ADVANCED_FACE('',(#322),#4589,.F.);
#4747=ADVANCED_FACE('',(#323),#138,.F.);
#4748=ADVANCED_FACE('',(#324),#4590,.F.);
#4749=ADVANCED_FACE('',(#325),#139,.F.);
#4750=ADVANCED_FACE('',(#326),#4591,.F.);
#4751=ADVANCED_FACE('',(#327),#4592,.F.);
#4752=ADVANCED_FACE('',(#328),#140,.F.);
#4753=ADVANCED_FACE('',(#329),#141,.F.);
#4754=ADVANCED_FACE('',(#330),#142,.F.);
#4755=ADVANCED_FACE('',(#331),#4593,.F.);
#4756=ADVANCED_FACE('',(#332),#143,.F.);
#4757=ADVANCED_FACE('',(#333),#4594,.F.);
#4758=ADVANCED_FACE('',(#334),#144,.F.);
#4759=ADVANCED_FACE('',(#335),#4595,.F.);
#4760=ADVANCED_FACE('',(#336),#145,.F.);
#4761=ADVANCED_FACE('',(#337),#146,.F.);
#4762=ADVANCED_FACE('',(#338),#147,.F.);
#4763=ADVANCED_FACE('',(#339),#148,.F.);
#4764=ADVANCED_FACE('',(#340),#4596,.F.);
#4765=ADVANCED_FACE('',(#341),#149,.F.);
#4766=ADVANCED_FACE('',(#342),#4597,.F.);
#4767=ADVANCED_FACE('',(#343),#150,.F.);
#4768=ADVANCED_FACE('',(#344),#4598,.F.);
#4769=ADVANCED_FACE('',(#345),#151,.F.);
#4770=ADVANCED_FACE('',(#346),#152,.F.);
#4771=ADVANCED_FACE('',(#347),#4599,.F.);
#4772=ADVANCED_FACE('',(#348),#153,.F.);
#4773=ADVANCED_FACE('',(#349),#154,.F.);
#4774=ADVANCED_FACE('',(#350),#155,.F.);
#4775=ADVANCED_FACE('',(#351),#4600,.F.);
#4776=ADVANCED_FACE('',(#352),#156,.F.);
#4777=ADVANCED_FACE('',(#353),#157,.F.);
#4778=ADVANCED_FACE('',(#354),#4601,.F.);
#4779=ADVANCED_FACE('',(#355),#158,.F.);
#4780=ADVANCED_FACE('',(#356),#4602,.F.);
#4781=ADVANCED_FACE('',(#357),#159,.F.);
#4782=ADVANCED_FACE('',(#358),#4603,.T.);
#4783=ADVANCED_FACE('',(#359),#160,.F.);
#4784=ADVANCED_FACE('',(#360),#4604,.F.);
#4785=ADVANCED_FACE('',(#361),#161,.F.);
#4786=ADVANCED_FACE('',(#362),#4605,.F.);
#4787=ADVANCED_FACE('',(#363),#162,.F.);
#4788=ADVANCED_FACE('',(#364),#4606,.F.);
#4789=ADVANCED_FACE('',(#365),#163,.F.);
#4790=ADVANCED_FACE('',(#366),#164,.F.);
#4791=ADVANCED_FACE('',(#367),#4607,.F.);
#4792=ADVANCED_FACE('',(#368),#165,.F.);
#4793=ADVANCED_FACE('',(#369),#4608,.F.);
#4794=ADVANCED_FACE('',(#370),#166,.F.);
#4795=ADVANCED_FACE('',(#371),#4609,.F.);
#4796=ADVANCED_FACE('',(#372),#167,.F.);
#4797=ADVANCED_FACE('',(#373),#4610,.F.);
#4798=ADVANCED_FACE('',(#374),#168,.F.);
#4799=ADVANCED_FACE('',(#375),#169,.F.);
#4800=ADVANCED_FACE('',(#376),#4611,.F.);
#4801=ADVANCED_FACE('',(#377),#170,.F.);
#4802=ADVANCED_FACE('',(#378),#4612,.F.);
#4803=ADVANCED_FACE('',(#379),#4613,.F.);
#4804=ADVANCED_FACE('',(#380),#171,.F.);
#4805=ADVANCED_FACE('',(#381),#172,.F.);
#4806=ADVANCED_FACE('',(#382),#4614,.F.);
#4807=ADVANCED_FACE('',(#383),#173,.F.);
#4808=ADVANCED_FACE('',(#384),#174,.F.);
#4809=ADVANCED_FACE('',(#385),#175,.F.);
#4810=ADVANCED_FACE('',(#386),#4615,.F.);
#4811=ADVANCED_FACE('',(#387),#176,.F.);
#4812=ADVANCED_FACE('',(#388),#4616,.F.);
#4813=ADVANCED_FACE('',(#389),#177,.F.);
#4814=ADVANCED_FACE('',(#390),#4617,.F.);
#4815=ADVANCED_FACE('',(#391),#178,.F.);
#4816=ADVANCED_FACE('',(#392),#179,.F.);
#4817=ADVANCED_FACE('',(#393),#180,.F.);
#4818=ADVANCED_FACE('',(#394),#181,.F.);
#4819=ADVANCED_FACE('',(#395),#182,.F.);
#4820=ADVANCED_FACE('',(#396),#4618,.F.);
#4821=ADVANCED_FACE('',(#397),#183,.F.);
#4822=ADVANCED_FACE('',(#398),#4619,.F.);
#4823=ADVANCED_FACE('',(#399),#4620,.F.);
#4824=ADVANCED_FACE('',(#400),#184,.F.);
#4825=ADVANCED_FACE('',(#401),#4621,.F.);
#4826=ADVANCED_FACE('',(#402),#185,.F.);
#4827=ADVANCED_FACE('',(#403),#4622,.F.);
#4828=ADVANCED_FACE('',(#404),#186,.F.);
#4829=ADVANCED_FACE('',(#405),#4623,.F.);
#4830=ADVANCED_FACE('',(#406),#187,.F.);
#4831=ADVANCED_FACE('',(#407),#4624,.F.);
#4832=ADVANCED_FACE('',(#408),#188,.F.);
#4833=ADVANCED_FACE('',(#409),#4625,.F.);
#4834=ADVANCED_FACE('',(#410),#189,.F.);
#4835=ADVANCED_FACE('',(#411),#190,.F.);
#4836=ADVANCED_FACE('',(#412),#4626,.F.);
#4837=ADVANCED_FACE('',(#413),#191,.F.);
#4838=ADVANCED_FACE('',(#414),#192,.F.);
#4839=ADVANCED_FACE('',(#415),#193,.F.);
#4840=ADVANCED_FACE('',(#416),#4627,.F.);
#4841=ADVANCED_FACE('',(#417),#194,.F.);
#4842=ADVANCED_FACE('',(#418),#4628,.F.);
#4843=ADVANCED_FACE('',(#419),#195,.F.);
#4844=ADVANCED_FACE('',(#420),#4629,.F.);
#4845=ADVANCED_FACE('',(#421),#196,.F.);
#4846=ADVANCED_FACE('',(#422),#4630,.F.);
#4847=ADVANCED_FACE('',(#423),#197,.F.);
#4848=ADVANCED_FACE('',(#424),#4631,.F.);
#4849=ADVANCED_FACE('',(#425),#198,.F.);
#4850=ADVANCED_FACE('',(#426),#4632,.T.);
#4851=ADVANCED_FACE('',(#427),#199,.F.);
#4852=ADVANCED_FACE('',(#428),#4633,.F.);
#4853=ADVANCED_FACE('',(#429),#200,.F.);
#4854=ADVANCED_FACE('',(#430),#4634,.F.);
#4855=ADVANCED_FACE('',(#431),#201,.F.);
#4856=ADVANCED_FACE('',(#432),#4635,.F.);
#4857=ADVANCED_FACE('',(#433),#202,.F.);
#4858=ADVANCED_FACE('',(#434),#4636,.F.);
#4859=ADVANCED_FACE('',(#435),#203,.F.);
#4860=ADVANCED_FACE('',(#436),#204,.F.);
#4861=ADVANCED_FACE('',(#437),#205,.F.);
#4862=ADVANCED_FACE('',(#438),#206,.T.);
#4863=ADVANCED_FACE('',(#439),#207,.T.);
#4864=ADVANCED_FACE('',(#440,#23,#24,#25,#26,#27,#28,#29,#30,#31,#32,#33,
#34,#35,#36,#37,#38,#39,#40,#41,#42,#43,#44,#45,#46,#47,#48,#49,#50,#51),
#208,.T.);
#4865=ADVANCED_FACE('',(#441),#4637,.F.);
#4866=ADVANCED_FACE('',(#442),#209,.T.);
#4867=ADVANCED_FACE('',(#443),#4638,.F.);
#4868=ADVANCED_FACE('',(#444),#210,.T.);
#4869=ADVANCED_FACE('',(#445),#211,.T.);
#4870=ADVANCED_FACE('',(#446),#4639,.F.);
#4871=ADVANCED_FACE('',(#447),#212,.T.);
#4872=ADVANCED_FACE('',(#448),#4640,.F.);
#4873=ADVANCED_FACE('',(#449),#213,.T.);
#4874=ADVANCED_FACE('',(#450),#4641,.T.);
#4875=ADVANCED_FACE('',(#451),#214,.T.);
#4876=ADVANCED_FACE('',(#452),#4642,.T.);
#4877=ADVANCED_FACE('',(#453),#215,.T.);
#4878=ADVANCED_FACE('',(#454),#4643,.T.);
#4879=ADVANCED_FACE('',(#455),#4644,.T.);
#4880=ADVANCED_FACE('',(#456,#52,#53,#54,#55,#56,#57,#58,#59,#60,#61,#62,
#63,#64,#65,#66,#67,#68,#69,#70,#71,#72,#73,#74,#75,#76,#77,#78,#79,#80),
#216,.F.);
#4881=ADVANCED_FACE('',(#457),#4645,.T.);
#4882=ADVANCED_FACE('',(#458),#217,.T.);
#4883=ADVANCED_FACE('',(#459),#218,.F.);
#4884=ADVANCED_FACE('',(#460),#4646,.T.);
#4885=ADVANCED_FACE('',(#461),#219,.T.);
#4886=ADVANCED_FACE('',(#462),#220,.F.);
#4887=ADVANCED_FACE('',(#463),#4647,.T.);
#4888=ADVANCED_FACE('',(#464),#221,.T.);
#4889=ADVANCED_FACE('',(#465),#222,.F.);
#4890=ADVANCED_FACE('',(#466),#4648,.T.);
#4891=ADVANCED_FACE('',(#467),#223,.T.);
#4892=ADVANCED_FACE('',(#468),#224,.F.);
#4893=CLOSED_SHELL('',(#4649,#4650,#4651,#4652,#4653,#4654,#4655,#4656,
#4657,#4658,#4659,#4660,#4661,#4662,#4663,#4664,#4665,#4666,#4667,#4668,
#4669,#4670,#4671,#4672,#4673,#4674,#4675,#4676,#4677,#4678,#4679,#4680,
#4681,#4682,#4683,#4684,#4685,#4686,#4687,#4688,#4689,#4690,#4691,#4692,
#4693,#4694,#4695,#4696,#4697,#4698,#4699,#4700,#4701,#4702,#4703,#4704,
#4705,#4706,#4707,#4708,#4709,#4710,#4711,#4712,#4713,#4714,#4715,#4716,
#4717,#4718,#4719,#4720,#4721,#4722,#4723,#4724,#4725,#4726,#4727,#4728,
#4729,#4730,#4731,#4732,#4733,#4734,#4735,#4736,#4737,#4738,#4739,#4740,
#4741,#4742,#4743,#4744,#4745,#4746,#4747,#4748,#4749,#4750,#4751,#4752,
#4753,#4754,#4755,#4756,#4757,#4758,#4759,#4760,#4761,#4762,#4763,#4764,
#4765,#4766,#4767,#4768,#4769,#4770,#4771,#4772,#4773,#4774,#4775,#4776,
#4777,#4778,#4779,#4780,#4781,#4782,#4783,#4784,#4785,#4786,#4787,#4788,
#4789,#4790,#4791,#4792,#4793,#4794,#4795,#4796,#4797,#4798,#4799,#4800,
#4801,#4802,#4803,#4804,#4805,#4806,#4807,#4808,#4809,#4810,#4811,#4812,
#4813,#4814,#4815,#4816,#4817,#4818,#4819,#4820,#4821,#4822,#4823,#4824,
#4825,#4826,#4827,#4828,#4829,#4830,#4831,#4832,#4833,#4834,#4835,#4836,
#4837,#4838,#4839,#4840,#4841,#4842,#4843,#4844,#4845,#4846,#4847,#4848,
#4849,#4850,#4851,#4852,#4853,#4854,#4855,#4856,#4857,#4858,#4859,#4860,
#4861,#4862,#4863,#4864,#4865,#4866,#4867,#4868,#4869,#4870,#4871,#4872,
#4873,#4874,#4875,#4876,#4877,#4878,#4879,#4880));
#4894=CLOSED_SHELL('',(#4881,#4882,#4883));
#4895=CLOSED_SHELL('',(#4884,#4885,#4886));
#4896=CLOSED_SHELL('',(#4887,#4888,#4889));
#4897=CLOSED_SHELL('',(#4890,#4891,#4892));
#4898=DERIVED_UNIT_ELEMENT(#4900,1.);
#4899=DERIVED_UNIT_ELEMENT(#8167,-3.);
#4900=(
MASS_UNIT()
NAMED_UNIT(*)
SI_UNIT(.KILO.,.GRAM.)
);
#4901=DERIVED_UNIT((#4898,#4899));
#4902=MEASURE_REPRESENTATION_ITEM('density measure',
POSITIVE_RATIO_MEASURE(7850.),#4901);
#4903=PROPERTY_DEFINITION_REPRESENTATION(#4908,#4905);
#4904=PROPERTY_DEFINITION_REPRESENTATION(#4909,#4906);
#4905=REPRESENTATION('material name',(#4907),#8164);
#4906=REPRESENTATION('density',(#4902),#8164);
#4907=DESCRIPTIVE_REPRESENTATION_ITEM('Steel','Steel');
#4908=PROPERTY_DEFINITION('material property','material name',#8174);
#4909=PROPERTY_DEFINITION('material property','density of part',#8174);
#4910=AXIS2_PLACEMENT_3D('',#6747,#5355,#5356);
#4911=AXIS2_PLACEMENT_3D('',#6748,#5357,#5358);
#4912=AXIS2_PLACEMENT_3D('',#6751,#5359,#5360);
#4913=AXIS2_PLACEMENT_3D('',#6755,#5362,#5363);
#4914=AXIS2_PLACEMENT_3D('',#6757,#5365,#5366);
#4915=AXIS2_PLACEMENT_3D('',#6763,#5370,#5371);
#4916=AXIS2_PLACEMENT_3D('',#6769,#5375,#5376);
#4917=AXIS2_PLACEMENT_3D('',#6772,#5379,#5380);
#4918=AXIS2_PLACEMENT_3D('',#6781,#5385,#5386);
#4919=AXIS2_PLACEMENT_3D('',#6783,#5387,#5388);
#4920=AXIS2_PLACEMENT_3D('',#6785,#5389,#5390);
#4921=AXIS2_PLACEMENT_3D('',#6787,#5392,#5393);
#4922=AXIS2_PLACEMENT_3D('',#6793,#5397,#5398);
#4923=AXIS2_PLACEMENT_3D('',#6795,#5399,#5400);
#4924=AXIS2_PLACEMENT_3D('',#6797,#5401,#5402);
#4925=AXIS2_PLACEMENT_3D('',#6799,#5404,#5405);
#4926=AXIS2_PLACEMENT_3D('',#6805,#5409,#5410);
#4927=AXIS2_PLACEMENT_3D('',#6807,#5411,#5412);
#4928=AXIS2_PLACEMENT_3D('',#6809,#5413,#5414);
#4929=AXIS2_PLACEMENT_3D('',#6811,#5416,#5417);
#4930=AXIS2_PLACEMENT_3D('',#6817,#5421,#5422);
#4931=AXIS2_PLACEMENT_3D('',#6818,#5423,#5424);
#4932=AXIS2_PLACEMENT_3D('',#6819,#5425,#5426);
#4933=AXIS2_PLACEMENT_3D('',#6820,#5427,#5428);
#4934=AXIS2_PLACEMENT_3D('',#6829,#5433,#5434);
#4935=AXIS2_PLACEMENT_3D('',#6835,#5438,#5439);
#4936=AXIS2_PLACEMENT_3D('',#6837,#5440,#5441);
#4937=AXIS2_PLACEMENT_3D('',#6839,#5442,#5443);
#4938=AXIS2_PLACEMENT_3D('',#6841,#5445,#5446);
#4939=AXIS2_PLACEMENT_3D('',#6847,#5450,#5451);
#4940=AXIS2_PLACEMENT_3D('',#6849,#5452,#5453);
#4941=AXIS2_PLACEMENT_3D('',#6851,#5454,#5455);
#4942=AXIS2_PLACEMENT_3D('',#6853,#5457,#5458);
#4943=AXIS2_PLACEMENT_3D('',#6856,#5461,#5462);
#4944=AXIS2_PLACEMENT_3D('',#6859,#5463,#5464);
#4945=AXIS2_PLACEMENT_3D('',#6863,#5466,#5467);
#4946=AXIS2_PLACEMENT_3D('',#6865,#5469,#5470);
#4947=AXIS2_PLACEMENT_3D('',#6871,#5474,#5475);
#4948=AXIS2_PLACEMENT_3D('',#6873,#5476,#5477);
#4949=AXIS2_PLACEMENT_3D('',#6875,#5478,#5479);
#4950=AXIS2_PLACEMENT_3D('',#6877,#5481,#5482);
#4951=AXIS2_PLACEMENT_3D('',#6883,#5486,#5487);
#4952=AXIS2_PLACEMENT_3D('',#6885,#5488,#5489);
#4953=AXIS2_PLACEMENT_3D('',#6887,#5490,#5491);
#4954=AXIS2_PLACEMENT_3D('',#6889,#5493,#5494);
#4955=AXIS2_PLACEMENT_3D('',#6895,#5498,#5499);
#4956=AXIS2_PLACEMENT_3D('',#6897,#5500,#5501);
#4957=AXIS2_PLACEMENT_3D('',#6899,#5502,#5503);
#4958=AXIS2_PLACEMENT_3D('',#6901,#5505,#5506);
#4959=AXIS2_PLACEMENT_3D('',#6907,#5510,#5511);
#4960=AXIS2_PLACEMENT_3D('',#6909,#5512,#5513);
#4961=AXIS2_PLACEMENT_3D('',#6911,#5514,#5515);
#4962=AXIS2_PLACEMENT_3D('',#6913,#5517,#5518);
#4963=AXIS2_PLACEMENT_3D('',#6916,#5521,#5522);
#4964=AXIS2_PLACEMENT_3D('',#6925,#5527,#5528);
#4965=AXIS2_PLACEMENT_3D('',#6927,#5529,#5530);
#4966=AXIS2_PLACEMENT_3D('',#6929,#5531,#5532);
#4967=AXIS2_PLACEMENT_3D('',#6931,#5534,#5535);
#4968=AXIS2_PLACEMENT_3D('',#6937,#5539,#5540);
#4969=AXIS2_PLACEMENT_3D('',#6943,#5544,#5545);
#4970=AXIS2_PLACEMENT_3D('',#6945,#5546,#5547);
#4971=AXIS2_PLACEMENT_3D('',#6947,#5548,#5549);
#4972=AXIS2_PLACEMENT_3D('',#6949,#5551,#5552);
#4973=AXIS2_PLACEMENT_3D('',#6955,#5556,#5557);
#4974=AXIS2_PLACEMENT_3D('',#6957,#5558,#5559);
#4975=AXIS2_PLACEMENT_3D('',#6959,#5560,#5561);
#4976=AXIS2_PLACEMENT_3D('',#6961,#5563,#5564);
#4977=AXIS2_PLACEMENT_3D('',#6967,#5568,#5569);
#4978=AXIS2_PLACEMENT_3D('',#6969,#5570,#5571);
#4979=AXIS2_PLACEMENT_3D('',#6971,#5572,#5573);
#4980=AXIS2_PLACEMENT_3D('',#6973,#5575,#5576);
#4981=AXIS2_PLACEMENT_3D('',#6979,#5580,#5581);
#4982=AXIS2_PLACEMENT_3D('',#6985,#5585,#5586);
#4983=AXIS2_PLACEMENT_3D('',#6987,#5587,#5588);
#4984=AXIS2_PLACEMENT_3D('',#6989,#5589,#5590);
#4985=AXIS2_PLACEMENT_3D('',#6991,#5592,#5593);
#4986=AXIS2_PLACEMENT_3D('',#6997,#5597,#5598);
#4987=AXIS2_PLACEMENT_3D('',#6998,#5599,#5600);
#4988=AXIS2_PLACEMENT_3D('',#6999,#5601,#5602);
#4989=AXIS2_PLACEMENT_3D('',#7000,#5603,#5604);
#4990=AXIS2_PLACEMENT_3D('',#7003,#5605,#5606);
#4991=AXIS2_PLACEMENT_3D('',#7007,#5608,#5609);
#4992=AXIS2_PLACEMENT_3D('',#7009,#5611,#5612);
#4993=AXIS2_PLACEMENT_3D('',#7015,#5616,#5617);
#4994=AXIS2_PLACEMENT_3D('',#7017,#5618,#5619);
#4995=AXIS2_PLACEMENT_3D('',#7019,#5620,#5621);
#4996=AXIS2_PLACEMENT_3D('',#7021,#5623,#5624);
#4997=AXIS2_PLACEMENT_3D('',#7027,#5628,#5629);
#4998=AXIS2_PLACEMENT_3D('',#7029,#5630,#5631);
#4999=AXIS2_PLACEMENT_3D('',#7031,#5632,#5633);
#5000=AXIS2_PLACEMENT_3D('',#7033,#5635,#5636);
#5001=AXIS2_PLACEMENT_3D('',#7036,#5639,#5640);
#5002=AXIS2_PLACEMENT_3D('',#7039,#5641,#5642);
#5003=AXIS2_PLACEMENT_3D('',#7043,#5644,#5645);
#5004=AXIS2_PLACEMENT_3D('',#7045,#5647,#5648);
#5005=AXIS2_PLACEMENT_3D('',#7051,#5652,#5653);
#5006=AXIS2_PLACEMENT_3D('',#7053,#5654,#5655);
#5007=AXIS2_PLACEMENT_3D('',#7055,#5656,#5657);
#5008=AXIS2_PLACEMENT_3D('',#7057,#5659,#5660);
#5009=AXIS2_PLACEMENT_3D('',#7063,#5664,#5665);
#5010=AXIS2_PLACEMENT_3D('',#7065,#5666,#5667);
#5011=AXIS2_PLACEMENT_3D('',#7067,#5668,#5669);
#5012=AXIS2_PLACEMENT_3D('',#7069,#5671,#5672);
#5013=AXIS2_PLACEMENT_3D('',#7075,#5676,#5677);
#5014=AXIS2_PLACEMENT_3D('',#7077,#5678,#5679);
#5015=AXIS2_PLACEMENT_3D('',#7079,#5680,#5681);
#5016=AXIS2_PLACEMENT_3D('',#7081,#5683,#5684);
#5017=AXIS2_PLACEMENT_3D('',#7087,#5688,#5689);
#5018=AXIS2_PLACEMENT_3D('',#7089,#5690,#5691);
#5019=AXIS2_PLACEMENT_3D('',#7091,#5692,#5693);
#5020=AXIS2_PLACEMENT_3D('',#7093,#5695,#5696);
#5021=AXIS2_PLACEMENT_3D('',#7096,#5699,#5700);
#5022=AXIS2_PLACEMENT_3D('',#7105,#5705,#5706);
#5023=AXIS2_PLACEMENT_3D('',#7111,#5710,#5711);
#5024=AXIS2_PLACEMENT_3D('',#7113,#5712,#5713);
#5025=AXIS2_PLACEMENT_3D('',#7115,#5714,#5715);
#5026=AXIS2_PLACEMENT_3D('',#7117,#5717,#5718);
#5027=AXIS2_PLACEMENT_3D('',#7120,#5721,#5722);
#5028=AXIS2_PLACEMENT_3D('',#7123,#5723,#5724);
#5029=AXIS2_PLACEMENT_3D('',#7127,#5726,#5727);
#5030=AXIS2_PLACEMENT_3D('',#7129,#5729,#5730);
#5031=AXIS2_PLACEMENT_3D('',#7135,#5734,#5735);
#5032=AXIS2_PLACEMENT_3D('',#7141,#5739,#5740);
#5033=AXIS2_PLACEMENT_3D('',#7147,#5744,#5745);
#5034=AXIS2_PLACEMENT_3D('',#7149,#5746,#5747);
#5035=AXIS2_PLACEMENT_3D('',#7151,#5748,#5749);
#5036=AXIS2_PLACEMENT_3D('',#7153,#5751,#5752);
#5037=AXIS2_PLACEMENT_3D('',#7159,#5756,#5757);
#5038=AXIS2_PLACEMENT_3D('',#7161,#5758,#5759);
#5039=AXIS2_PLACEMENT_3D('',#7163,#5760,#5761);
#5040=AXIS2_PLACEMENT_3D('',#7165,#5763,#5764);
#5041=AXIS2_PLACEMENT_3D('',#7168,#5767,#5768);
#5042=AXIS2_PLACEMENT_3D('',#7177,#5773,#5774);
#5043=AXIS2_PLACEMENT_3D('',#7179,#5775,#5776);
#5044=AXIS2_PLACEMENT_3D('',#7181,#5777,#5778);
#5045=AXIS2_PLACEMENT_3D('',#7183,#5780,#5781);
#5046=AXIS2_PLACEMENT_3D('',#7189,#5785,#5786);
#5047=AXIS2_PLACEMENT_3D('',#7195,#5790,#5791);
#5048=AXIS2_PLACEMENT_3D('',#7201,#5795,#5796);
#5049=AXIS2_PLACEMENT_3D('',#7203,#5797,#5798);
#5050=AXIS2_PLACEMENT_3D('',#7205,#5799,#5800);
#5051=AXIS2_PLACEMENT_3D('',#7207,#5802,#5803);
#5052=AXIS2_PLACEMENT_3D('',#7210,#5806,#5807);
#5053=AXIS2_PLACEMENT_3D('',#7213,#5808,#5809);
#5054=AXIS2_PLACEMENT_3D('',#7217,#5811,#5812);
#5055=AXIS2_PLACEMENT_3D('',#7219,#5814,#5815);
#5056=AXIS2_PLACEMENT_3D('',#7225,#5819,#5820);
#5057=AXIS2_PLACEMENT_3D('',#7227,#5821,#5822);
#5058=AXIS2_PLACEMENT_3D('',#7229,#5823,#5824);
#5059=AXIS2_PLACEMENT_3D('',#7231,#5826,#5827);
#5060=AXIS2_PLACEMENT_3D('',#7237,#5831,#5832);
#5061=AXIS2_PLACEMENT_3D('',#7239,#5833,#5834);
#5062=AXIS2_PLACEMENT_3D('',#7241,#5835,#5836);
#5063=AXIS2_PLACEMENT_3D('',#7243,#5838,#5839);
#5064=AXIS2_PLACEMENT_3D('',#7246,#5842,#5843);
#5065=AXIS2_PLACEMENT_3D('',#7255,#5848,#5849);
#5066=AXIS2_PLACEMENT_3D('',#7257,#5850,#5851);
#5067=AXIS2_PLACEMENT_3D('',#7259,#5852,#5853);
#5068=AXIS2_PLACEMENT_3D('',#7261,#5855,#5856);
#5069=AXIS2_PLACEMENT_3D('',#7267,#5860,#5861);
#5070=AXIS2_PLACEMENT_3D('',#7269,#5862,#5863);
#5071=AXIS2_PLACEMENT_3D('',#7271,#5864,#5865);
#5072=AXIS2_PLACEMENT_3D('',#7273,#5867,#5868);
#5073=AXIS2_PLACEMENT_3D('',#7279,#5872,#5873);
#5074=AXIS2_PLACEMENT_3D('',#7280,#5874,#5875);
#5075=AXIS2_PLACEMENT_3D('',#7281,#5876,#5877);
#5076=AXIS2_PLACEMENT_3D('',#7282,#5878,#5879);
#5077=AXIS2_PLACEMENT_3D('',#7291,#5884,#5885);
#5078=AXIS2_PLACEMENT_3D('',#7293,#5886,#5887);
#5079=AXIS2_PLACEMENT_3D('',#7295,#5888,#5889);
#5080=AXIS2_PLACEMENT_3D('',#7297,#5891,#5892);
#5081=AXIS2_PLACEMENT_3D('',#7303,#5896,#5897);
#5082=AXIS2_PLACEMENT_3D('',#7305,#5898,#5899);
#5083=AXIS2_PLACEMENT_3D('',#7307,#5900,#5901);
#5084=AXIS2_PLACEMENT_3D('',#7309,#5903,#5904);
#5085=AXIS2_PLACEMENT_3D('',#7312,#5907,#5908);
#5086=AXIS2_PLACEMENT_3D('',#7321,#5913,#5914);
#5087=AXIS2_PLACEMENT_3D('',#7327,#5918,#5919);
#5088=AXIS2_PLACEMENT_3D('',#7333,#5923,#5924);
#5089=AXIS2_PLACEMENT_3D('',#7335,#5925,#5926);
#5090=AXIS2_PLACEMENT_3D('',#7337,#5927,#5928);
#5091=AXIS2_PLACEMENT_3D('',#7339,#5930,#5931);
#5092=AXIS2_PLACEMENT_3D('',#7345,#5935,#5936);
#5093=AXIS2_PLACEMENT_3D('',#7347,#5937,#5938);
#5094=AXIS2_PLACEMENT_3D('',#7349,#5939,#5940);
#5095=AXIS2_PLACEMENT_3D('',#7351,#5942,#5943);
#5096=AXIS2_PLACEMENT_3D('',#7357,#5947,#5948);
#5097=AXIS2_PLACEMENT_3D('',#7358,#5949,#5950);
#5098=AXIS2_PLACEMENT_3D('',#7359,#5951,#5952);
#5099=AXIS2_PLACEMENT_3D('',#7360,#5953,#5954);
#5100=AXIS2_PLACEMENT_3D('',#7363,#5955,#5956);
#5101=AXIS2_PLACEMENT_3D('',#7367,#5958,#5959);
#5102=AXIS2_PLACEMENT_3D('',#7369,#5961,#5962);
#5103=AXIS2_PLACEMENT_3D('',#7375,#5966,#5967);
#5104=AXIS2_PLACEMENT_3D('',#7381,#5971,#5972);
#5105=AXIS2_PLACEMENT_3D('',#7384,#5975,#5976);
#5106=AXIS2_PLACEMENT_3D('',#7387,#5977,#5978);
#5107=AXIS2_PLACEMENT_3D('',#7391,#5980,#5981);
#5108=AXIS2_PLACEMENT_3D('',#7393,#5983,#5984);
#5109=AXIS2_PLACEMENT_3D('',#7399,#5988,#5989);
#5110=AXIS2_PLACEMENT_3D('',#7401,#5990,#5991);
#5111=AXIS2_PLACEMENT_3D('',#7403,#5992,#5993);
#5112=AXIS2_PLACEMENT_3D('',#7405,#5995,#5996);
#5113=AXIS2_PLACEMENT_3D('',#7411,#6000,#6001);
#5114=AXIS2_PLACEMENT_3D('',#7413,#6002,#6003);
#5115=AXIS2_PLACEMENT_3D('',#7415,#6004,#6005);
#5116=AXIS2_PLACEMENT_3D('',#7417,#6007,#6008);
#5117=AXIS2_PLACEMENT_3D('',#7420,#6011,#6012);
#5118=AXIS2_PLACEMENT_3D('',#7429,#6017,#6018);
#5119=AXIS2_PLACEMENT_3D('',#7435,#6022,#6023);
#5120=AXIS2_PLACEMENT_3D('',#7441,#6027,#6028);
#5121=AXIS2_PLACEMENT_3D('',#7443,#6029,#6030);
#5122=AXIS2_PLACEMENT_3D('',#7445,#6031,#6032);
#5123=AXIS2_PLACEMENT_3D('',#7447,#6034,#6035);
#5124=AXIS2_PLACEMENT_3D('',#7453,#6039,#6040);
#5125=AXIS2_PLACEMENT_3D('',#7455,#6041,#6042);
#5126=AXIS2_PLACEMENT_3D('',#7457,#6043,#6044);
#5127=AXIS2_PLACEMENT_3D('',#7459,#6046,#6047);
#5128=AXIS2_PLACEMENT_3D('',#7465,#6051,#6052);
#5129=AXIS2_PLACEMENT_3D('',#7466,#6053,#6054);
#5130=AXIS2_PLACEMENT_3D('',#7467,#6055,#6056);
#5131=AXIS2_PLACEMENT_3D('',#7468,#6057,#6058);
#5132=AXIS2_PLACEMENT_3D('',#7477,#6063,#6064);
#5133=AXIS2_PLACEMENT_3D('',#7483,#6068,#6069);
#5134=AXIS2_PLACEMENT_3D('',#7485,#6070,#6071);
#5135=AXIS2_PLACEMENT_3D('',#7487,#6072,#6073);
#5136=AXIS2_PLACEMENT_3D('',#7489,#6075,#6076);
#5137=AXIS2_PLACEMENT_3D('',#7492,#6079,#6080);
#5138=AXIS2_PLACEMENT_3D('',#7501,#6085,#6086);
#5139=AXIS2_PLACEMENT_3D('',#7507,#6090,#6091);
#5140=AXIS2_PLACEMENT_3D('',#7509,#6092,#6093);
#5141=AXIS2_PLACEMENT_3D('',#7511,#6094,#6095);
#5142=AXIS2_PLACEMENT_3D('',#7513,#6097,#6098);
#5143=AXIS2_PLACEMENT_3D('',#7519,#6102,#6103);
#5144=AXIS2_PLACEMENT_3D('',#7525,#6107,#6108);
#5145=AXIS2_PLACEMENT_3D('',#7527,#6109,#6110);
#5146=AXIS2_PLACEMENT_3D('',#7529,#6111,#6112);
#5147=AXIS2_PLACEMENT_3D('',#7531,#6114,#6115);
#5148=AXIS2_PLACEMENT_3D('',#7534,#6118,#6119);
#5149=AXIS2_PLACEMENT_3D('',#7537,#6120,#6121);
#5150=AXIS2_PLACEMENT_3D('',#7541,#6123,#6124);
#5151=AXIS2_PLACEMENT_3D('',#7543,#6126,#6127);
#5152=AXIS2_PLACEMENT_3D('',#7549,#6131,#6132);
#5153=AXIS2_PLACEMENT_3D('',#7551,#6133,#6134);
#5154=AXIS2_PLACEMENT_3D('',#7553,#6135,#6136);
#5155=AXIS2_PLACEMENT_3D('',#7555,#6138,#6139);
#5156=AXIS2_PLACEMENT_3D('',#7561,#6143,#6144);
#5157=AXIS2_PLACEMENT_3D('',#7563,#6145,#6146);
#5158=AXIS2_PLACEMENT_3D('',#7565,#6147,#6148);
#5159=AXIS2_PLACEMENT_3D('',#7567,#6150,#6151);
#5160=AXIS2_PLACEMENT_3D('',#7573,#6155,#6156);
#5161=AXIS2_PLACEMENT_3D('',#7575,#6157,#6158);
#5162=AXIS2_PLACEMENT_3D('',#7577,#6159,#6160);
#5163=AXIS2_PLACEMENT_3D('',#7579,#6162,#6163);
#5164=AXIS2_PLACEMENT_3D('',#7585,#6167,#6168);
#5165=AXIS2_PLACEMENT_3D('',#7587,#6169,#6170);
#5166=AXIS2_PLACEMENT_3D('',#7589,#6171,#6172);
#5167=AXIS2_PLACEMENT_3D('',#7591,#6174,#6175);
#5168=AXIS2_PLACEMENT_3D('',#7594,#6178,#6179);
#5169=AXIS2_PLACEMENT_3D('',#7603,#6184,#6185);
#5170=AXIS2_PLACEMENT_3D('',#7605,#6186,#6187);
#5171=AXIS2_PLACEMENT_3D('',#7607,#6188,#6189);
#5172=AXIS2_PLACEMENT_3D('',#7609,#6191,#6192);
#5173=AXIS2_PLACEMENT_3D('',#7615,#6196,#6197);
#5174=AXIS2_PLACEMENT_3D('',#7617,#6198,#6199);
#5175=AXIS2_PLACEMENT_3D('',#7619,#6200,#6201);
#5176=AXIS2_PLACEMENT_3D('',#7621,#6203,#6204);
#5177=AXIS2_PLACEMENT_3D('',#7627,#6208,#6209);
#5178=AXIS2_PLACEMENT_3D('',#7629,#6210,#6211);
#5179=AXIS2_PLACEMENT_3D('',#7631,#6212,#6213);
#5180=AXIS2_PLACEMENT_3D('',#7633,#6215,#6216);
#5181=AXIS2_PLACEMENT_3D('',#7639,#6220,#6221);
#5182=AXIS2_PLACEMENT_3D('',#7640,#6222,#6223);
#5183=AXIS2_PLACEMENT_3D('',#7641,#6224,#6225);
#5184=AXIS2_PLACEMENT_3D('',#7642,#6226,#6227);
#5185=AXIS2_PLACEMENT_3D('',#7651,#6232,#6233);
#5186=AXIS2_PLACEMENT_3D('',#7657,#6237,#6238);
#5187=AXIS2_PLACEMENT_3D('',#7659,#6239,#6240);
#5188=AXIS2_PLACEMENT_3D('',#7661,#6241,#6242);
#5189=AXIS2_PLACEMENT_3D('',#7663,#6244,#6245);
#5190=AXIS2_PLACEMENT_3D('',#7669,#6249,#6250);
#5191=AXIS2_PLACEMENT_3D('',#7670,#6251,#6252);
#5192=AXIS2_PLACEMENT_3D('',#7671,#6253,#6254);
#5193=AXIS2_PLACEMENT_3D('',#7672,#6255,#6256);
#5194=AXIS2_PLACEMENT_3D('',#7675,#6257,#6258);
#5195=AXIS2_PLACEMENT_3D('',#7679,#6260,#6261);
#5196=AXIS2_PLACEMENT_3D('',#7681,#6263,#6264);
#5197=AXIS2_PLACEMENT_3D('',#7687,#6268,#6269);
#5198=AXIS2_PLACEMENT_3D('',#7693,#6273,#6274);
#5199=AXIS2_PLACEMENT_3D('',#7695,#6275,#6276);
#5200=AXIS2_PLACEMENT_3D('',#7697,#6277,#6278);
#5201=AXIS2_PLACEMENT_3D('',#7699,#6280,#6281);
#5202=AXIS2_PLACEMENT_3D('',#7705,#6285,#6286);
#5203=AXIS2_PLACEMENT_3D('',#7708,#6289,#6290);
#5204=AXIS2_PLACEMENT_3D('',#7717,#6295,#6296);
#5205=AXIS2_PLACEMENT_3D('',#7719,#6297,#6298);
#5206=AXIS2_PLACEMENT_3D('',#7721,#6299,#6300);
#5207=AXIS2_PLACEMENT_3D('',#7723,#6302,#6303);
#5208=AXIS2_PLACEMENT_3D('',#7729,#6307,#6308);
#5209=AXIS2_PLACEMENT_3D('',#7731,#6309,#6310);
#5210=AXIS2_PLACEMENT_3D('',#7733,#6311,#6312);
#5211=AXIS2_PLACEMENT_3D('',#7735,#6314,#6315);
#5212=AXIS2_PLACEMENT_3D('',#7741,#6319,#6320);
#5213=AXIS2_PLACEMENT_3D('',#7743,#6321,#6322);
#5214=AXIS2_PLACEMENT_3D('',#7745,#6323,#6324);
#5215=AXIS2_PLACEMENT_3D('',#7747,#6326,#6327);
#5216=AXIS2_PLACEMENT_3D('',#7753,#6331,#6332);
#5217=AXIS2_PLACEMENT_3D('',#7756,#6335,#6336);
#5218=AXIS2_PLACEMENT_3D('',#7765,#6341,#6342);
#5219=AXIS2_PLACEMENT_3D('',#7771,#6346,#6347);
#5220=AXIS2_PLACEMENT_3D('',#7777,#6351,#6352);
#5221=AXIS2_PLACEMENT_3D('',#7779,#6353,#6354);
#5222=AXIS2_PLACEMENT_3D('',#7781,#6355,#6356);
#5223=AXIS2_PLACEMENT_3D('',#7783,#6358,#6359);
#5224=AXIS2_PLACEMENT_3D('',#7789,#6363,#6364);
#5225=AXIS2_PLACEMENT_3D('',#7790,#6365,#6366);
#5226=AXIS2_PLACEMENT_3D('',#7791,#6367,#6368);
#5227=AXIS2_PLACEMENT_3D('',#7792,#6369,#6370);
#5228=AXIS2_PLACEMENT_3D('',#7795,#6371,#6372);
#5229=AXIS2_PLACEMENT_3D('',#7799,#6374,#6375);
#5230=AXIS2_PLACEMENT_3D('',#7801,#6377,#6378);
#5231=AXIS2_PLACEMENT_3D('',#7807,#6382,#6383);
#5232=AXIS2_PLACEMENT_3D('',#7809,#6384,#6385);
#5233=AXIS2_PLACEMENT_3D('',#7811,#6386,#6387);
#5234=AXIS2_PLACEMENT_3D('',#7813,#6389,#6390);
#5235=AXIS2_PLACEMENT_3D('',#7819,#6394,#6395);
#5236=AXIS2_PLACEMENT_3D('',#7821,#6396,#6397);
#5237=AXIS2_PLACEMENT_3D('',#7823,#6398,#6399);
#5238=AXIS2_PLACEMENT_3D('',#7825,#6401,#6402);
#5239=AXIS2_PLACEMENT_3D('',#7831,#6406,#6407);
#5240=AXIS2_PLACEMENT_3D('',#7833,#6408,#6409);
#5241=AXIS2_PLACEMENT_3D('',#7835,#6410,#6411);
#5242=AXIS2_PLACEMENT_3D('',#7837,#6413,#6414);
#5243=AXIS2_PLACEMENT_3D('',#7843,#6418,#6419);
#5244=AXIS2_PLACEMENT_3D('',#7845,#6420,#6421);
#5245=AXIS2_PLACEMENT_3D('',#7847,#6422,#6423);
#5246=AXIS2_PLACEMENT_3D('',#7849,#6425,#6426);
#5247=AXIS2_PLACEMENT_3D('',#7852,#6429,#6430);
#5248=AXIS2_PLACEMENT_3D('',#7855,#6431,#6432);
#5249=AXIS2_PLACEMENT_3D('',#7859,#6434,#6435);
#5250=AXIS2_PLACEMENT_3D('',#7861,#6437,#6438);
#5251=AXIS2_PLACEMENT_3D('',#7867,#6442,#6443);
#5252=AXIS2_PLACEMENT_3D('',#7873,#6447,#6448);
#5253=AXIS2_PLACEMENT_3D('',#7875,#6449,#6450);
#5254=AXIS2_PLACEMENT_3D('',#7877,#6451,#6452);
#5255=AXIS2_PLACEMENT_3D('',#7879,#6454,#6455);
#5256=AXIS2_PLACEMENT_3D('',#7885,#6459,#6460);
#5257=AXIS2_PLACEMENT_3D('',#7888,#6463,#6464);
#5258=AXIS2_PLACEMENT_3D('',#7897,#6469,#6470);
#5259=AXIS2_PLACEMENT_3D('',#7899,#6471,#6472);
#5260=AXIS2_PLACEMENT_3D('',#7901,#6473,#6474);
#5261=AXIS2_PLACEMENT_3D('',#7903,#6476,#6477);
#5262=AXIS2_PLACEMENT_3D('',#7909,#6481,#6482);
#5263=AXIS2_PLACEMENT_3D('',#7911,#6483,#6484);
#5264=AXIS2_PLACEMENT_3D('',#7913,#6485,#6486);
#5265=AXIS2_PLACEMENT_3D('',#7915,#6488,#6489);
#5266=AXIS2_PLACEMENT_3D('',#7921,#6493,#6494);
#5267=AXIS2_PLACEMENT_3D('',#7923,#6495,#6496);
#5268=AXIS2_PLACEMENT_3D('',#7925,#6497,#6498);
#5269=AXIS2_PLACEMENT_3D('',#7927,#6500,#6501);
#5270=AXIS2_PLACEMENT_3D('',#7933,#6505,#6506);
#5271=AXIS2_PLACEMENT_3D('',#7935,#6507,#6508);
#5272=AXIS2_PLACEMENT_3D('',#7937,#6509,#6510);
#5273=AXIS2_PLACEMENT_3D('',#7939,#6512,#6513);
#5274=AXIS2_PLACEMENT_3D('',#7945,#6517,#6518);
#5275=AXIS2_PLACEMENT_3D('',#7946,#6519,#6520);
#5276=AXIS2_PLACEMENT_3D('',#7947,#6521,#6522);
#5277=AXIS2_PLACEMENT_3D('',#7948,#6523,#6524);
#5278=AXIS2_PLACEMENT_3D('',#7957,#6529,#6530);
#5279=AXIS2_PLACEMENT_3D('',#7959,#6531,#6532);
#5280=AXIS2_PLACEMENT_3D('',#7961,#6533,#6534);
#5281=AXIS2_PLACEMENT_3D('',#7963,#6536,#6537);
#5282=AXIS2_PLACEMENT_3D('',#7969,#6541,#6542);
#5283=AXIS2_PLACEMENT_3D('',#7971,#6543,#6544);
#5284=AXIS2_PLACEMENT_3D('',#7973,#6545,#6546);
#5285=AXIS2_PLACEMENT_3D('',#7975,#6548,#6549);
#5286=AXIS2_PLACEMENT_3D('',#7981,#6553,#6554);
#5287=AXIS2_PLACEMENT_3D('',#7983,#6555,#6556);
#5288=AXIS2_PLACEMENT_3D('',#7985,#6557,#6558);
#5289=AXIS2_PLACEMENT_3D('',#7987,#6560,#6561);
#5290=AXIS2_PLACEMENT_3D('',#7993,#6565,#6566);
#5291=AXIS2_PLACEMENT_3D('',#7995,#6567,#6568);
#5292=AXIS2_PLACEMENT_3D('',#7997,#6569,#6570);
#5293=AXIS2_PLACEMENT_3D('',#7999,#6572,#6573);
#5294=AXIS2_PLACEMENT_3D('',#8005,#6577,#6578);
#5295=AXIS2_PLACEMENT_3D('',#8006,#6579,#6580);
#5296=AXIS2_PLACEMENT_3D('',#8007,#6581,#6582);
#5297=AXIS2_PLACEMENT_3D('',#8008,#6583,#6584);
#5298=AXIS2_PLACEMENT_3D('',#8017,#6589,#6590);
#5299=AXIS2_PLACEMENT_3D('',#8026,#6595,#6596);
#5300=AXIS2_PLACEMENT_3D('',#8029,#6599,#6600);
#5301=AXIS2_PLACEMENT_3D('',#8033,#6602,#6603);
#5302=AXIS2_PLACEMENT_3D('',#8037,#6605,#6606);
#5303=AXIS2_PLACEMENT_3D('',#8041,#6608,#6609);
#5304=AXIS2_PLACEMENT_3D('',#8045,#6611,#6612);
#5305=AXIS2_PLACEMENT_3D('',#8050,#6615,#6616);
#5306=AXIS2_PLACEMENT_3D('',#8054,#6618,#6619);
#5307=AXIS2_PLACEMENT_3D('',#8058,#6621,#6622);
#5308=AXIS2_PLACEMENT_3D('',#8062,#6624,#6625);
#5309=AXIS2_PLACEMENT_3D('',#8064,#6627,#6628);
#5310=AXIS2_PLACEMENT_3D('',#8070,#6632,#6633);
#5311=AXIS2_PLACEMENT_3D('',#8073,#6634,#6635);
#5312=AXIS2_PLACEMENT_3D('',#8077,#6637,#6638);
#5313=AXIS2_PLACEMENT_3D('',#8081,#6640,#6641);
#5314=AXIS2_PLACEMENT_3D('',#8085,#6643,#6644);
#5315=AXIS2_PLACEMENT_3D('',#8087,#6646,#6647);
#5316=AXIS2_PLACEMENT_3D('',#8090,#6650,#6651);
#5317=AXIS2_PLACEMENT_3D('',#8092,#6653,#6654);
#5318=AXIS2_PLACEMENT_3D('',#8094,#6656,#6657);
#5319=AXIS2_PLACEMENT_3D('',#8096,#6659,#6660);
#5320=AXIS2_PLACEMENT_3D('',#8098,#6662,#6663);
#5321=AXIS2_PLACEMENT_3D('',#8100,#6665,#6666);
#5322=AXIS2_PLACEMENT_3D('',#8102,#6668,#6669);
#5323=AXIS2_PLACEMENT_3D('',#8103,#6670,#6671);
#5324=AXIS2_PLACEMENT_3D('',#8109,#6675,#6676);
#5325=AXIS2_PLACEMENT_3D('',#8111,#6677,#6678);
#5326=AXIS2_PLACEMENT_3D('',#8113,#6680,#6681);
#5327=AXIS2_PLACEMENT_3D('',#8117,#6684,#6685);
#5328=AXIS2_PLACEMENT_3D('',#8119,#6686,#6687);
#5329=AXIS2_PLACEMENT_3D('',#8121,#6689,#6690);
#5330=AXIS2_PLACEMENT_3D('',#8125,#6693,#6694);
#5331=AXIS2_PLACEMENT_3D('',#8126,#6695,#6696);
#5332=AXIS2_PLACEMENT_3D('',#8127,#6697,#6698);
#5333=AXIS2_PLACEMENT_3D('',#8128,#6699,#6700);
#5334=AXIS2_PLACEMENT_3D('',#8129,#6701,#6702);
#5335=AXIS2_PLACEMENT_3D('',#8130,#6703,#6704);
#5336=AXIS2_PLACEMENT_3D('',#8132,#6705,#6706);
#5337=AXIS2_PLACEMENT_3D('',#8135,#6708,#6709);
#5338=AXIS2_PLACEMENT_3D('',#8136,#6710,#6711);
#5339=AXIS2_PLACEMENT_3D('',#8137,#6712,#6713);
#5340=AXIS2_PLACEMENT_3D('',#8138,#6714,#6715);
#5341=AXIS2_PLACEMENT_3D('',#8140,#6716,#6717);
#5342=AXIS2_PLACEMENT_3D('',#8143,#6719,#6720);
#5343=AXIS2_PLACEMENT_3D('',#8144,#6721,#6722);
#5344=AXIS2_PLACEMENT_3D('',#8145,#6723,#6724);
#5345=AXIS2_PLACEMENT_3D('',#8146,#6725,#6726);
#5346=AXIS2_PLACEMENT_3D('',#8148,#6727,#6728);
#5347=AXIS2_PLACEMENT_3D('',#8151,#6730,#6731);
#5348=AXIS2_PLACEMENT_3D('',#8152,#6732,#6733);
#5349=AXIS2_PLACEMENT_3D('',#8153,#6734,#6735);
#5350=AXIS2_PLACEMENT_3D('',#8154,#6736,#6737);
#5351=AXIS2_PLACEMENT_3D('',#8156,#6738,#6739);
#5352=AXIS2_PLACEMENT_3D('',#8159,#6741,#6742);
#5353=AXIS2_PLACEMENT_3D('',#8160,#6743,#6744);
#5354=AXIS2_PLACEMENT_3D('',#8161,#6745,#6746);
#5355=DIRECTION('axis',(0.,0.,1.));
#5356=DIRECTION('refdir',(1.,0.,0.));
#5357=DIRECTION('center_axis',(0.,0.,1.));
#5358=DIRECTION('ref_axis',(-0.511696412825624,0.859166329124569,0.));
#5359=DIRECTION('center_axis',(0.,0.,-1.));
#5360=DIRECTION('ref_axis',(-0.511696412825624,0.859166329124569,0.));
#5361=DIRECTION('',(0.,0.,1.));
#5362=DIRECTION('center_axis',(0.,0.,1.));
#5363=DIRECTION('ref_axis',(-0.511696412825624,0.859166329124569,0.));
#5364=DIRECTION('',(0.,0.,1.));
#5365=DIRECTION('center_axis',(0.93945438600586,-0.342673980066116,0.));
#5366=DIRECTION('ref_axis',(0.342673980066116,0.93945438600586,0.));
#5367=DIRECTION('',(-0.342673980066116,-0.93945438600586,0.));
#5368=DIRECTION('',(0.342673980066116,0.93945438600586,0.));
#5369=DIRECTION('',(0.,0.,1.));
#5370=DIRECTION('center_axis',(0.,-1.,0.));
#5371=DIRECTION('ref_axis',(1.,0.,0.));
#5372=DIRECTION('',(-1.,0.,0.));
#5373=DIRECTION('',(1.,0.,0.));
#5374=DIRECTION('',(0.,0.,1.));
#5375=DIRECTION('center_axis',(-0.511696412825628,0.859166329124568,0.));
#5376=DIRECTION('ref_axis',(-0.859166329124568,-0.511696412825628,0.));
#5377=DIRECTION('',(0.859166329124568,0.511696412825628,0.));
#5378=DIRECTION('',(-0.859166329124568,-0.511696412825628,0.));
#5379=DIRECTION('center_axis',(-0.514753677714673,-0.857338119576646,0.));
#5380=DIRECTION('ref_axis',(0.857338119576646,-0.514753677714673,0.));
#5381=DIRECTION('',(-0.857338119576646,0.514753677714673,0.));
#5382=DIRECTION('',(0.,0.,1.));
#5383=DIRECTION('',(0.857338119576646,-0.514753677714673,0.));
#5384=DIRECTION('',(0.,0.,1.));
#5385=DIRECTION('center_axis',(0.,0.,1.));
#5386=DIRECTION('ref_axis',(-0.514753677714678,-0.857338119576643,0.));
#5387=DIRECTION('center_axis',(0.,0.,-1.));
#5388=DIRECTION('ref_axis',(-0.514753677714678,-0.857338119576643,0.));
#5389=DIRECTION('center_axis',(0.,0.,1.));
#5390=DIRECTION('ref_axis',(-0.514753677714678,-0.857338119576643,0.));
#5391=DIRECTION('',(0.,0.,1.));
#5392=DIRECTION('center_axis',(-0.510233020085581,0.860036199944135,0.));
#5393=DIRECTION('ref_axis',(-0.860036199944134,-0.510233020085581,0.));
#5394=DIRECTION('',(0.860036199944134,0.510233020085581,0.));
#5395=DIRECTION('',(-0.860036199944134,-0.510233020085581,0.));
#5396=DIRECTION('',(0.,0.,1.));
#5397=DIRECTION('center_axis',(0.,0.,1.));
#5398=DIRECTION('ref_axis',(-0.510233020085546,0.860036199944155,0.));
#5399=DIRECTION('center_axis',(0.,0.,-1.));
#5400=DIRECTION('ref_axis',(-0.510233020085546,0.860036199944155,0.));
#5401=DIRECTION('center_axis',(0.,0.,1.));
#5402=DIRECTION('ref_axis',(-0.510233020085546,0.860036199944155,0.));
#5403=DIRECTION('',(0.,0.,1.));
#5404=DIRECTION('center_axis',(0.645392743867212,0.76385090571626,0.));
#5405=DIRECTION('ref_axis',(-0.76385090571626,0.645392743867212,0.));
#5406=DIRECTION('',(0.76385090571626,-0.645392743867212,0.));
#5407=DIRECTION('',(-0.76385090571626,0.645392743867212,0.));
#5408=DIRECTION('',(0.,0.,1.));
#5409=DIRECTION('center_axis',(0.,0.,1.));
#5410=DIRECTION('ref_axis',(0.645392743867214,0.763850905716259,0.));
#5411=DIRECTION('center_axis',(0.,0.,-1.));
#5412=DIRECTION('ref_axis',(0.645392743867214,0.763850905716259,0.));
#5413=DIRECTION('center_axis',(0.,0.,1.));
#5414=DIRECTION('ref_axis',(0.645392743867214,0.763850905716259,0.));
#5415=DIRECTION('',(0.,0.,1.));
#5416=DIRECTION('center_axis',(0.763850905716254,-0.645392743867219,0.));
#5417=DIRECTION('ref_axis',(0.645392743867219,0.763850905716254,0.));
#5418=DIRECTION('',(-0.645392743867219,-0.763850905716254,0.));
#5419=DIRECTION('',(0.645392743867219,0.763850905716254,0.));
#5420=DIRECTION('',(0.,0.,1.));
#5421=DIRECTION('center_axis',(0.,0.,1.));
#5422=DIRECTION('ref_axis',(0.763850905716264,-0.645392743867208,0.));
#5423=DIRECTION('center_axis',(0.,0.,-1.));
#5424=DIRECTION('ref_axis',(0.763850905716264,-0.645392743867208,0.));
#5425=DIRECTION('center_axis',(0.,0.,1.));
#5426=DIRECTION('ref_axis',(0.763850905716264,-0.645392743867208,0.));
#5427=DIRECTION('center_axis',(6.6539170403894E-17,1.,0.));
#5428=DIRECTION('ref_axis',(-1.,6.6539170403894E-17,0.));
#5429=DIRECTION('',(1.,-6.6539170403894E-17,0.));
#5430=DIRECTION('',(0.,0.,1.));
#5431=DIRECTION('',(-1.,6.6539170403894E-17,0.));
#5432=DIRECTION('',(0.,0.,1.));
#5433=DIRECTION('center_axis',(0.989785703391778,0.142563183751075,0.));
#5434=DIRECTION('ref_axis',(-0.142563183751075,0.989785703391778,0.));
#5435=DIRECTION('',(0.142563183751075,-0.989785703391778,0.));
#5436=DIRECTION('',(-0.142563183751075,0.989785703391778,0.));
#5437=DIRECTION('',(0.,0.,1.));
#5438=DIRECTION('center_axis',(0.,0.,1.));
#5439=DIRECTION('ref_axis',(0.989785703391776,0.142563183751089,0.));
#5440=DIRECTION('center_axis',(0.,0.,-1.));
#5441=DIRECTION('ref_axis',(0.989785703391776,0.142563183751089,0.));
#5442=DIRECTION('center_axis',(0.,0.,1.));
#5443=DIRECTION('ref_axis',(0.989785703391776,0.142563183751089,0.));
#5444=DIRECTION('',(0.,0.,1.));
#5445=DIRECTION('center_axis',(-0.256590158231371,-0.966520300200053,0.));
#5446=DIRECTION('ref_axis',(0.966520300200053,-0.256590158231371,0.));
#5447=DIRECTION('',(-0.966520300200053,0.256590158231371,0.));
#5448=DIRECTION('',(0.966520300200053,-0.256590158231371,0.));
#5449=DIRECTION('',(0.,0.,1.));
#5450=DIRECTION('center_axis',(0.,0.,1.));
#5451=DIRECTION('ref_axis',(-0.256590158231394,-0.966520300200047,0.));
#5452=DIRECTION('center_axis',(0.,0.,-1.));
#5453=DIRECTION('ref_axis',(-0.256590158231394,-0.966520300200047,0.));
#5454=DIRECTION('center_axis',(0.,0.,1.));
#5455=DIRECTION('ref_axis',(-0.256590158231394,-0.966520300200047,0.));
#5456=DIRECTION('',(0.,0.,1.));
#5457=DIRECTION('center_axis',(-0.687314062941239,0.726360364339359,0.));
#5458=DIRECTION('ref_axis',(-0.726360364339359,-0.687314062941239,0.));
#5459=DIRECTION('',(0.726360364339359,0.687314062941239,0.));
#5460=DIRECTION('',(-0.726360364339359,-0.687314062941239,0.));
#5461=DIRECTION('center_axis',(0.,0.,1.));
#5462=DIRECTION('ref_axis',(-0.511696412825637,-0.859166329124562,0.));
#5463=DIRECTION('center_axis',(0.,0.,-1.));
#5464=DIRECTION('ref_axis',(-0.511696412825637,-0.859166329124562,0.));
#5465=DIRECTION('',(0.,0.,1.));
#5466=DIRECTION('center_axis',(0.,0.,1.));
#5467=DIRECTION('ref_axis',(-0.511696412825637,-0.859166329124562,0.));
#5468=DIRECTION('',(0.,0.,1.));
#5469=DIRECTION('center_axis',(-0.917682376008163,-0.397314808135833,0.));
#5470=DIRECTION('ref_axis',(0.397314808135832,-0.917682376008162,0.));
#5471=DIRECTION('',(-0.397314808135832,0.917682376008162,0.));
#5472=DIRECTION('',(0.397314808135832,-0.917682376008162,0.));
#5473=DIRECTION('',(0.,0.,1.));
#5474=DIRECTION('center_axis',(0.,0.,1.));
#5475=DIRECTION('ref_axis',(-0.91768237600817,-0.397314808135815,0.));
#5476=DIRECTION('center_axis',(0.,0.,-1.));
#5477=DIRECTION('ref_axis',(-0.91768237600817,-0.397314808135815,0.));
#5478=DIRECTION('center_axis',(0.,0.,1.));
#5479=DIRECTION('ref_axis',(-0.91768237600817,-0.397314808135815,0.));
#5480=DIRECTION('',(0.,0.,1.));
#5481=DIRECTION('center_axis',(-0.459772568365737,0.888036702720318,0.));
#5482=DIRECTION('ref_axis',(-0.888036702720318,-0.459772568365737,0.));
#5483=DIRECTION('',(0.888036702720318,0.459772568365737,0.));
#5484=DIRECTION('',(-0.888036702720318,-0.459772568365737,0.));
#5485=DIRECTION('',(0.,0.,1.));
#5486=DIRECTION('center_axis',(0.,0.,1.));
#5487=DIRECTION('ref_axis',(-0.459772568365767,0.888036702720302,0.));
#5488=DIRECTION('center_axis',(0.,0.,-1.));
#5489=DIRECTION('ref_axis',(-0.459772568365767,0.888036702720302,0.));
#5490=DIRECTION('center_axis',(0.,0.,1.));
#5491=DIRECTION('ref_axis',(-0.459772568365767,0.888036702720302,0.));
#5492=DIRECTION('',(0.,0.,1.));
#5493=DIRECTION('center_axis',(0.412917773067707,0.910768309003341,0.));
#5494=DIRECTION('ref_axis',(-0.910768309003341,0.412917773067707,0.));
#5495=DIRECTION('',(0.910768309003341,-0.412917773067707,0.));
#5496=DIRECTION('',(-0.910768309003341,0.412917773067707,0.));
#5497=DIRECTION('',(0.,0.,1.));
#5498=DIRECTION('center_axis',(0.,0.,1.));
#5499=DIRECTION('ref_axis',(0.412917773067715,0.910768309003338,0.));
#5500=DIRECTION('center_axis',(0.,0.,-1.));
#5501=DIRECTION('ref_axis',(0.412917773067715,0.910768309003338,0.));
#5502=DIRECTION('center_axis',(0.,0.,1.));
#5503=DIRECTION('ref_axis',(0.412917773067715,0.910768309003338,0.));
#5504=DIRECTION('',(0.,0.,1.));
#5505=DIRECTION('center_axis',(0.399193058115905,-0.91686689456653,0.));
#5506=DIRECTION('ref_axis',(0.91686689456653,0.399193058115905,0.));
#5507=DIRECTION('',(-0.91686689456653,-0.399193058115905,0.));
#5508=DIRECTION('',(0.91686689456653,0.399193058115905,0.));
#5509=DIRECTION('',(0.,0.,1.));
#5510=DIRECTION('center_axis',(0.,0.,1.));
#5511=DIRECTION('ref_axis',(0.399193058115919,-0.916866894566523,0.));
#5512=DIRECTION('center_axis',(0.,0.,-1.));
#5513=DIRECTION('ref_axis',(0.399193058115919,-0.916866894566523,0.));
#5514=DIRECTION('center_axis',(0.,0.,1.));
#5515=DIRECTION('ref_axis',(0.399193058115919,-0.916866894566523,0.));
#5516=DIRECTION('',(0.,0.,1.));
#5517=DIRECTION('center_axis',(-0.511696412825629,-0.859166329124567,0.));
#5518=DIRECTION('ref_axis',(0.859166329124567,-0.511696412825629,0.));
#5519=DIRECTION('',(-0.859166329124567,0.511696412825629,0.));
#5520=DIRECTION('',(0.859166329124567,-0.511696412825629,0.));
#5521=DIRECTION('center_axis',(-0.459772568365739,0.888036702720317,0.));
#5522=DIRECTION('ref_axis',(-0.888036702720317,-0.459772568365738,0.));
#5523=DIRECTION('',(0.888036702720317,0.459772568365738,0.));
#5524=DIRECTION('',(0.,0.,1.));
#5525=DIRECTION('',(-0.888036702720317,-0.459772568365738,0.));
#5526=DIRECTION('',(0.,0.,1.));
#5527=DIRECTION('center_axis',(0.,0.,1.));
#5528=DIRECTION('ref_axis',(-0.459772568365735,0.888036702720319,0.));
#5529=DIRECTION('center_axis',(0.,0.,-1.));
#5530=DIRECTION('ref_axis',(-0.459772568365735,0.888036702720319,0.));
#5531=DIRECTION('center_axis',(0.,0.,1.));
#5532=DIRECTION('ref_axis',(-0.459772568365735,0.888036702720319,0.));
#5533=DIRECTION('',(0.,0.,1.));
#5534=DIRECTION('center_axis',(0.412917773067708,0.910768309003341,0.));
#5535=DIRECTION('ref_axis',(-0.910768309003341,0.412917773067708,0.));
#5536=DIRECTION('',(0.910768309003341,-0.412917773067708,0.));
#5537=DIRECTION('',(-0.910768309003341,0.412917773067708,0.));
#5538=DIRECTION('',(0.,0.,1.));
#5539=DIRECTION('center_axis',(-0.412917773067708,0.910768309003341,0.));
#5540=DIRECTION('ref_axis',(-0.910768309003341,-0.412917773067708,0.));
#5541=DIRECTION('',(0.910768309003341,0.412917773067708,0.));
#5542=DIRECTION('',(-0.910768309003341,-0.412917773067708,0.));
#5543=DIRECTION('',(0.,0.,1.));
#5544=DIRECTION('center_axis',(0.,0.,1.));
#5545=DIRECTION('ref_axis',(-0.412917773067691,0.910768309003349,0.));
#5546=DIRECTION('center_axis',(0.,0.,-1.));
#5547=DIRECTION('ref_axis',(-0.412917773067691,0.910768309003349,0.));
#5548=DIRECTION('center_axis',(0.,0.,1.));
#5549=DIRECTION('ref_axis',(-0.412917773067691,0.910768309003349,0.));
#5550=DIRECTION('',(0.,0.,1.));
#5551=DIRECTION('center_axis',(0.459772568365739,0.888036702720317,0.));
#5552=DIRECTION('ref_axis',(-0.888036702720317,0.459772568365738,0.));
#5553=DIRECTION('',(0.888036702720317,-0.459772568365738,0.));
#5554=DIRECTION('',(-0.888036702720317,0.459772568365738,0.));
#5555=DIRECTION('',(0.,0.,1.));
#5556=DIRECTION('center_axis',(0.,0.,1.));
#5557=DIRECTION('ref_axis',(0.459772568365724,0.888036702720325,0.));
#5558=DIRECTION('center_axis',(0.,0.,-1.));
#5559=DIRECTION('ref_axis',(0.459772568365724,0.888036702720325,0.));
#5560=DIRECTION('center_axis',(0.,0.,1.));
#5561=DIRECTION('ref_axis',(0.459772568365724,0.888036702720325,0.));
#5562=DIRECTION('',(0.,0.,1.));
#5563=DIRECTION('center_axis',(0.412917773067708,-0.910768309003341,0.));
#5564=DIRECTION('ref_axis',(0.910768309003341,0.412917773067708,0.));
#5565=DIRECTION('',(-0.910768309003341,-0.412917773067708,0.));
#5566=DIRECTION('',(0.910768309003341,0.412917773067708,0.));
#5567=DIRECTION('',(0.,0.,1.));
#5568=DIRECTION('center_axis',(0.,0.,1.));
#5569=DIRECTION('ref_axis',(0.412917773067716,-0.910768309003337,0.));
#5570=DIRECTION('center_axis',(0.,0.,-1.));
#5571=DIRECTION('ref_axis',(0.412917773067716,-0.910768309003337,0.));
#5572=DIRECTION('center_axis',(0.,0.,1.));
#5573=DIRECTION('ref_axis',(0.412917773067716,-0.910768309003337,0.));
#5574=DIRECTION('',(0.,0.,1.));
#5575=DIRECTION('center_axis',(-0.514856955262706,-0.857276102325042,0.));
#5576=DIRECTION('ref_axis',(0.857276102325042,-0.514856955262706,0.));
#5577=DIRECTION('',(-0.857276102325042,0.514856955262706,0.));
#5578=DIRECTION('',(0.857276102325042,-0.514856955262706,0.));
#5579=DIRECTION('',(0.,0.,1.));
#5580=DIRECTION('center_axis',(0.514856955262706,-0.857276102325042,0.));
#5581=DIRECTION('ref_axis',(0.857276102325042,0.514856955262706,0.));
#5582=DIRECTION('',(-0.857276102325042,-0.514856955262706,0.));
#5583=DIRECTION('',(0.857276102325042,0.514856955262706,0.));
#5584=DIRECTION('',(0.,0.,1.));
#5585=DIRECTION('center_axis',(0.,0.,1.));
#5586=DIRECTION('ref_axis',(0.514856955262713,-0.857276102325038,0.));
#5587=DIRECTION('center_axis',(0.,0.,-1.));
#5588=DIRECTION('ref_axis',(0.514856955262713,-0.857276102325038,0.));
#5589=DIRECTION('center_axis',(0.,0.,1.));
#5590=DIRECTION('ref_axis',(0.514856955262713,-0.857276102325038,0.));
#5591=DIRECTION('',(0.,0.,1.));
#5592=DIRECTION('center_axis',(-0.412917773067708,-0.910768309003341,0.));
#5593=DIRECTION('ref_axis',(0.910768309003341,-0.412917773067708,0.));
#5594=DIRECTION('',(-0.910768309003341,0.412917773067708,0.));
#5595=DIRECTION('',(0.910768309003341,-0.412917773067708,0.));
#5596=DIRECTION('',(0.,0.,1.));
#5597=DIRECTION('center_axis',(0.,0.,1.));
#5598=DIRECTION('ref_axis',(-0.412917773067716,-0.910768309003337,0.));
#5599=DIRECTION('center_axis',(0.,0.,-1.));
#5600=DIRECTION('ref_axis',(-0.412917773067716,-0.910768309003337,0.));
#5601=DIRECTION('center_axis',(0.,0.,1.));
#5602=DIRECTION('ref_axis',(-0.412917773067716,-0.910768309003337,0.));
#5603=DIRECTION('center_axis',(0.,0.,1.));
#5604=DIRECTION('ref_axis',(0.977513898398034,-0.210870999520268,0.));
#5605=DIRECTION('center_axis',(0.,0.,-1.));
#5606=DIRECTION('ref_axis',(0.977513898398034,-0.210870999520268,0.));
#5607=DIRECTION('',(0.,0.,1.));
#5608=DIRECTION('center_axis',(0.,0.,1.));
#5609=DIRECTION('ref_axis',(0.977513898398034,-0.210870999520268,0.));
#5610=DIRECTION('',(0.,0.,1.));
#5611=DIRECTION('center_axis',(-0.48804417755083,-0.872818927818785,0.));
#5612=DIRECTION('ref_axis',(0.872818927818785,-0.48804417755083,0.));
#5613=DIRECTION('',(-0.872818927818785,0.48804417755083,0.));
#5614=DIRECTION('',(0.872818927818785,-0.48804417755083,0.));
#5615=DIRECTION('',(0.,0.,1.));
#5616=DIRECTION('center_axis',(0.,0.,1.));
#5617=DIRECTION('ref_axis',(-0.488044177550838,-0.872818927818781,0.));
#5618=DIRECTION('center_axis',(0.,0.,-1.));
#5619=DIRECTION('ref_axis',(-0.488044177550838,-0.872818927818781,0.));
#5620=DIRECTION('center_axis',(0.,0.,1.));
#5621=DIRECTION('ref_axis',(-0.488044177550838,-0.872818927818781,0.));
#5622=DIRECTION('',(0.,0.,1.));
#5623=DIRECTION('center_axis',(-0.256590158231369,0.966520300200053,0.));
#5624=DIRECTION('ref_axis',(-0.966520300200053,-0.256590158231369,0.));
#5625=DIRECTION('',(0.966520300200053,0.256590158231369,0.));
#5626=DIRECTION('',(-0.966520300200053,-0.256590158231369,0.));
#5627=DIRECTION('',(0.,0.,1.));
#5628=DIRECTION('center_axis',(0.,0.,1.));
#5629=DIRECTION('ref_axis',(-0.256590158231374,0.966520300200052,0.));
#5630=DIRECTION('center_axis',(0.,0.,-1.));
#5631=DIRECTION('ref_axis',(-0.256590158231374,0.966520300200052,0.));
#5632=DIRECTION('center_axis',(0.,0.,1.));
#5633=DIRECTION('ref_axis',(-0.256590158231374,0.966520300200052,0.));
#5634=DIRECTION('',(0.,0.,1.));
#5635=DIRECTION('center_axis',(0.977513898398033,-0.210870999520276,0.));
#5636=DIRECTION('ref_axis',(0.210870999520276,0.977513898398033,0.));
#5637=DIRECTION('',(-0.210870999520276,-0.977513898398033,0.));
#5638=DIRECTION('',(0.210870999520276,0.977513898398033,0.));
#5639=DIRECTION('center_axis',(0.,0.,1.));
#5640=DIRECTION('ref_axis',(0.990646735053251,-0.136451626330853,0.));
#5641=DIRECTION('center_axis',(0.,0.,-1.));
#5642=DIRECTION('ref_axis',(0.990646735053251,-0.136451626330853,0.));
#5643=DIRECTION('',(0.,0.,1.));
#5644=DIRECTION('center_axis',(0.,0.,1.));
#5645=DIRECTION('ref_axis',(0.990646735053251,-0.136451626330853,0.));
#5646=DIRECTION('',(0.,0.,1.));
#5647=DIRECTION('center_axis',(-0.386680688618266,-0.922213665616436,0.));
#5648=DIRECTION('ref_axis',(0.922213665616436,-0.386680688618266,0.));
#5649=DIRECTION('',(-0.922213665616436,0.386680688618266,0.));
#5650=DIRECTION('',(0.922213665616436,-0.386680688618266,0.));
#5651=DIRECTION('',(0.,0.,1.));
#5652=DIRECTION('center_axis',(0.,0.,1.));
#5653=DIRECTION('ref_axis',(-0.386680688618288,-0.922213665616427,0.));
#5654=DIRECTION('center_axis',(0.,0.,-1.));
#5655=DIRECTION('ref_axis',(-0.386680688618288,-0.922213665616427,0.));
#5656=DIRECTION('center_axis',(0.,0.,1.));
#5657=DIRECTION('ref_axis',(-0.386680688618288,-0.922213665616427,0.));
#5658=DIRECTION('',(0.,0.,1.));
#5659=DIRECTION('center_axis',(-0.763850905716262,-0.64539274386721,0.));
#5660=DIRECTION('ref_axis',(0.64539274386721,-0.763850905716262,0.));
#5661=DIRECTION('',(-0.64539274386721,0.763850905716262,0.));
#5662=DIRECTION('',(0.64539274386721,-0.763850905716262,0.));
#5663=DIRECTION('',(0.,0.,1.));
#5664=DIRECTION('center_axis',(0.,0.,1.));
#5665=DIRECTION('ref_axis',(-0.763850905716252,-0.645392743867222,0.));
#5666=DIRECTION('center_axis',(0.,0.,-1.));
#5667=DIRECTION('ref_axis',(-0.763850905716252,-0.645392743867222,0.));
#5668=DIRECTION('center_axis',(0.,0.,1.));
#5669=DIRECTION('ref_axis',(-0.763850905716252,-0.645392743867222,0.));
#5670=DIRECTION('',(0.,0.,1.));
#5671=DIRECTION('center_axis',(-0.473094736397034,0.881011560873875,0.));
#5672=DIRECTION('ref_axis',(-0.881011560873875,-0.473094736397034,0.));
#5673=DIRECTION('',(0.881011560873875,0.473094736397034,0.));
#5674=DIRECTION('',(-0.881011560873875,-0.473094736397034,0.));
#5675=DIRECTION('',(0.,0.,1.));
#5676=DIRECTION('center_axis',(0.,0.,1.));
#5677=DIRECTION('ref_axis',(-0.473094736397045,0.881011560873869,0.));
#5678=DIRECTION('center_axis',(0.,0.,-1.));
#5679=DIRECTION('ref_axis',(-0.473094736397045,0.881011560873869,0.));
#5680=DIRECTION('center_axis',(0.,0.,1.));
#5681=DIRECTION('ref_axis',(-0.473094736397045,0.881011560873869,0.));
#5682=DIRECTION('',(0.,0.,1.));
#5683=DIRECTION('center_axis',(0.510233020085577,0.860036199944137,0.));
#5684=DIRECTION('ref_axis',(-0.860036199944137,0.510233020085577,0.));
#5685=DIRECTION('',(0.860036199944137,-0.510233020085577,0.));
#5686=DIRECTION('',(-0.860036199944137,0.510233020085577,0.));
#5687=DIRECTION('',(0.,0.,1.));
#5688=DIRECTION('center_axis',(0.,0.,1.));
#5689=DIRECTION('ref_axis',(0.510233020085605,0.86003619994412,0.));
#5690=DIRECTION('center_axis',(0.,0.,-1.));
#5691=DIRECTION('ref_axis',(0.510233020085605,0.86003619994412,0.));
#5692=DIRECTION('center_axis',(0.,0.,1.));
#5693=DIRECTION('ref_axis',(0.510233020085605,0.86003619994412,0.));
#5694=DIRECTION('',(0.,0.,1.));
#5695=DIRECTION('center_axis',(0.990646735053251,-0.13645162633085,0.));
#5696=DIRECTION('ref_axis',(0.13645162633085,0.990646735053251,0.));
#5697=DIRECTION('',(-0.13645162633085,-0.990646735053251,0.));
#5698=DIRECTION('',(0.13645162633085,0.990646735053251,0.));
#5699=DIRECTION('center_axis',(0.,-1.,0.));
#5700=DIRECTION('ref_axis',(1.,0.,0.));
#5701=DIRECTION('',(-1.,0.,0.));
#5702=DIRECTION('',(0.,0.,1.));
#5703=DIRECTION('',(1.,0.,0.));
#5704=DIRECTION('',(0.,0.,1.));
#5705=DIRECTION('center_axis',(-0.518978134241765,0.854787515221729,0.));
#5706=DIRECTION('ref_axis',(-0.854787515221729,-0.518978134241765,0.));
#5707=DIRECTION('',(0.854787515221729,0.518978134241765,0.));
#5708=DIRECTION('',(-0.854787515221729,-0.518978134241765,0.));
#5709=DIRECTION('',(0.,0.,1.));
#5710=DIRECTION('center_axis',(0.,0.,1.));
#5711=DIRECTION('ref_axis',(-0.518978134241761,0.854787515221731,0.));
#5712=DIRECTION('center_axis',(0.,0.,-1.));
#5713=DIRECTION('ref_axis',(-0.518978134241761,0.854787515221731,0.));
#5714=DIRECTION('center_axis',(0.,0.,1.));
#5715=DIRECTION('ref_axis',(-0.518978134241761,0.854787515221731,0.));
#5716=DIRECTION('',(0.,0.,1.));
#5717=DIRECTION('center_axis',(0.349121439528075,0.937077489038044,0.));
#5718=DIRECTION('ref_axis',(-0.937077489038044,0.349121439528075,0.));
#5719=DIRECTION('',(0.937077489038044,-0.349121439528075,0.));
#5720=DIRECTION('',(-0.937077489038044,0.349121439528075,0.));
#5721=DIRECTION('center_axis',(0.,0.,1.));
#5722=DIRECTION('ref_axis',(-0.488044177550824,-0.872818927818788,0.));
#5723=DIRECTION('center_axis',(0.,0.,-1.));
#5724=DIRECTION('ref_axis',(-0.488044177550824,-0.872818927818788,0.));
#5725=DIRECTION('',(0.,0.,1.));
#5726=DIRECTION('center_axis',(0.,0.,1.));
#5727=DIRECTION('ref_axis',(-0.488044177550824,-0.872818927818788,0.));
#5728=DIRECTION('',(0.,0.,1.));
#5729=DIRECTION('center_axis',(-0.610650837678758,0.791899964921221,0.));
#5730=DIRECTION('ref_axis',(-0.791899964921221,-0.610650837678758,0.));
#5731=DIRECTION('',(0.791899964921221,0.610650837678758,0.));
#5732=DIRECTION('',(-0.791899964921221,-0.610650837678758,0.));
#5733=DIRECTION('',(0.,0.,1.));
#5734=DIRECTION('center_axis',(6.6539170403894E-17,1.,0.));
#5735=DIRECTION('ref_axis',(-1.,6.6539170403894E-17,0.));
#5736=DIRECTION('',(1.,-6.6539170403894E-17,0.));
#5737=DIRECTION('',(-1.,6.6539170403894E-17,0.));
#5738=DIRECTION('',(0.,0.,1.));
#5739=DIRECTION('center_axis',(0.976106463868166,-0.217292823615471,0.));
#5740=DIRECTION('ref_axis',(0.217292823615471,0.976106463868166,0.));
#5741=DIRECTION('',(-0.217292823615471,-0.976106463868166,0.));
#5742=DIRECTION('',(0.217292823615471,0.976106463868166,0.));
#5743=DIRECTION('',(0.,0.,1.));
#5744=DIRECTION('center_axis',(0.,0.,1.));
#5745=DIRECTION('ref_axis',(0.976106463868167,-0.217292823615467,0.));
#5746=DIRECTION('center_axis',(0.,0.,-1.));
#5747=DIRECTION('ref_axis',(0.976106463868167,-0.217292823615467,0.));
#5748=DIRECTION('center_axis',(0.,0.,1.));
#5749=DIRECTION('ref_axis',(0.976106463868167,-0.217292823615467,0.));
#5750=DIRECTION('',(0.,0.,1.));
#5751=DIRECTION('center_axis',(0.256607222773113,-0.966515769773401,0.));
#5752=DIRECTION('ref_axis',(0.966515769773401,0.256607222773113,0.));
#5753=DIRECTION('',(-0.966515769773401,-0.256607222773113,0.));
#5754=DIRECTION('',(0.966515769773401,0.256607222773113,0.));
#5755=DIRECTION('',(0.,0.,1.));
#5756=DIRECTION('center_axis',(0.,0.,1.));
#5757=DIRECTION('ref_axis',(0.256607222773101,-0.966515769773404,0.));
#5758=DIRECTION('center_axis',(0.,0.,-1.));
#5759=DIRECTION('ref_axis',(0.256607222773101,-0.966515769773404,0.));
#5760=DIRECTION('center_axis',(0.,0.,1.));
#5761=DIRECTION('ref_axis',(0.256607222773101,-0.966515769773404,0.));
#5762=DIRECTION('',(0.,0.,1.));
#5763=DIRECTION('center_axis',(-0.488044177550831,-0.872818927818785,0.));
#5764=DIRECTION('ref_axis',(0.872818927818785,-0.488044177550831,0.));
#5765=DIRECTION('',(-0.872818927818785,0.488044177550831,0.));
#5766=DIRECTION('',(0.872818927818785,-0.488044177550831,0.));
#5767=DIRECTION('center_axis',(0.410428162794563,0.911892934058094,0.));
#5768=DIRECTION('ref_axis',(-0.911892934058094,0.410428162794563,0.));
#5769=DIRECTION('',(0.911892934058094,-0.410428162794563,0.));
#5770=DIRECTION('',(0.,0.,1.));
#5771=DIRECTION('',(-0.911892934058094,0.410428162794563,0.));
#5772=DIRECTION('',(0.,0.,1.));
#5773=DIRECTION('center_axis',(0.,0.,1.));
#5774=DIRECTION('ref_axis',(0.410428162794574,0.911892934058089,0.));
#5775=DIRECTION('center_axis',(0.,0.,-1.));
#5776=DIRECTION('ref_axis',(0.410428162794574,0.911892934058089,0.));
#5777=DIRECTION('center_axis',(0.,0.,1.));
#5778=DIRECTION('ref_axis',(0.410428162794574,0.911892934058089,0.));
#5779=DIRECTION('',(0.,0.,1.));
#5780=DIRECTION('center_axis',(0.580978485100276,-0.81391891478856,0.));
#5781=DIRECTION('ref_axis',(0.81391891478856,0.580978485100276,0.));
#5782=DIRECTION('',(-0.81391891478856,-0.580978485100276,0.));
#5783=DIRECTION('',(0.81391891478856,0.580978485100276,0.));
#5784=DIRECTION('',(0.,0.,1.));
#5785=DIRECTION('center_axis',(0.,-1.,0.));
#5786=DIRECTION('ref_axis',(1.,0.,0.));
#5787=DIRECTION('',(-1.,0.,0.));
#5788=DIRECTION('',(1.,0.,0.));
#5789=DIRECTION('',(0.,0.,1.));
#5790=DIRECTION('center_axis',(-0.580978485100276,-0.81391891478856,0.));
#5791=DIRECTION('ref_axis',(0.81391891478856,-0.580978485100276,0.));
#5792=DIRECTION('',(-0.81391891478856,0.580978485100276,0.));
#5793=DIRECTION('',(0.81391891478856,-0.580978485100276,0.));
#5794=DIRECTION('',(0.,0.,1.));
#5795=DIRECTION('center_axis',(0.,0.,1.));
#5796=DIRECTION('ref_axis',(-0.580978485100266,-0.813918914788568,0.));
#5797=DIRECTION('center_axis',(0.,0.,-1.));
#5798=DIRECTION('ref_axis',(-0.580978485100266,-0.813918914788568,0.));
#5799=DIRECTION('center_axis',(0.,0.,1.));
#5800=DIRECTION('ref_axis',(-0.580978485100266,-0.813918914788568,0.));
#5801=DIRECTION('',(0.,0.,1.));
#5802=DIRECTION('center_axis',(-0.410428162794563,0.911892934058094,0.));
#5803=DIRECTION('ref_axis',(-0.911892934058094,-0.410428162794563,0.));
#5804=DIRECTION('',(0.911892934058094,0.410428162794563,0.));
#5805=DIRECTION('',(-0.911892934058094,-0.410428162794563,0.));
#5806=DIRECTION('center_axis',(0.,0.,1.));
#5807=DIRECTION('ref_axis',(-0.209211050513936,0.9778705110304,0.));
#5808=DIRECTION('center_axis',(0.,0.,-1.));
#5809=DIRECTION('ref_axis',(-0.209211050513936,0.9778705110304,0.));
#5810=DIRECTION('',(0.,0.,1.));
#5811=DIRECTION('center_axis',(0.,0.,1.));
#5812=DIRECTION('ref_axis',(-0.209211050513936,0.9778705110304,0.));
#5813=DIRECTION('',(0.,0.,1.));
#5814=DIRECTION('center_axis',(0.459772568365738,-0.888036702720317,0.));
#5815=DIRECTION('ref_axis',(0.888036702720317,0.459772568365738,0.));
#5816=DIRECTION('',(-0.888036702720317,-0.459772568365738,0.));
#5817=DIRECTION('',(0.888036702720317,0.459772568365738,0.));
#5818=DIRECTION('',(0.,0.,1.));
#5819=DIRECTION('center_axis',(0.,0.,1.));
#5820=DIRECTION('ref_axis',(0.459772568365746,-0.888036702720313,0.));
#5821=DIRECTION('center_axis',(0.,0.,-1.));
#5822=DIRECTION('ref_axis',(0.459772568365746,-0.888036702720313,0.));
#5823=DIRECTION('center_axis',(0.,0.,1.));
#5824=DIRECTION('ref_axis',(0.459772568365746,-0.888036702720313,0.));
#5825=DIRECTION('',(0.,0.,1.));
#5826=DIRECTION('center_axis',(-0.977513898398032,0.210870999520282,0.));
#5827=DIRECTION('ref_axis',(-0.210870999520282,-0.977513898398032,0.));
#5828=DIRECTION('',(0.210870999520282,0.977513898398032,0.));
#5829=DIRECTION('',(-0.210870999520282,-0.977513898398032,0.));
#5830=DIRECTION('',(0.,0.,1.));
#5831=DIRECTION('center_axis',(0.,0.,1.));
#5832=DIRECTION('ref_axis',(-0.977513898398033,0.210870999520276,0.));
#5833=DIRECTION('center_axis',(0.,0.,-1.));
#5834=DIRECTION('ref_axis',(-0.977513898398033,0.210870999520276,0.));
#5835=DIRECTION('center_axis',(0.,0.,1.));
#5836=DIRECTION('ref_axis',(-0.977513898398033,0.210870999520276,0.));
#5837=DIRECTION('',(0.,0.,1.));
#5838=DIRECTION('center_axis',(-0.209211050513881,0.977870511030412,0.));
#5839=DIRECTION('ref_axis',(-0.977870511030412,-0.209211050513881,0.));
#5840=DIRECTION('',(0.977870511030412,0.209211050513881,0.));
#5841=DIRECTION('',(-0.977870511030412,-0.209211050513881,0.));
#5842=DIRECTION('center_axis',(0.977513898398029,0.210870999520295,0.));
#5843=DIRECTION('ref_axis',(-0.210870999520295,0.977513898398029,0.));
#5844=DIRECTION('',(0.210870999520295,-0.977513898398029,0.));
#5845=DIRECTION('',(0.,0.,1.));
#5846=DIRECTION('',(-0.210870999520295,0.977513898398029,0.));
#5847=DIRECTION('',(0.,0.,1.));
#5848=DIRECTION('center_axis',(0.,0.,1.));
#5849=DIRECTION('ref_axis',(0.977513898398032,0.210870999520282,0.));
#5850=DIRECTION('center_axis',(0.,0.,-1.));
#5851=DIRECTION('ref_axis',(0.977513898398032,0.210870999520282,0.));
#5852=DIRECTION('center_axis',(0.,0.,1.));
#5853=DIRECTION('ref_axis',(0.977513898398032,0.210870999520282,0.));
#5854=DIRECTION('',(0.,0.,1.));
#5855=DIRECTION('center_axis',(-0.459772568365738,-0.888036702720317,0.));
#5856=DIRECTION('ref_axis',(0.888036702720317,-0.459772568365738,0.));
#5857=DIRECTION('',(-0.888036702720317,0.459772568365738,0.));
#5858=DIRECTION('',(0.888036702720317,-0.459772568365738,0.));
#5859=DIRECTION('',(0.,0.,1.));
#5860=DIRECTION('center_axis',(0.,0.,1.));
#5861=DIRECTION('ref_axis',(-0.459772568365668,-0.888036702720354,0.));
#5862=DIRECTION('center_axis',(0.,0.,-1.));
#5863=DIRECTION('ref_axis',(-0.459772568365668,-0.888036702720354,0.));
#5864=DIRECTION('center_axis',(0.,0.,1.));
#5865=DIRECTION('ref_axis',(-0.459772568365668,-0.888036702720354,0.));
#5866=DIRECTION('',(0.,0.,1.));
#5867=DIRECTION('center_axis',(0.20921105051388,0.977870511030412,0.));
#5868=DIRECTION('ref_axis',(-0.977870511030412,0.20921105051388,0.));
#5869=DIRECTION('',(0.977870511030412,-0.20921105051388,0.));
#5870=DIRECTION('',(-0.977870511030412,0.20921105051388,0.));
#5871=DIRECTION('',(0.,0.,1.));
#5872=DIRECTION('center_axis',(0.,0.,1.));
#5873=DIRECTION('ref_axis',(0.20921105051388,0.977870511030412,0.));
#5874=DIRECTION('center_axis',(0.,0.,-1.));
#5875=DIRECTION('ref_axis',(0.20921105051388,0.977870511030412,0.));
#5876=DIRECTION('center_axis',(0.,0.,1.));
#5877=DIRECTION('ref_axis',(0.20921105051388,0.977870511030412,0.));
#5878=DIRECTION('center_axis',(1.,0.,0.));
#5879=DIRECTION('ref_axis',(0.,1.,0.));
#5880=DIRECTION('',(0.,-1.,0.));
#5881=DIRECTION('',(0.,0.,1.));
#5882=DIRECTION('',(0.,1.,0.));
#5883=DIRECTION('',(0.,0.,1.));
#5884=DIRECTION('center_axis',(0.,0.,1.));
#5885=DIRECTION('ref_axis',(1.,7.105427357601E-15,0.));
#5886=DIRECTION('center_axis',(0.,0.,-1.));
#5887=DIRECTION('ref_axis',(1.,7.105427357601E-15,0.));
#5888=DIRECTION('center_axis',(0.,0.,1.));
#5889=DIRECTION('ref_axis',(1.,7.105427357601E-15,0.));
#5890=DIRECTION('',(0.,0.,1.));
#5891=DIRECTION('center_axis',(-0.504048172630192,-0.863675540737472,0.));
#5892=DIRECTION('ref_axis',(0.863675540737472,-0.504048172630192,0.));
#5893=DIRECTION('',(-0.863675540737472,0.504048172630192,0.));
#5894=DIRECTION('',(0.863675540737472,-0.504048172630192,0.));
#5895=DIRECTION('',(0.,0.,1.));
#5896=DIRECTION('center_axis',(0.,0.,1.));
#5897=DIRECTION('ref_axis',(-0.504048172630191,-0.863675540737473,0.));
#5898=DIRECTION('center_axis',(0.,0.,-1.));
#5899=DIRECTION('ref_axis',(-0.504048172630191,-0.863675540737473,0.));
#5900=DIRECTION('center_axis',(0.,0.,1.));
#5901=DIRECTION('ref_axis',(-0.504048172630191,-0.863675540737473,0.));
#5902=DIRECTION('',(0.,0.,1.));
#5903=DIRECTION('center_axis',(-0.763850905716259,0.645392743867214,0.));
#5904=DIRECTION('ref_axis',(-0.645392743867214,-0.763850905716259,0.));
#5905=DIRECTION('',(0.645392743867214,0.763850905716259,0.));
#5906=DIRECTION('',(-0.645392743867214,-0.763850905716259,0.));
#5907=DIRECTION('center_axis',(0.386680688618265,-0.922213665616437,0.));
#5908=DIRECTION('ref_axis',(0.922213665616436,0.386680688618265,0.));
#5909=DIRECTION('',(-0.922213665616436,-0.386680688618265,0.));
#5910=DIRECTION('',(0.,0.,1.));
#5911=DIRECTION('',(0.922213665616436,0.386680688618265,0.));
#5912=DIRECTION('',(0.,0.,1.));
#5913=DIRECTION('center_axis',(0.,-1.,0.));
#5914=DIRECTION('ref_axis',(1.,0.,0.));
#5915=DIRECTION('',(-1.,0.,0.));
#5916=DIRECTION('',(1.,0.,0.));
#5917=DIRECTION('',(0.,0.,1.));
#5918=DIRECTION('center_axis',(-0.919635583537038,0.392772699525426,0.));
#5919=DIRECTION('ref_axis',(-0.392772699525426,-0.919635583537038,0.));
#5920=DIRECTION('',(0.392772699525426,0.919635583537038,0.));
#5921=DIRECTION('',(-0.392772699525426,-0.919635583537038,0.));
#5922=DIRECTION('',(0.,0.,1.));
#5923=DIRECTION('center_axis',(0.,0.,1.));
#5924=DIRECTION('ref_axis',(-0.919635583537028,0.392772699525452,0.));
#5925=DIRECTION('center_axis',(0.,0.,-1.));
#5926=DIRECTION('ref_axis',(-0.919635583537028,0.392772699525452,0.));
#5927=DIRECTION('center_axis',(0.,0.,1.));
#5928=DIRECTION('ref_axis',(-0.919635583537028,0.392772699525452,0.));
#5929=DIRECTION('',(0.,0.,1.));
#5930=DIRECTION('center_axis',(0.155355393730144,0.987858644563559,0.));
#5931=DIRECTION('ref_axis',(-0.987858644563559,0.155355393730144,0.));
#5932=DIRECTION('',(0.987858644563559,-0.155355393730144,0.));
#5933=DIRECTION('',(-0.987858644563559,0.155355393730144,0.));
#5934=DIRECTION('',(0.,0.,1.));
#5935=DIRECTION('center_axis',(0.,0.,1.));
#5936=DIRECTION('ref_axis',(0.155355393730068,0.987858644563571,0.));
#5937=DIRECTION('center_axis',(0.,0.,-1.));
#5938=DIRECTION('ref_axis',(0.155355393730068,0.987858644563571,0.));
#5939=DIRECTION('center_axis',(0.,0.,1.));
#5940=DIRECTION('ref_axis',(0.155355393730068,0.987858644563571,0.));
#5941=DIRECTION('',(0.,0.,1.));
#5942=DIRECTION('center_axis',(0.922213665616435,0.386680688618268,0.));
#5943=DIRECTION('ref_axis',(-0.386680688618268,0.922213665616435,0.));
#5944=DIRECTION('',(0.386680688618268,-0.922213665616435,0.));
#5945=DIRECTION('',(-0.386680688618268,0.922213665616435,0.));
#5946=DIRECTION('',(0.,0.,1.));
#5947=DIRECTION('center_axis',(0.,0.,1.));
#5948=DIRECTION('ref_axis',(0.922213665616429,0.386680688618282,0.));
#5949=DIRECTION('center_axis',(0.,0.,-1.));
#5950=DIRECTION('ref_axis',(0.922213665616429,0.386680688618282,0.));
#5951=DIRECTION('center_axis',(0.,0.,1.));
#5952=DIRECTION('ref_axis',(0.922213665616429,0.386680688618282,0.));
#5953=DIRECTION('center_axis',(0.,0.,1.));
#5954=DIRECTION('ref_axis',(-0.349121439528075,0.937077489038044,0.));
#5955=DIRECTION('center_axis',(0.,0.,-1.));
#5956=DIRECTION('ref_axis',(-0.349121439528075,0.937077489038044,0.));
#5957=DIRECTION('',(0.,0.,1.));
#5958=DIRECTION('center_axis',(0.,0.,1.));
#5959=DIRECTION('ref_axis',(-0.349121439528075,0.937077489038044,0.));
#5960=DIRECTION('',(0.,0.,1.));
#5961=DIRECTION('center_axis',(0.518978134241764,0.854787515221729,0.));
#5962=DIRECTION('ref_axis',(-0.854787515221729,0.518978134241764,0.));
#5963=DIRECTION('',(0.854787515221729,-0.518978134241764,0.));
#5964=DIRECTION('',(-0.854787515221729,0.518978134241764,0.));
#5965=DIRECTION('',(0.,0.,1.));
#5966=DIRECTION('center_axis',(0.,-1.,0.));
#5967=DIRECTION('ref_axis',(1.,0.,0.));
#5968=DIRECTION('',(-1.,0.,0.));
#5969=DIRECTION('',(1.,0.,0.));
#5970=DIRECTION('',(0.,0.,1.));
#5971=DIRECTION('center_axis',(-0.349121439528075,0.937077489038044,0.));
#5972=DIRECTION('ref_axis',(-0.937077489038044,-0.349121439528075,0.));
#5973=DIRECTION('',(0.937077489038044,0.349121439528075,0.));
#5974=DIRECTION('',(-0.937077489038044,-0.349121439528075,0.));
#5975=DIRECTION('center_axis',(0.,0.,1.));
#5976=DIRECTION('ref_axis',(-0.977513898398029,-0.210870999520292,0.));
#5977=DIRECTION('center_axis',(0.,0.,-1.));
#5978=DIRECTION('ref_axis',(-0.977513898398029,-0.210870999520292,0.));
#5979=DIRECTION('',(0.,0.,1.));
#5980=DIRECTION('center_axis',(0.,0.,1.));
#5981=DIRECTION('ref_axis',(-0.977513898398029,-0.210870999520292,0.));
#5982=DIRECTION('',(0.,0.,1.));
#5983=DIRECTION('center_axis',(0.256590158231369,0.966520300200053,0.));
#5984=DIRECTION('ref_axis',(-0.966520300200053,0.256590158231369,0.));
#5985=DIRECTION('',(0.966520300200053,-0.256590158231369,0.));
#5986=DIRECTION('',(-0.966520300200053,0.256590158231369,0.));
#5987=DIRECTION('',(0.,0.,1.));
#5988=DIRECTION('center_axis',(0.,0.,1.));
#5989=DIRECTION('ref_axis',(0.256590158231375,0.966520300200052,0.));
#5990=DIRECTION('center_axis',(0.,0.,-1.));
#5991=DIRECTION('ref_axis',(0.256590158231375,0.966520300200052,0.));
#5992=DIRECTION('center_axis',(0.,0.,1.));
#5993=DIRECTION('ref_axis',(0.256590158231375,0.966520300200052,0.));
#5994=DIRECTION('',(0.,0.,1.));
#5995=DIRECTION('center_axis',(0.488044177550831,-0.872818927818785,0.));
#5996=DIRECTION('ref_axis',(0.872818927818785,0.488044177550831,0.));
#5997=DIRECTION('',(-0.872818927818785,-0.488044177550831,0.));
#5998=DIRECTION('',(0.872818927818785,0.488044177550831,0.));
#5999=DIRECTION('',(0.,0.,1.));
#6000=DIRECTION('center_axis',(0.,0.,1.));
#6001=DIRECTION('ref_axis',(0.488044177550836,-0.872818927818782,0.));
#6002=DIRECTION('center_axis',(0.,0.,-1.));
#6003=DIRECTION('ref_axis',(0.488044177550836,-0.872818927818782,0.));
#6004=DIRECTION('center_axis',(0.,0.,1.));
#6005=DIRECTION('ref_axis',(0.488044177550836,-0.872818927818782,0.));
#6006=DIRECTION('',(0.,0.,1.));
#6007=DIRECTION('center_axis',(-0.977513898398033,-0.210870999520276,0.));
#6008=DIRECTION('ref_axis',(0.210870999520276,-0.977513898398033,0.));
#6009=DIRECTION('',(-0.210870999520276,0.977513898398033,0.));
#6010=DIRECTION('',(0.210870999520276,-0.977513898398033,0.));
#6011=DIRECTION('center_axis',(-0.976106463868167,-0.21729282361547,0.));
#6012=DIRECTION('ref_axis',(0.21729282361547,-0.976106463868167,0.));
#6013=DIRECTION('',(-0.21729282361547,0.976106463868167,0.));
#6014=DIRECTION('',(0.,0.,1.));
#6015=DIRECTION('',(0.21729282361547,-0.976106463868167,0.));
#6016=DIRECTION('',(0.,0.,1.));
#6017=DIRECTION('center_axis',(6.6539170403894E-17,1.,0.));
#6018=DIRECTION('ref_axis',(-1.,6.6539170403894E-17,0.));
#6019=DIRECTION('',(1.,-6.6539170403894E-17,0.));
#6020=DIRECTION('',(-1.,6.6539170403894E-17,0.));
#6021=DIRECTION('',(0.,0.,1.));
#6022=DIRECTION('center_axis',(0.610650837678758,0.791899964921221,0.));
#6023=DIRECTION('ref_axis',(-0.791899964921221,0.610650837678758,0.));
#6024=DIRECTION('',(0.791899964921221,-0.610650837678758,0.));
#6025=DIRECTION('',(-0.791899964921221,0.610650837678758,0.));
#6026=DIRECTION('',(0.,0.,1.));
#6027=DIRECTION('center_axis',(0.,0.,1.));
#6028=DIRECTION('ref_axis',(0.61065083767876,0.791899964921219,0.));
#6029=DIRECTION('center_axis',(0.,0.,-1.));
#6030=DIRECTION('ref_axis',(0.61065083767876,0.791899964921219,0.));
#6031=DIRECTION('center_axis',(0.,0.,1.));
#6032=DIRECTION('ref_axis',(0.61065083767876,0.791899964921219,0.));
#6033=DIRECTION('',(0.,0.,1.));
#6034=DIRECTION('center_axis',(0.488044177550829,-0.872818927818786,0.));
#6035=DIRECTION('ref_axis',(0.872818927818786,0.488044177550829,0.));
#6036=DIRECTION('',(-0.872818927818786,-0.488044177550829,0.));
#6037=DIRECTION('',(0.872818927818786,0.488044177550829,0.));
#6038=DIRECTION('',(0.,0.,1.));
#6039=DIRECTION('center_axis',(0.,0.,1.));
#6040=DIRECTION('ref_axis',(0.488044177550824,-0.872818927818789,0.));
#6041=DIRECTION('center_axis',(0.,0.,-1.));
#6042=DIRECTION('ref_axis',(0.488044177550824,-0.872818927818789,0.));
#6043=DIRECTION('center_axis',(0.,0.,1.));
#6044=DIRECTION('ref_axis',(0.488044177550824,-0.872818927818789,0.));
#6045=DIRECTION('',(0.,0.,1.));
#6046=DIRECTION('center_axis',(-0.256607222773113,-0.966515769773401,0.));
#6047=DIRECTION('ref_axis',(0.966515769773401,-0.256607222773113,0.));
#6048=DIRECTION('',(-0.966515769773401,0.256607222773113,0.));
#6049=DIRECTION('',(0.966515769773401,-0.256607222773113,0.));
#6050=DIRECTION('',(0.,0.,1.));
#6051=DIRECTION('center_axis',(0.,0.,1.));
#6052=DIRECTION('ref_axis',(-0.256607222773114,-0.966515769773401,0.));
#6053=DIRECTION('center_axis',(0.,0.,-1.));
#6054=DIRECTION('ref_axis',(-0.256607222773114,-0.966515769773401,0.));
#6055=DIRECTION('center_axis',(0.,0.,1.));
#6056=DIRECTION('ref_axis',(-0.256607222773114,-0.966515769773401,0.));
#6057=DIRECTION('center_axis',(0.,-1.,0.));
#6058=DIRECTION('ref_axis',(1.,0.,0.));
#6059=DIRECTION('',(-1.,0.,0.));
#6060=DIRECTION('',(0.,0.,1.));
#6061=DIRECTION('',(1.,0.,0.));
#6062=DIRECTION('',(0.,0.,1.));
#6063=DIRECTION('center_axis',(-0.93945438600586,-0.342673980066115,0.));
#6064=DIRECTION('ref_axis',(0.342673980066115,-0.93945438600586,0.));
#6065=DIRECTION('',(-0.342673980066115,0.93945438600586,0.));
#6066=DIRECTION('',(0.342673980066115,-0.93945438600586,0.));
#6067=DIRECTION('',(0.,0.,1.));
#6068=DIRECTION('center_axis',(0.,0.,1.));
#6069=DIRECTION('ref_axis',(-0.939454386005872,-0.342673980066084,0.));
#6070=DIRECTION('center_axis',(0.,0.,-1.));
#6071=DIRECTION('ref_axis',(-0.939454386005872,-0.342673980066084,0.));
#6072=DIRECTION('center_axis',(0.,0.,1.));
#6073=DIRECTION('ref_axis',(-0.939454386005872,-0.342673980066084,0.));
#6074=DIRECTION('',(0.,0.,1.));
#6075=DIRECTION('center_axis',(0.511696412825628,0.859166329124568,0.));
#6076=DIRECTION('ref_axis',(-0.859166329124568,0.511696412825628,0.));
#6077=DIRECTION('',(0.859166329124568,-0.511696412825628,0.));
#6078=DIRECTION('',(-0.859166329124568,0.511696412825628,0.));
#6079=DIRECTION('center_axis',(6.6539170403894E-17,1.,0.));
#6080=DIRECTION('ref_axis',(-1.,6.6539170403894E-17,0.));
#6081=DIRECTION('',(1.,-6.6539170403894E-17,0.));
#6082=DIRECTION('',(0.,0.,1.));
#6083=DIRECTION('',(-1.,6.6539170403894E-17,0.));
#6084=DIRECTION('',(0.,0.,1.));
#6085=DIRECTION('center_axis',(0.687314062941238,-0.72636036433936,0.));
#6086=DIRECTION('ref_axis',(0.72636036433936,0.687314062941238,0.));
#6087=DIRECTION('',(-0.72636036433936,-0.687314062941238,0.));
#6088=DIRECTION('',(0.72636036433936,0.687314062941238,0.));
#6089=DIRECTION('',(0.,0.,1.));
#6090=DIRECTION('center_axis',(0.,0.,1.));
#6091=DIRECTION('ref_axis',(0.687314062941235,-0.726360364339363,0.));
#6092=DIRECTION('center_axis',(0.,0.,-1.));
#6093=DIRECTION('ref_axis',(0.687314062941235,-0.726360364339363,0.));
#6094=DIRECTION('center_axis',(0.,0.,1.));
#6095=DIRECTION('ref_axis',(0.687314062941235,-0.726360364339363,0.));
#6096=DIRECTION('',(0.,0.,1.));
#6097=DIRECTION('center_axis',(0.412917773067707,-0.910768309003341,0.));
#6098=DIRECTION('ref_axis',(0.910768309003341,0.412917773067707,0.));
#6099=DIRECTION('',(-0.910768309003341,-0.412917773067707,0.));
#6100=DIRECTION('',(0.910768309003341,0.412917773067707,0.));
#6101=DIRECTION('',(0.,0.,1.));
#6102=DIRECTION('center_axis',(-0.412917773067707,-0.910768309003341,0.));
#6103=DIRECTION('ref_axis',(0.910768309003341,-0.412917773067707,0.));
#6104=DIRECTION('',(-0.910768309003341,0.412917773067707,0.));
#6105=DIRECTION('',(0.910768309003341,-0.412917773067707,0.));
#6106=DIRECTION('',(0.,0.,1.));
#6107=DIRECTION('center_axis',(0.,0.,1.));
#6108=DIRECTION('ref_axis',(-0.412917773067713,-0.910768309003339,0.));
#6109=DIRECTION('center_axis',(0.,0.,-1.));
#6110=DIRECTION('ref_axis',(-0.412917773067713,-0.910768309003339,0.));
#6111=DIRECTION('center_axis',(0.,0.,1.));
#6112=DIRECTION('ref_axis',(-0.412917773067713,-0.910768309003339,0.));
#6113=DIRECTION('',(0.,0.,1.));
#6114=DIRECTION('center_axis',(-0.687314062941238,-0.72636036433936,0.));
#6115=DIRECTION('ref_axis',(0.72636036433936,-0.687314062941238,0.));
#6116=DIRECTION('',(-0.72636036433936,0.687314062941238,0.));
#6117=DIRECTION('',(0.72636036433936,-0.687314062941238,0.));
#6118=DIRECTION('center_axis',(0.,0.,1.));
#6119=DIRECTION('ref_axis',(-0.990646735053252,0.136451626330846,0.));
#6120=DIRECTION('center_axis',(0.,0.,-1.));
#6121=DIRECTION('ref_axis',(-0.990646735053252,0.136451626330846,0.));
#6122=DIRECTION('',(0.,0.,1.));
#6123=DIRECTION('center_axis',(0.,0.,1.));
#6124=DIRECTION('ref_axis',(-0.990646735053252,0.136451626330846,0.));
#6125=DIRECTION('',(0.,0.,1.));
#6126=DIRECTION('center_axis',(0.510233020085581,0.860036199944134,0.));
#6127=DIRECTION('ref_axis',(-0.860036199944134,0.510233020085581,0.));
#6128=DIRECTION('',(0.860036199944134,-0.510233020085581,0.));
#6129=DIRECTION('',(-0.860036199944134,0.510233020085581,0.));
#6130=DIRECTION('',(0.,0.,1.));
#6131=DIRECTION('center_axis',(0.,0.,1.));
#6132=DIRECTION('ref_axis',(0.459772568365708,-0.888036702720333,0.));
#6133=DIRECTION('center_axis',(0.,0.,1.));
#6134=DIRECTION('ref_axis',(0.459772568365708,-0.888036702720333,0.));
#6135=DIRECTION('center_axis',(0.,0.,-1.));
#6136=DIRECTION('ref_axis',(0.459772568365708,-0.888036702720333,0.));
#6137=DIRECTION('',(0.,0.,1.));
#6138=DIRECTION('center_axis',(-0.459772568365738,0.888036702720317,0.));
#6139=DIRECTION('ref_axis',(-0.888036702720317,-0.459772568365738,0.));
#6140=DIRECTION('',(0.888036702720317,0.459772568365738,0.));
#6141=DIRECTION('',(-0.888036702720317,-0.459772568365738,0.));
#6142=DIRECTION('',(0.,0.,1.));
#6143=DIRECTION('center_axis',(0.,0.,1.));
#6144=DIRECTION('ref_axis',(-0.459772568365741,0.888036702720315,0.));
#6145=DIRECTION('center_axis',(0.,0.,-1.));
#6146=DIRECTION('ref_axis',(-0.459772568365741,0.888036702720315,0.));
#6147=DIRECTION('center_axis',(0.,0.,1.));
#6148=DIRECTION('ref_axis',(-0.459772568365741,0.888036702720315,0.));
#6149=DIRECTION('',(0.,0.,1.));
#6150=DIRECTION('center_axis',(0.919635583537039,0.392772699525426,0.));
#6151=DIRECTION('ref_axis',(-0.392772699525426,0.919635583537038,0.));
#6152=DIRECTION('',(0.392772699525426,-0.919635583537038,0.));
#6153=DIRECTION('',(-0.392772699525426,0.919635583537038,0.));
#6154=DIRECTION('',(0.,0.,1.));
#6155=DIRECTION('center_axis',(0.,0.,1.));
#6156=DIRECTION('ref_axis',(0.919635583537035,0.392772699525435,0.));
#6157=DIRECTION('center_axis',(0.,0.,-1.));
#6158=DIRECTION('ref_axis',(0.919635583537035,0.392772699525435,0.));
#6159=DIRECTION('center_axis',(0.,0.,1.));
#6160=DIRECTION('ref_axis',(0.919635583537035,0.392772699525435,0.));
#6161=DIRECTION('',(0.,0.,1.));
#6162=DIRECTION('center_axis',(0.155355393730143,-0.987858644563559,0.));
#6163=DIRECTION('ref_axis',(0.987858644563559,0.155355393730143,0.));
#6164=DIRECTION('',(-0.987858644563559,-0.155355393730143,0.));
#6165=DIRECTION('',(0.987858644563559,0.155355393730143,0.));
#6166=DIRECTION('',(0.,0.,1.));
#6167=DIRECTION('center_axis',(0.,0.,1.));
#6168=DIRECTION('ref_axis',(0.155355393730143,-0.987858644563559,0.));
#6169=DIRECTION('center_axis',(0.,0.,-1.));
#6170=DIRECTION('ref_axis',(0.155355393730143,-0.987858644563559,0.));
#6171=DIRECTION('center_axis',(0.,0.,1.));
#6172=DIRECTION('ref_axis',(0.155355393730143,-0.987858644563559,0.));
#6173=DIRECTION('',(0.,0.,1.));
#6174=DIRECTION('center_axis',(-0.990646735053251,0.136451626330851,0.));
#6175=DIRECTION('ref_axis',(-0.136451626330851,-0.990646735053251,0.));
#6176=DIRECTION('',(0.136451626330851,0.990646735053251,0.));
#6177=DIRECTION('',(-0.136451626330851,-0.990646735053251,0.));
#6178=DIRECTION('center_axis',(0.510233020085581,0.860036199944135,0.));
#6179=DIRECTION('ref_axis',(-0.860036199944134,0.510233020085581,0.));
#6180=DIRECTION('',(0.860036199944134,-0.510233020085581,0.));
#6181=DIRECTION('',(0.,0.,1.));
#6182=DIRECTION('',(-0.860036199944134,0.510233020085581,0.));
#6183=DIRECTION('',(0.,0.,1.));
#6184=DIRECTION('center_axis',(0.,0.,1.));
#6185=DIRECTION('ref_axis',(0.51023302008558,0.860036199944135,0.));
#6186=DIRECTION('center_axis',(0.,0.,-1.));
#6187=DIRECTION('ref_axis',(0.51023302008558,0.860036199944135,0.));
#6188=DIRECTION('center_axis',(0.,0.,1.));
#6189=DIRECTION('ref_axis',(0.51023302008558,0.860036199944135,0.));
#6190=DIRECTION('',(0.,0.,1.));
#6191=DIRECTION('center_axis',(0.514753677714673,-0.857338119576645,0.));
#6192=DIRECTION('ref_axis',(0.857338119576646,0.514753677714673,0.));
#6193=DIRECTION('',(-0.857338119576646,-0.514753677714673,0.));
#6194=DIRECTION('',(0.857338119576646,0.514753677714673,0.));
#6195=DIRECTION('',(0.,0.,1.));
#6196=DIRECTION('center_axis',(0.,0.,1.));
#6197=DIRECTION('ref_axis',(0.514753677714674,-0.857338119576645,0.));
#6198=DIRECTION('center_axis',(0.,0.,-1.));
#6199=DIRECTION('ref_axis',(0.514753677714674,-0.857338119576645,0.));
#6200=DIRECTION('center_axis',(0.,0.,1.));
#6201=DIRECTION('ref_axis',(0.514753677714674,-0.857338119576645,0.));
#6202=DIRECTION('',(0.,0.,1.));
#6203=DIRECTION('center_axis',(-0.76385090571626,-0.645392743867213,0.));
#6204=DIRECTION('ref_axis',(0.645392743867213,-0.76385090571626,0.));
#6205=DIRECTION('',(-0.645392743867213,0.76385090571626,0.));
#6206=DIRECTION('',(0.645392743867213,-0.76385090571626,0.));
#6207=DIRECTION('',(0.,0.,1.));
#6208=DIRECTION('center_axis',(0.,0.,1.));
#6209=DIRECTION('ref_axis',(-0.763850905716256,-0.645392743867218,0.));
#6210=DIRECTION('center_axis',(0.,0.,-1.));
#6211=DIRECTION('ref_axis',(-0.763850905716256,-0.645392743867218,0.));
#6212=DIRECTION('center_axis',(0.,0.,1.));
#6213=DIRECTION('ref_axis',(-0.763850905716256,-0.645392743867218,0.));
#6214=DIRECTION('',(0.,0.,1.));
#6215=DIRECTION('center_axis',(-0.645392743867212,0.76385090571626,0.));
#6216=DIRECTION('ref_axis',(-0.76385090571626,-0.645392743867212,0.));
#6217=DIRECTION('',(0.76385090571626,0.645392743867212,0.));
#6218=DIRECTION('',(-0.76385090571626,-0.645392743867212,0.));
#6219=DIRECTION('',(0.,0.,1.));
#6220=DIRECTION('center_axis',(0.,0.,1.));
#6221=DIRECTION('ref_axis',(-0.64539274386721,0.763850905716262,0.));
#6222=DIRECTION('center_axis',(0.,0.,-1.));
#6223=DIRECTION('ref_axis',(-0.64539274386721,0.763850905716262,0.));
#6224=DIRECTION('center_axis',(0.,0.,1.));
#6225=DIRECTION('ref_axis',(-0.64539274386721,0.763850905716262,0.));
#6226=DIRECTION('center_axis',(-1.,2.77118247149402E-16,0.));
#6227=DIRECTION('ref_axis',(-2.77118247149402E-16,-1.,0.));
#6228=DIRECTION('',(2.77118247149402E-16,1.,0.));
#6229=DIRECTION('',(0.,0.,1.));
#6230=DIRECTION('',(-2.77118247149402E-16,-1.,0.));
#6231=DIRECTION('',(0.,0.,1.));
#6232=DIRECTION('center_axis',(0.763850905716259,0.645392743867214,0.));
#6233=DIRECTION('ref_axis',(-0.645392743867214,0.763850905716259,0.));
#6234=DIRECTION('',(0.645392743867214,-0.763850905716259,0.));
#6235=DIRECTION('',(-0.645392743867214,0.763850905716259,0.));
#6236=DIRECTION('',(0.,0.,1.));
#6237=DIRECTION('center_axis',(0.,0.,1.));
#6238=DIRECTION('ref_axis',(0.76385090571627,0.645392743867201,0.));
#6239=DIRECTION('center_axis',(0.,0.,-1.));
#6240=DIRECTION('ref_axis',(0.76385090571627,0.645392743867201,0.));
#6241=DIRECTION('center_axis',(0.,0.,1.));
#6242=DIRECTION('ref_axis',(0.76385090571627,0.645392743867201,0.));
#6243=DIRECTION('',(0.,0.,1.));
#6244=DIRECTION('center_axis',(0.504048172630192,-0.863675540737472,0.));
#6245=DIRECTION('ref_axis',(0.863675540737472,0.504048172630192,0.));
#6246=DIRECTION('',(-0.863675540737472,-0.504048172630192,0.));
#6247=DIRECTION('',(0.863675540737472,0.504048172630192,0.));
#6248=DIRECTION('',(0.,0.,1.));
#6249=DIRECTION('center_axis',(0.,0.,1.));
#6250=DIRECTION('ref_axis',(0.,-1.,0.));
#6251=DIRECTION('center_axis',(0.,0.,-1.));
#6252=DIRECTION('ref_axis',(0.,-1.,0.));
#6253=DIRECTION('center_axis',(0.,0.,1.));
#6254=DIRECTION('ref_axis',(0.,-1.,0.));
#6255=DIRECTION('center_axis',(0.,0.,1.));
#6256=DIRECTION('ref_axis',(-1.,-3.55271367880051E-15,0.));
#6257=DIRECTION('center_axis',(0.,0.,-1.));
#6258=DIRECTION('ref_axis',(-1.,-3.55271367880051E-15,0.));
#6259=DIRECTION('',(0.,0.,1.));
#6260=DIRECTION('center_axis',(0.,0.,1.));
#6261=DIRECTION('ref_axis',(-1.,-3.55271367880051E-15,0.));
#6262=DIRECTION('',(0.,0.,1.));
#6263=DIRECTION('center_axis',(6.6539170403894E-17,1.,0.));
#6264=DIRECTION('ref_axis',(-1.,6.6539170403894E-17,0.));
#6265=DIRECTION('',(1.,-6.6539170403894E-17,0.));
#6266=DIRECTION('',(-1.,6.6539170403894E-17,0.));
#6267=DIRECTION('',(0.,0.,1.));
#6268=DIRECTION('center_axis',(0.645392743867213,-0.76385090571626,0.));
#6269=DIRECTION('ref_axis',(0.76385090571626,0.645392743867213,0.));
#6270=DIRECTION('',(-0.76385090571626,-0.645392743867213,0.));
#6271=DIRECTION('',(0.76385090571626,0.645392743867213,0.));
#6272=DIRECTION('',(0.,0.,1.));
#6273=DIRECTION('center_axis',(0.,0.,1.));
#6274=DIRECTION('ref_axis',(0.645392743867217,-0.763850905716256,0.));
#6275=DIRECTION('center_axis',(0.,0.,-1.));
#6276=DIRECTION('ref_axis',(0.645392743867217,-0.763850905716256,0.));
#6277=DIRECTION('center_axis',(0.,0.,1.));
#6278=DIRECTION('ref_axis',(0.645392743867217,-0.763850905716256,0.));
#6279=DIRECTION('',(0.,0.,1.));
#6280=DIRECTION('center_axis',(-0.76385090571626,-0.645392743867213,0.));
#6281=DIRECTION('ref_axis',(0.645392743867213,-0.76385090571626,0.));
#6282=DIRECTION('',(-0.645392743867213,0.76385090571626,0.));
#6283=DIRECTION('',(0.645392743867213,-0.76385090571626,0.));
#6284=DIRECTION('',(0.,0.,1.));
#6285=DIRECTION('center_axis',(-1.,2.77118247149402E-16,0.));
#6286=DIRECTION('ref_axis',(-2.77118247149402E-16,-1.,0.));
#6287=DIRECTION('',(2.77118247149402E-16,1.,0.));
#6288=DIRECTION('',(-2.77118247149402E-16,-1.,0.));
#6289=DIRECTION('center_axis',(-0.386680688618265,-0.922213665616437,0.));
#6290=DIRECTION('ref_axis',(0.922213665616436,-0.386680688618265,0.));
#6291=DIRECTION('',(-0.922213665616436,0.386680688618265,0.));
#6292=DIRECTION('',(0.,0.,1.));
#6293=DIRECTION('',(0.922213665616436,-0.386680688618265,0.));
#6294=DIRECTION('',(0.,0.,1.));
#6295=DIRECTION('center_axis',(0.,0.,1.));
#6296=DIRECTION('ref_axis',(-0.386680688618245,-0.922213665616445,0.));
#6297=DIRECTION('center_axis',(0.,0.,-1.));
#6298=DIRECTION('ref_axis',(-0.386680688618245,-0.922213665616445,0.));
#6299=DIRECTION('center_axis',(0.,0.,1.));
#6300=DIRECTION('ref_axis',(-0.386680688618245,-0.922213665616445,0.));
#6301=DIRECTION('',(0.,0.,1.));
#6302=DIRECTION('center_axis',(-0.922213665616435,0.386680688618268,0.));
#6303=DIRECTION('ref_axis',(-0.386680688618268,-0.922213665616435,0.));
#6304=DIRECTION('',(0.386680688618268,0.922213665616435,0.));
#6305=DIRECTION('',(-0.386680688618268,-0.922213665616435,0.));
#6306=DIRECTION('',(0.,0.,1.));
#6307=DIRECTION('center_axis',(0.,0.,1.));
#6308=DIRECTION('ref_axis',(-0.922213665616463,0.386680688618201,0.));
#6309=DIRECTION('center_axis',(0.,0.,-1.));
#6310=DIRECTION('ref_axis',(-0.922213665616463,0.386680688618201,0.));
#6311=DIRECTION('center_axis',(0.,0.,1.));
#6312=DIRECTION('ref_axis',(-0.922213665616463,0.386680688618201,0.));
#6313=DIRECTION('',(0.,0.,1.));
#6314=DIRECTION('center_axis',(-0.155355393730144,0.987858644563559,0.));
#6315=DIRECTION('ref_axis',(-0.987858644563559,-0.155355393730144,0.));
#6316=DIRECTION('',(0.987858644563559,0.155355393730144,0.));
#6317=DIRECTION('',(-0.987858644563559,-0.155355393730144,0.));
#6318=DIRECTION('',(0.,0.,1.));
#6319=DIRECTION('center_axis',(0.,0.,1.));
#6320=DIRECTION('ref_axis',(-0.155355393730113,0.987858644563564,0.));
#6321=DIRECTION('center_axis',(0.,0.,-1.));
#6322=DIRECTION('ref_axis',(-0.155355393730113,0.987858644563564,0.));
#6323=DIRECTION('center_axis',(0.,0.,1.));
#6324=DIRECTION('ref_axis',(-0.155355393730113,0.987858644563564,0.));
#6325=DIRECTION('',(0.,0.,1.));
#6326=DIRECTION('center_axis',(0.919635583537039,0.392772699525425,0.));
#6327=DIRECTION('ref_axis',(-0.392772699525425,0.919635583537039,0.));
#6328=DIRECTION('',(0.392772699525425,-0.919635583537039,0.));
#6329=DIRECTION('',(-0.392772699525425,0.919635583537039,0.));
#6330=DIRECTION('',(0.,0.,1.));
#6331=DIRECTION('center_axis',(0.,-1.,0.));
#6332=DIRECTION('ref_axis',(1.,0.,0.));
#6333=DIRECTION('',(-1.,0.,0.));
#6334=DIRECTION('',(1.,0.,0.));
#6335=DIRECTION('center_axis',(-0.989785703391778,0.142563183751076,0.));
#6336=DIRECTION('ref_axis',(-0.142563183751076,-0.989785703391778,0.));
#6337=DIRECTION('',(0.142563183751076,0.989785703391778,0.));
#6338=DIRECTION('',(0.,0.,1.));
#6339=DIRECTION('',(-0.142563183751076,-0.989785703391778,0.));
#6340=DIRECTION('',(0.,0.,1.));
#6341=DIRECTION('center_axis',(6.6539170403894E-17,1.,0.));
#6342=DIRECTION('ref_axis',(-1.,6.6539170403894E-17,0.));
#6343=DIRECTION('',(1.,-6.6539170403894E-17,0.));
#6344=DIRECTION('',(-1.,6.6539170403894E-17,0.));
#6345=DIRECTION('',(0.,0.,1.));
#6346=DIRECTION('center_axis',(0.687314062941239,0.726360364339359,0.));
#6347=DIRECTION('ref_axis',(-0.726360364339359,0.687314062941239,0.));
#6348=DIRECTION('',(0.726360364339359,-0.687314062941239,0.));
#6349=DIRECTION('',(-0.726360364339359,0.687314062941239,0.));
#6350=DIRECTION('',(0.,0.,1.));
#6351=DIRECTION('center_axis',(0.,0.,1.));
#6352=DIRECTION('ref_axis',(0.687314062941257,0.726360364339342,0.));
#6353=DIRECTION('center_axis',(0.,0.,-1.));
#6354=DIRECTION('ref_axis',(0.687314062941257,0.726360364339342,0.));
#6355=DIRECTION('center_axis',(0.,0.,1.));
#6356=DIRECTION('ref_axis',(0.687314062941257,0.726360364339342,0.));
#6357=DIRECTION('',(0.,0.,1.));
#6358=DIRECTION('center_axis',(0.256590158231371,-0.966520300200053,0.));
#6359=DIRECTION('ref_axis',(0.966520300200053,0.256590158231371,0.));
#6360=DIRECTION('',(-0.966520300200053,-0.256590158231371,0.));
#6361=DIRECTION('',(0.966520300200053,0.256590158231371,0.));
#6362=DIRECTION('',(0.,0.,1.));
#6363=DIRECTION('center_axis',(0.,0.,1.));
#6364=DIRECTION('ref_axis',(0.256590158231377,-0.966520300200051,0.));
#6365=DIRECTION('center_axis',(0.,0.,-1.));
#6366=DIRECTION('ref_axis',(0.256590158231377,-0.966520300200051,0.));
#6367=DIRECTION('center_axis',(0.,0.,1.));
#6368=DIRECTION('ref_axis',(0.256590158231377,-0.966520300200051,0.));
#6369=DIRECTION('center_axis',(0.,0.,1.));
#6370=DIRECTION('ref_axis',(0.511696412825614,-0.859166329124576,0.));
#6371=DIRECTION('center_axis',(0.,0.,-1.));
#6372=DIRECTION('ref_axis',(0.511696412825614,-0.859166329124576,0.));
#6373=DIRECTION('',(0.,0.,1.));
#6374=DIRECTION('center_axis',(0.,0.,1.));
#6375=DIRECTION('ref_axis',(0.511696412825614,-0.859166329124576,0.));
#6376=DIRECTION('',(0.,0.,1.));
#6377=DIRECTION('center_axis',(-0.399193058115905,-0.91686689456653,0.));
#6378=DIRECTION('ref_axis',(0.91686689456653,-0.399193058115905,0.));
#6379=DIRECTION('',(-0.91686689456653,0.399193058115905,0.));
#6380=DIRECTION('',(0.91686689456653,-0.399193058115905,0.));
#6381=DIRECTION('',(0.,0.,1.));
#6382=DIRECTION('center_axis',(0.,0.,1.));
#6383=DIRECTION('ref_axis',(-0.399193058115933,-0.916866894566517,0.));
#6384=DIRECTION('center_axis',(0.,0.,-1.));
#6385=DIRECTION('ref_axis',(-0.399193058115933,-0.916866894566517,0.));
#6386=DIRECTION('center_axis',(0.,0.,1.));
#6387=DIRECTION('ref_axis',(-0.399193058115933,-0.916866894566517,0.));
#6388=DIRECTION('',(0.,0.,1.));
#6389=DIRECTION('center_axis',(-0.412917773067707,0.910768309003341,0.));
#6390=DIRECTION('ref_axis',(-0.910768309003341,-0.412917773067707,0.));
#6391=DIRECTION('',(0.910768309003341,0.412917773067707,0.));
#6392=DIRECTION('',(-0.910768309003341,-0.412917773067707,0.));
#6393=DIRECTION('',(0.,0.,1.));
#6394=DIRECTION('center_axis',(0.,0.,1.));
#6395=DIRECTION('ref_axis',(-0.412917773067715,0.910768309003338,0.));
#6396=DIRECTION('center_axis',(0.,0.,-1.));
#6397=DIRECTION('ref_axis',(-0.412917773067715,0.910768309003338,0.));
#6398=DIRECTION('center_axis',(0.,0.,1.));
#6399=DIRECTION('ref_axis',(-0.412917773067715,0.910768309003338,0.));
#6400=DIRECTION('',(0.,0.,1.));
#6401=DIRECTION('center_axis',(0.459772568365736,0.888036702720318,0.));
#6402=DIRECTION('ref_axis',(-0.888036702720318,0.459772568365736,0.));
#6403=DIRECTION('',(0.888036702720318,-0.459772568365736,0.));
#6404=DIRECTION('',(-0.888036702720318,0.459772568365736,0.));
#6405=DIRECTION('',(0.,0.,1.));
#6406=DIRECTION('center_axis',(0.,0.,1.));
#6407=DIRECTION('ref_axis',(0.459772568365752,0.88803670272031,0.));
#6408=DIRECTION('center_axis',(0.,0.,-1.));
#6409=DIRECTION('ref_axis',(0.459772568365752,0.88803670272031,0.));
#6410=DIRECTION('center_axis',(0.,0.,1.));
#6411=DIRECTION('ref_axis',(0.459772568365752,0.88803670272031,0.));
#6412=DIRECTION('',(0.,0.,1.));
#6413=DIRECTION('center_axis',(0.917682376008165,-0.397314808135827,0.));
#6414=DIRECTION('ref_axis',(0.397314808135827,0.917682376008165,0.));
#6415=DIRECTION('',(-0.397314808135827,-0.917682376008165,0.));
#6416=DIRECTION('',(0.397314808135827,0.917682376008165,0.));
#6417=DIRECTION('',(0.,0.,1.));
#6418=DIRECTION('center_axis',(0.,0.,1.));
#6419=DIRECTION('ref_axis',(0.917682376008159,-0.397314808135842,0.));
#6420=DIRECTION('center_axis',(0.,0.,-1.));
#6421=DIRECTION('ref_axis',(0.917682376008159,-0.397314808135842,0.));
#6422=DIRECTION('center_axis',(0.,0.,1.));
#6423=DIRECTION('ref_axis',(0.917682376008159,-0.397314808135842,0.));
#6424=DIRECTION('',(0.,0.,1.));
#6425=DIRECTION('center_axis',(0.511696412825629,-0.859166329124567,0.));
#6426=DIRECTION('ref_axis',(0.859166329124567,0.511696412825629,0.));
#6427=DIRECTION('',(-0.859166329124567,-0.511696412825629,0.));
#6428=DIRECTION('',(0.859166329124567,0.511696412825629,0.));
#6429=DIRECTION('center_axis',(0.,0.,1.));
#6430=DIRECTION('ref_axis',(0.,1.,0.));
#6431=DIRECTION('center_axis',(0.,0.,-1.));
#6432=DIRECTION('ref_axis',(0.,1.,0.));
#6433=DIRECTION('',(0.,0.,1.));
#6434=DIRECTION('center_axis',(0.,0.,1.));
#6435=DIRECTION('ref_axis',(0.,1.,0.));
#6436=DIRECTION('',(0.,0.,1.));
#6437=DIRECTION('center_axis',(1.,0.,0.));
#6438=DIRECTION('ref_axis',(0.,1.,0.));
#6439=DIRECTION('',(0.,-1.,0.));
#6440=DIRECTION('',(0.,1.,0.));
#6441=DIRECTION('',(0.,0.,1.));
#6442=DIRECTION('center_axis',(0.76385090571626,-0.645392743867213,0.));
#6443=DIRECTION('ref_axis',(0.645392743867213,0.76385090571626,0.));
#6444=DIRECTION('',(-0.645392743867213,-0.76385090571626,0.));
#6445=DIRECTION('',(0.645392743867213,0.76385090571626,0.));
#6446=DIRECTION('',(0.,0.,1.));
#6447=DIRECTION('center_axis',(0.,0.,1.));
#6448=DIRECTION('ref_axis',(0.763850905716261,-0.645392743867211,0.));
#6449=DIRECTION('center_axis',(0.,0.,-1.));
#6450=DIRECTION('ref_axis',(0.763850905716261,-0.645392743867211,0.));
#6451=DIRECTION('center_axis',(0.,0.,1.));
#6452=DIRECTION('ref_axis',(0.763850905716261,-0.645392743867211,0.));
#6453=DIRECTION('',(0.,0.,1.));
#6454=DIRECTION('center_axis',(-0.645392743867213,-0.763850905716259,0.));
#6455=DIRECTION('ref_axis',(0.763850905716259,-0.645392743867213,0.));
#6456=DIRECTION('',(-0.763850905716259,0.645392743867213,0.));
#6457=DIRECTION('',(0.763850905716259,-0.645392743867213,0.));
#6458=DIRECTION('',(0.,0.,1.));
#6459=DIRECTION('center_axis',(6.6539170403894E-17,1.,0.));
#6460=DIRECTION('ref_axis',(-1.,6.6539170403894E-17,0.));
#6461=DIRECTION('',(1.,-6.6539170403894E-17,0.));
#6462=DIRECTION('',(-1.,6.6539170403894E-17,0.));
#6463=DIRECTION('center_axis',(-0.510233020085577,0.860036199944137,0.));
#6464=DIRECTION('ref_axis',(-0.860036199944137,-0.510233020085577,0.));
#6465=DIRECTION('',(0.860036199944137,0.510233020085577,0.));
#6466=DIRECTION('',(0.,0.,1.));
#6467=DIRECTION('',(-0.860036199944137,-0.510233020085577,0.));
#6468=DIRECTION('',(0.,0.,1.));
#6469=DIRECTION('center_axis',(0.,0.,1.));
#6470=DIRECTION('ref_axis',(-0.510233020085568,0.860036199944142,0.));
#6471=DIRECTION('center_axis',(0.,0.,-1.));
#6472=DIRECTION('ref_axis',(-0.510233020085568,0.860036199944142,0.));
#6473=DIRECTION('center_axis',(0.,0.,1.));
#6474=DIRECTION('ref_axis',(-0.510233020085568,0.860036199944142,0.));
#6475=DIRECTION('',(0.,0.,1.));
#6476=DIRECTION('center_axis',(0.473094736397034,0.881011560873875,0.));
#6477=DIRECTION('ref_axis',(-0.881011560873875,0.473094736397034,0.));
#6478=DIRECTION('',(0.881011560873875,-0.473094736397034,0.));
#6479=DIRECTION('',(-0.881011560873875,0.473094736397034,0.));
#6480=DIRECTION('',(0.,0.,1.));
#6481=DIRECTION('center_axis',(0.,0.,1.));
#6482=DIRECTION('ref_axis',(0.473094736397027,0.881011560873878,0.));
#6483=DIRECTION('center_axis',(0.,0.,-1.));
#6484=DIRECTION('ref_axis',(0.473094736397027,0.881011560873878,0.));
#6485=DIRECTION('center_axis',(0.,0.,1.));
#6486=DIRECTION('ref_axis',(0.473094736397027,0.881011560873878,0.));
#6487=DIRECTION('',(0.,0.,1.));
#6488=DIRECTION('center_axis',(0.763850905716263,-0.645392743867209,0.));
#6489=DIRECTION('ref_axis',(0.645392743867209,0.763850905716263,0.));
#6490=DIRECTION('',(-0.645392743867209,-0.763850905716263,0.));
#6491=DIRECTION('',(0.645392743867209,0.763850905716263,0.));
#6492=DIRECTION('',(0.,0.,1.));
#6493=DIRECTION('center_axis',(0.,0.,1.));
#6494=DIRECTION('ref_axis',(0.763850905716235,-0.645392743867242,0.));
#6495=DIRECTION('center_axis',(0.,0.,-1.));
#6496=DIRECTION('ref_axis',(0.763850905716235,-0.645392743867242,0.));
#6497=DIRECTION('center_axis',(0.,0.,1.));
#6498=DIRECTION('ref_axis',(0.763850905716235,-0.645392743867242,0.));
#6499=DIRECTION('',(0.,0.,1.));
#6500=DIRECTION('center_axis',(0.386680688618265,-0.922213665616436,0.));
#6501=DIRECTION('ref_axis',(0.922213665616436,0.386680688618265,0.));
#6502=DIRECTION('',(-0.922213665616436,-0.386680688618265,0.));
#6503=DIRECTION('',(0.922213665616436,0.386680688618265,0.));
#6504=DIRECTION('',(0.,0.,1.));
#6505=DIRECTION('center_axis',(0.,0.,1.));
#6506=DIRECTION('ref_axis',(0.386680688618271,-0.922213665616434,0.));
#6507=DIRECTION('center_axis',(0.,0.,-1.));
#6508=DIRECTION('ref_axis',(0.386680688618271,-0.922213665616434,0.));
#6509=DIRECTION('center_axis',(0.,0.,1.));
#6510=DIRECTION('ref_axis',(0.386680688618271,-0.922213665616434,0.));
#6511=DIRECTION('',(0.,0.,1.));
#6512=DIRECTION('center_axis',(-0.990646735053251,-0.13645162633085,0.));
#6513=DIRECTION('ref_axis',(0.13645162633085,-0.990646735053251,0.));
#6514=DIRECTION('',(-0.13645162633085,0.990646735053251,0.));
#6515=DIRECTION('',(0.13645162633085,-0.990646735053251,0.));
#6516=DIRECTION('',(0.,0.,1.));
#6517=DIRECTION('center_axis',(0.,0.,1.));
#6518=DIRECTION('ref_axis',(-0.990646735053252,-0.136451626330844,0.));
#6519=DIRECTION('center_axis',(0.,0.,-1.));
#6520=DIRECTION('ref_axis',(-0.990646735053252,-0.136451626330844,0.));
#6521=DIRECTION('center_axis',(0.,0.,1.));
#6522=DIRECTION('ref_axis',(-0.990646735053252,-0.136451626330844,0.));
#6523=DIRECTION('center_axis',(0.459772568365739,0.888036702720316,0.));
#6524=DIRECTION('ref_axis',(-0.888036702720316,0.459772568365739,0.));
#6525=DIRECTION('',(0.888036702720316,-0.459772568365739,0.));
#6526=DIRECTION('',(0.,0.,1.));
#6527=DIRECTION('',(-0.888036702720316,0.459772568365739,0.));
#6528=DIRECTION('',(0.,0.,1.));
#6529=DIRECTION('center_axis',(0.,0.,1.));
#6530=DIRECTION('ref_axis',(0.510233020085508,-0.860036199944178,0.));
#6531=DIRECTION('center_axis',(0.,0.,1.));
#6532=DIRECTION('ref_axis',(0.510233020085508,-0.860036199944178,0.));
#6533=DIRECTION('center_axis',(0.,0.,-1.));
#6534=DIRECTION('ref_axis',(0.510233020085508,-0.860036199944178,0.));
#6535=DIRECTION('',(0.,0.,1.));
#6536=DIRECTION('center_axis',(-0.510233020085581,0.860036199944135,0.));
#6537=DIRECTION('ref_axis',(-0.860036199944135,-0.510233020085581,0.));
#6538=DIRECTION('',(0.860036199944135,0.510233020085581,0.));
#6539=DIRECTION('',(-0.860036199944135,-0.510233020085581,0.));
#6540=DIRECTION('',(0.,0.,1.));
#6541=DIRECTION('center_axis',(0.,0.,1.));
#6542=DIRECTION('ref_axis',(-0.510233020085589,0.860036199944129,0.));
#6543=DIRECTION('center_axis',(0.,0.,-1.));
#6544=DIRECTION('ref_axis',(-0.510233020085589,0.860036199944129,0.));
#6545=DIRECTION('center_axis',(0.,0.,1.));
#6546=DIRECTION('ref_axis',(-0.510233020085589,0.860036199944129,0.));
#6547=DIRECTION('',(0.,0.,1.));
#6548=DIRECTION('center_axis',(0.990646735053251,0.136451626330851,0.));
#6549=DIRECTION('ref_axis',(-0.136451626330851,0.990646735053251,0.));
#6550=DIRECTION('',(0.136451626330851,-0.990646735053251,0.));
#6551=DIRECTION('',(-0.136451626330851,0.990646735053251,0.));
#6552=DIRECTION('',(0.,0.,1.));
#6553=DIRECTION('center_axis',(0.,0.,1.));
#6554=DIRECTION('ref_axis',(0.990646735053251,0.136451626330849,0.));
#6555=DIRECTION('center_axis',(0.,0.,-1.));
#6556=DIRECTION('ref_axis',(0.990646735053251,0.136451626330849,0.));
#6557=DIRECTION('center_axis',(0.,0.,1.));
#6558=DIRECTION('ref_axis',(0.990646735053251,0.136451626330849,0.));
#6559=DIRECTION('',(0.,0.,1.));
#6560=DIRECTION('center_axis',(-0.155355393730143,-0.987858644563559,0.));
#6561=DIRECTION('ref_axis',(0.987858644563559,-0.155355393730143,0.));
#6562=DIRECTION('',(-0.987858644563559,0.155355393730143,0.));
#6563=DIRECTION('',(0.987858644563559,-0.155355393730143,0.));
#6564=DIRECTION('',(0.,0.,1.));
#6565=DIRECTION('center_axis',(0.,0.,1.));
#6566=DIRECTION('ref_axis',(-0.155355393730054,-0.987858644563573,0.));
#6567=DIRECTION('center_axis',(0.,0.,-1.));
#6568=DIRECTION('ref_axis',(-0.155355393730054,-0.987858644563573,0.));
#6569=DIRECTION('center_axis',(0.,0.,1.));
#6570=DIRECTION('ref_axis',(-0.155355393730054,-0.987858644563573,0.));
#6571=DIRECTION('',(0.,0.,1.));
#6572=DIRECTION('center_axis',(-0.919635583537039,0.392772699525426,0.));
#6573=DIRECTION('ref_axis',(-0.392772699525426,-0.919635583537038,0.));
#6574=DIRECTION('',(0.392772699525426,0.919635583537038,0.));
#6575=DIRECTION('',(-0.392772699525426,-0.919635583537038,0.));
#6576=DIRECTION('',(0.,0.,1.));
#6577=DIRECTION('center_axis',(0.,0.,1.));
#6578=DIRECTION('ref_axis',(-0.919635583537038,0.392772699525428,0.));
#6579=DIRECTION('center_axis',(0.,0.,-1.));
#6580=DIRECTION('ref_axis',(-0.919635583537038,0.392772699525428,0.));
#6581=DIRECTION('center_axis',(0.,0.,1.));
#6582=DIRECTION('ref_axis',(-0.919635583537038,0.392772699525428,0.));
#6583=DIRECTION('center_axis',(-1.,0.,0.));
#6584=DIRECTION('ref_axis',(0.,0.,-1.));
#6585=DIRECTION('',(0.,0.,1.));
#6586=DIRECTION('',(0.,-1.,0.));
#6587=DIRECTION('',(0.,0.,-1.));
#6588=DIRECTION('',(0.,1.,0.));
#6589=DIRECTION('center_axis',(1.,0.,0.));
#6590=DIRECTION('ref_axis',(0.,0.,1.));
#6591=DIRECTION('',(0.,0.,-1.));
#6592=DIRECTION('',(0.,-1.,0.));
#6593=DIRECTION('',(0.,0.,1.));
#6594=DIRECTION('',(0.,-1.,0.));
#6595=DIRECTION('center_axis',(0.,0.,-1.));
#6596=DIRECTION('ref_axis',(1.,0.,0.));
#6597=DIRECTION('',(-1.,5.92118948107566E-16,0.));
#6598=DIRECTION('',(1.,0.,0.));
#6599=DIRECTION('center_axis',(0.,0.,1.));
#6600=DIRECTION('ref_axis',(1.,0.,0.));
#6601=DIRECTION('',(-1.,0.,0.));
#6602=DIRECTION('center_axis',(0.,0.,1.));
#6603=DIRECTION('ref_axis',(0.,1.,0.));
#6604=DIRECTION('',(-2.14018892778344E-16,-1.,0.));
#6605=DIRECTION('center_axis',(0.,0.,1.));
#6606=DIRECTION('ref_axis',(-1.,0.,0.));
#6607=DIRECTION('',(1.,0.,0.));
#6608=DIRECTION('center_axis',(0.,0.,1.));
#6609=DIRECTION('ref_axis',(0.,-1.,0.));
#6610=DIRECTION('',(0.,1.,0.));
#6611=DIRECTION('center_axis',(0.,0.,1.));
#6612=DIRECTION('ref_axis',(1.,0.,0.));
#6613=DIRECTION('',(-1.,0.,0.));
#6614=DIRECTION('',(1.,-5.92118948107566E-16,0.));
#6615=DIRECTION('center_axis',(0.,0.,-1.));
#6616=DIRECTION('ref_axis',(1.,2.48689957516028E-14,0.));
#6617=DIRECTION('',(0.,-1.,0.));
#6618=DIRECTION('center_axis',(0.,0.,-1.));
#6619=DIRECTION('ref_axis',(-1.42108547152022E-14,-1.,0.));
#6620=DIRECTION('',(-1.,0.,0.));
#6621=DIRECTION('center_axis',(0.,0.,-1.));
#6622=DIRECTION('ref_axis',(-1.,0.,0.));
#6623=DIRECTION('',(0.,1.,0.));
#6624=DIRECTION('center_axis',(0.,0.,-1.));
#6625=DIRECTION('ref_axis',(1.77635683940025E-15,1.,0.));
#6626=DIRECTION('',(1.,-5.92118948107566E-16,0.));
#6627=DIRECTION('center_axis',(0.,1.,0.));
#6628=DIRECTION('ref_axis',(-1.,0.,0.));
#6629=DIRECTION('',(0.,0.,1.));
#6630=DIRECTION('',(-1.,0.,0.));
#6631=DIRECTION('',(0.,0.,1.));
#6632=DIRECTION('center_axis',(0.,0.,1.));
#6633=DIRECTION('ref_axis',(1.,0.,0.));
#6634=DIRECTION('center_axis',(0.,0.,-1.));
#6635=DIRECTION('ref_axis',(-1.,0.,0.));
#6636=DIRECTION('',(-1.,0.,0.));
#6637=DIRECTION('center_axis',(0.,0.,-1.));
#6638=DIRECTION('ref_axis',(-1.42108547152022E-14,-1.,0.));
#6639=DIRECTION('',(0.,-1.,0.));
#6640=DIRECTION('center_axis',(0.,0.,-1.));
#6641=DIRECTION('ref_axis',(1.,2.48689957516028E-14,0.));
#6642=DIRECTION('',(1.,-5.92118948107566E-16,0.));
#6643=DIRECTION('center_axis',(0.,0.,-1.));
#6644=DIRECTION('ref_axis',(1.77635683940025E-15,1.,0.));
#6645=DIRECTION('',(0.,1.,0.));
#6646=DIRECTION('center_axis',(0.,0.,1.));
#6647=DIRECTION('ref_axis',(1.,2.48689957516028E-14,0.));
#6648=DIRECTION('',(0.,0.,1.));
#6649=DIRECTION('',(0.,0.,1.));
#6650=DIRECTION('center_axis',(-1.,0.,0.));
#6651=DIRECTION('ref_axis',(0.,-1.,0.));
#6652=DIRECTION('',(0.,0.,1.));
#6653=DIRECTION('center_axis',(0.,0.,1.));
#6654=DIRECTION('ref_axis',(-1.42108547152022E-14,-1.,0.));
#6655=DIRECTION('',(0.,0.,1.));
#6656=DIRECTION('center_axis',(0.,1.,0.));
#6657=DIRECTION('ref_axis',(-1.,0.,0.));
#6658=DIRECTION('',(0.,0.,1.));
#6659=DIRECTION('center_axis',(-5.92118948107566E-16,-1.,0.));
#6660=DIRECTION('ref_axis',(1.,-5.92118948107566E-16,0.));
#6661=DIRECTION('',(0.,0.,1.));
#6662=DIRECTION('center_axis',(0.,0.,1.));
#6663=DIRECTION('ref_axis',(1.77635683940025E-15,1.,0.));
#6664=DIRECTION('',(0.,0.,1.));
#6665=DIRECTION('center_axis',(1.,0.,0.));
#6666=DIRECTION('ref_axis',(0.,1.,0.));
#6667=DIRECTION('',(0.,0.,1.));
#6668=DIRECTION('center_axis',(0.,0.,1.));
#6669=DIRECTION('ref_axis',(-1.,0.,0.));
#6670=DIRECTION('center_axis',(1.,0.,0.));
#6671=DIRECTION('ref_axis',(0.,1.,0.));
#6672=DIRECTION('',(0.,1.,0.));
#6673=DIRECTION('',(0.,0.,1.));
#6674=DIRECTION('',(0.,0.,1.));
#6675=DIRECTION('center_axis',(0.,0.,1.));
#6676=DIRECTION('ref_axis',(0.,-1.,0.));
#6677=DIRECTION('center_axis',(0.,0.,1.));
#6678=DIRECTION('ref_axis',(0.,-1.,0.));
#6679=DIRECTION('',(0.,0.,1.));
#6680=DIRECTION('center_axis',(0.,-1.,0.));
#6681=DIRECTION('ref_axis',(1.,0.,0.));
#6682=DIRECTION('',(1.,0.,0.));
#6683=DIRECTION('',(0.,0.,1.));
#6684=DIRECTION('center_axis',(0.,0.,1.));
#6685=DIRECTION('ref_axis',(-1.,0.,0.));
#6686=DIRECTION('center_axis',(0.,0.,1.));
#6687=DIRECTION('ref_axis',(-1.,0.,0.));
#6688=DIRECTION('',(0.,0.,1.));
#6689=DIRECTION('center_axis',(-1.,2.14018892778344E-16,0.));
#6690=DIRECTION('ref_axis',(-2.14018892778344E-16,-1.,0.));
#6691=DIRECTION('',(-2.14018892778344E-16,-1.,0.));
#6692=DIRECTION('',(0.,0.,1.));
#6693=DIRECTION('center_axis',(0.,0.,1.));
#6694=DIRECTION('ref_axis',(0.,1.,0.));
#6695=DIRECTION('center_axis',(0.,0.,1.));
#6696=DIRECTION('ref_axis',(0.,1.,0.));
#6697=DIRECTION('center_axis',(0.,0.,1.));
#6698=DIRECTION('ref_axis',(1.,0.,0.));
#6699=DIRECTION('center_axis',(0.,0.,1.));
#6700=DIRECTION('ref_axis',(1.,0.,0.));
#6701=DIRECTION('center_axis',(0.,0.,1.));
#6702=DIRECTION('ref_axis',(1.,0.,0.));
#6703=DIRECTION('center_axis',(0.,0.,1.));
#6704=DIRECTION('ref_axis',(1.,0.,0.));
#6705=DIRECTION('center_axis',(0.,0.,1.));
#6706=DIRECTION('ref_axis',(1.,0.,0.));
#6707=DIRECTION('',(0.,0.,-1.));
#6708=DIRECTION('center_axis',(0.,0.,1.));
#6709=DIRECTION('ref_axis',(1.,0.,0.));
#6710=DIRECTION('center_axis',(0.,0.,1.));
#6711=DIRECTION('ref_axis',(1.,0.,0.));
#6712=DIRECTION('center_axis',(0.,0.,1.));
#6713=DIRECTION('ref_axis',(1.,0.,0.));
#6714=DIRECTION('center_axis',(0.,0.,1.));
#6715=DIRECTION('ref_axis',(1.,0.,0.));
#6716=DIRECTION('center_axis',(0.,0.,1.));
#6717=DIRECTION('ref_axis',(1.,0.,0.));
#6718=DIRECTION('',(0.,0.,-1.));
#6719=DIRECTION('center_axis',(0.,0.,1.));
#6720=DIRECTION('ref_axis',(1.,0.,0.));
#6721=DIRECTION('center_axis',(0.,0.,1.));
#6722=DIRECTION('ref_axis',(1.,0.,0.));
#6723=DIRECTION('center_axis',(0.,0.,1.));
#6724=DIRECTION('ref_axis',(1.,0.,0.));
#6725=DIRECTION('center_axis',(0.,0.,1.));
#6726=DIRECTION('ref_axis',(1.,0.,0.));
#6727=DIRECTION('center_axis',(0.,0.,1.));
#6728=DIRECTION('ref_axis',(1.,0.,0.));
#6729=DIRECTION('',(0.,0.,-1.));
#6730=DIRECTION('center_axis',(0.,0.,1.));
#6731=DIRECTION('ref_axis',(1.,0.,0.));
#6732=DIRECTION('center_axis',(0.,0.,1.));
#6733=DIRECTION('ref_axis',(1.,0.,0.));
#6734=DIRECTION('center_axis',(0.,0.,1.));
#6735=DIRECTION('ref_axis',(1.,0.,0.));
#6736=DIRECTION('center_axis',(0.,0.,1.));
#6737=DIRECTION('ref_axis',(1.,0.,0.));
#6738=DIRECTION('center_axis',(0.,0.,1.));
#6739=DIRECTION('ref_axis',(1.,0.,0.));
#6740=DIRECTION('',(0.,0.,-1.));
#6741=DIRECTION('center_axis',(0.,0.,1.));
#6742=DIRECTION('ref_axis',(1.,0.,0.));
#6743=DIRECTION('center_axis',(0.,0.,1.));
#6744=DIRECTION('ref_axis',(1.,0.,0.));
#6745=DIRECTION('center_axis',(0.,0.,1.));
#6746=DIRECTION('ref_axis',(1.,0.,0.));
#6747=CARTESIAN_POINT('',(0.,0.,0.));
#6748=CARTESIAN_POINT('Origin',(242.669896584789,-147.454196451254,0.));
#6749=CARTESIAN_POINT('',(242.414048378376,-147.024613286692,1.));
#6750=CARTESIAN_POINT('',(243.139623777792,-147.625533441287,1.));
#6751=CARTESIAN_POINT('Origin',(242.669896584789,-147.454196451254,1.));
#6752=CARTESIAN_POINT('',(242.414048378376,-147.024613286692,0.));
#6753=CARTESIAN_POINT('',(242.414048378376,-147.024613286692,0.));
#6754=CARTESIAN_POINT('',(243.139623777792,-147.625533441287,0.));
#6755=CARTESIAN_POINT('Origin',(242.669896584789,-147.454196451254,0.));
#6756=CARTESIAN_POINT('',(243.139623777792,-147.625533441287,0.));
#6757=CARTESIAN_POINT('Origin',(238.007377179294,-161.695792222221,0.));
#6758=CARTESIAN_POINT('',(238.007377179294,-161.695792222221,1.));
#6759=CARTESIAN_POINT('',(241.872855072764,-151.098430378963,1.));
#6760=CARTESIAN_POINT('',(238.007377179294,-161.695792222221,0.));
#6761=CARTESIAN_POINT('',(241.872855072764,-151.098430378963,0.));
#6762=CARTESIAN_POINT('',(238.007377179294,-161.695792222221,0.));
#6763=CARTESIAN_POINT('Origin',(217.780334648858,-161.695792222221,0.));
#6764=CARTESIAN_POINT('',(217.780334648858,-161.695792222221,1.));
#6765=CARTESIAN_POINT('',(209.140167521869,-161.695792222221,1.));
#6766=CARTESIAN_POINT('',(217.780334648858,-161.695792222221,0.));
#6767=CARTESIAN_POINT('',(209.140167521869,-161.695792222221,0.));
#6768=CARTESIAN_POINT('',(217.780334648858,-161.695792222221,0.));
#6769=CARTESIAN_POINT('Origin',(242.414048378376,-147.024613286692,0.));
#6770=CARTESIAN_POINT('',(232.005451208317,-153.223694481939,1.));
#6771=CARTESIAN_POINT('',(232.005451208317,-153.223694481939,0.));
#6772=CARTESIAN_POINT('Origin',(302.193077867142,-121.040659636854,0.));
#6773=CARTESIAN_POINT('',(313.32872406645,-127.726603844786,1.));
#6774=CARTESIAN_POINT('',(302.193077867142,-121.040659636854,1.));
#6775=CARTESIAN_POINT('',(265.472420496781,-98.9932398407666,1.));
#6776=CARTESIAN_POINT('',(313.32872406645,-127.726603844786,0.));
#6777=CARTESIAN_POINT('',(313.32872406645,-127.726603844786,0.));
#6778=CARTESIAN_POINT('',(302.193077867142,-121.040659636854,0.));
#6779=CARTESIAN_POINT('',(265.472420496781,-98.9932398407666,0.));
#6780=CARTESIAN_POINT('',(302.193077867142,-121.040659636854,0.));
#6781=CARTESIAN_POINT('Origin',(304.766846255716,-116.75396903897,0.));
#6782=CARTESIAN_POINT('',(302.215681155288,-112.45378803925,1.));
#6783=CARTESIAN_POINT('Origin',(304.766846255716,-116.75396903897,1.));
#6784=CARTESIAN_POINT('',(302.215681155288,-112.45378803925,0.));
#6785=CARTESIAN_POINT('Origin',(304.766846255716,-116.75396903897,0.));
#6786=CARTESIAN_POINT('',(302.215681155288,-112.45378803925,0.));
#6787=CARTESIAN_POINT('Origin',(309.134774683821,-108.348902701229,0.));
#6788=CARTESIAN_POINT('',(309.134774683821,-108.348902701229,1.));
#6789=CARTESIAN_POINT('',(265.524254265304,-134.221682872679,1.));
#6790=CARTESIAN_POINT('',(309.134774683821,-108.348902701229,0.));
#6791=CARTESIAN_POINT('',(265.524254265304,-134.221682872679,0.));
#6792=CARTESIAN_POINT('',(309.134774683821,-108.348902701229,0.));
#6793=CARTESIAN_POINT('Origin',(309.951147515958,-109.724960621139,0.));
#6794=CARTESIAN_POINT('',(310.983775906145,-108.502799171993,1.));
#6795=CARTESIAN_POINT('Origin',(309.951147515958,-109.724960621139,1.));
#6796=CARTESIAN_POINT('',(310.983775906145,-108.502799171993,0.));
#6797=CARTESIAN_POINT('Origin',(309.951147515958,-109.724960621139,0.));
#6798=CARTESIAN_POINT('',(310.983775906145,-108.502799171993,0.));
#6799=CARTESIAN_POINT('Origin',(321.217446362405,-117.149429824876,0.));
#6800=CARTESIAN_POINT('',(321.217446362405,-117.149429824876,1.));
#6801=CARTESIAN_POINT('',(287.688661160173,-88.8202958037391,1.));
#6802=CARTESIAN_POINT('',(321.217446362405,-117.149429824876,0.));
#6803=CARTESIAN_POINT('',(287.688661160173,-88.8202958037391,0.));
#6804=CARTESIAN_POINT('',(321.217446362405,-117.149429824876,0.));
#6805=CARTESIAN_POINT('Origin',(317.990482643069,-120.968684353457,0.));
#6806=CARTESIAN_POINT('',(321.80973717165,-124.195648072793,1.));
#6807=CARTESIAN_POINT('Origin',(317.990482643069,-120.968684353457,1.));
#6808=CARTESIAN_POINT('',(321.80973717165,-124.195648072793,0.));
#6809=CARTESIAN_POINT('Origin',(317.990482643069,-120.968684353457,0.));
#6810=CARTESIAN_POINT('',(321.80973717165,-124.195648072793,0.));
#6811=CARTESIAN_POINT('Origin',(319.721746983605,-126.666876966239,0.));
#6812=CARTESIAN_POINT('',(319.721746983605,-126.666876966239,1.));
#6813=CARTESIAN_POINT('',(295.549286155765,-155.276055287796,1.));
#6814=CARTESIAN_POINT('',(319.721746983605,-126.666876966239,0.));
#6815=CARTESIAN_POINT('',(295.549286155765,-155.276055287796,0.));
#6816=CARTESIAN_POINT('',(319.721746983605,-126.666876966239,0.));
#6817=CARTESIAN_POINT('Origin',(315.902492455024,-123.439913246903,0.));
#6818=CARTESIAN_POINT('Origin',(315.902492455024,-123.439913246903,1.));
#6819=CARTESIAN_POINT('Origin',(315.902492455024,-123.439913246903,0.));
#6820=CARTESIAN_POINT('Origin',(252.922913786929,-87.5947502420233,0.));
#6821=CARTESIAN_POINT('',(230.652743361048,-87.5947502420233,1.));
#6822=CARTESIAN_POINT('',(252.922913786929,-87.5947502420233,1.));
#6823=CARTESIAN_POINT('',(226.711457090905,-87.5947502420233,1.));
#6824=CARTESIAN_POINT('',(230.652743361048,-87.5947502420233,0.));
#6825=CARTESIAN_POINT('',(230.652743361048,-87.5947502420233,0.));
#6826=CARTESIAN_POINT('',(252.922913786929,-87.5947502420233,0.));
#6827=CARTESIAN_POINT('',(226.711457090905,-87.5947502420233,0.));
#6828=CARTESIAN_POINT('',(252.922913786929,-87.5947502420233,0.));
#6829=CARTESIAN_POINT('Origin',(255.892743052289,-108.213639853107,0.));
#6830=CARTESIAN_POINT('',(255.892743052289,-108.213639853107,1.));
#6831=CARTESIAN_POINT('',(256.443617862371,-112.03824587713,1.));
#6832=CARTESIAN_POINT('',(255.892743052289,-108.213639853107,0.));
#6833=CARTESIAN_POINT('',(256.443617862371,-112.03824587713,0.));
#6834=CARTESIAN_POINT('',(255.892743052289,-108.213639853107,0.));
#6835=CARTESIAN_POINT('Origin',(253.418278793809,-108.570047812484,0.));
#6836=CARTESIAN_POINT('',(252.776803398231,-110.986348562985,1.));
#6837=CARTESIAN_POINT('Origin',(253.418278793809,-108.570047812484,1.));
#6838=CARTESIAN_POINT('',(252.776803398231,-110.986348562985,0.));
#6839=CARTESIAN_POINT('Origin',(253.418278793809,-108.570047812484,0.));
#6840=CARTESIAN_POINT('',(252.776803398231,-110.986348562985,0.));
#6841=CARTESIAN_POINT('Origin',(218.795681591143,-101.965098394152,0.));
#6842=CARTESIAN_POINT('',(218.795681591143,-101.965098394152,1.));
#6843=CARTESIAN_POINT('',(212.98244476691,-100.421810212561,1.));
#6844=CARTESIAN_POINT('',(218.795681591143,-101.965098394152,0.));
#6845=CARTESIAN_POINT('',(212.98244476691,-100.421810212561,0.));
#6846=CARTESIAN_POINT('',(218.795681591143,-101.965098394152,0.));
#6847=CARTESIAN_POINT('Origin',(219.180566828491,-100.515317943852,0.));
#6848=CARTESIAN_POINT('',(218.149595734079,-99.4257773973426,1.));
#6849=CARTESIAN_POINT('Origin',(219.180566828491,-100.515317943852,1.));
#6850=CARTESIAN_POINT('',(218.149595734079,-99.4257773973426,0.));
#6851=CARTESIAN_POINT('Origin',(219.180566828491,-100.515317943852,0.));
#6852=CARTESIAN_POINT('',(218.149595734079,-99.4257773973426,0.));
#6853=CARTESIAN_POINT('Origin',(230.652743361048,-87.5947502420233,0.));
#6854=CARTESIAN_POINT('',(213.611022215239,-103.720374897893,1.));
#6855=CARTESIAN_POINT('',(213.611022215239,-103.720374897893,0.));
#6856=CARTESIAN_POINT('Origin',(160.609447832085,-129.179480540315,0.));
#6857=CARTESIAN_POINT('',(156.004180116654,-136.911977502437,1.));
#6858=CARTESIAN_POINT('',(152.350306448011,-132.755313813538,1.));
#6859=CARTESIAN_POINT('Origin',(160.609447832085,-129.179480540315,1.));
#6860=CARTESIAN_POINT('',(156.004180116654,-136.911977502437,0.));
#6861=CARTESIAN_POINT('',(156.004180116654,-136.911977502437,0.));
#6862=CARTESIAN_POINT('',(152.350306448011,-132.755313813538,0.));
#6863=CARTESIAN_POINT('Origin',(160.609447832085,-129.179480540315,0.));
#6864=CARTESIAN_POINT('',(152.350306448011,-132.755313813538,0.));
#6865=CARTESIAN_POINT('Origin',(151.174169179643,-130.038776647426,0.));
#6866=CARTESIAN_POINT('',(151.174169179643,-130.038776647426,1.));
#6867=CARTESIAN_POINT('',(153.966538566516,-136.488342888517,1.));
#6868=CARTESIAN_POINT('',(151.174169179643,-130.038776647426,0.));
#6869=CARTESIAN_POINT('',(153.966538566516,-136.488342888517,0.));
#6870=CARTESIAN_POINT('',(151.174169179643,-130.038776647426,0.));
#6871=CARTESIAN_POINT('Origin',(153.009533931659,-129.244147031154,0.));
#6872=CARTESIAN_POINT('',(152.089988794928,-127.468073625713,1.));
#6873=CARTESIAN_POINT('Origin',(153.009533931659,-129.244147031154,1.));
#6874=CARTESIAN_POINT('',(152.089988794928,-127.468073625713,0.));
#6875=CARTESIAN_POINT('Origin',(153.009533931659,-129.244147031154,0.));
#6876=CARTESIAN_POINT('',(152.089988794928,-127.468073625713,0.));
#6877=CARTESIAN_POINT('Origin',(162.869967277639,-121.886842153252,0.));
#6878=CARTESIAN_POINT('',(162.869967277639,-121.886842153252,1.));
#6879=CARTESIAN_POINT('',(177.276265979244,-114.428117829819,1.));
#6880=CARTESIAN_POINT('',(162.869967277639,-121.886842153252,0.));
#6881=CARTESIAN_POINT('',(177.276265979244,-114.428117829819,0.));
#6882=CARTESIAN_POINT('',(162.869967277639,-121.886842153252,0.));
#6883=CARTESIAN_POINT('Origin',(163.789512414371,-123.662915558692,0.));
#6884=CARTESIAN_POINT('',(164.615347960506,-121.841378940686,1.));
#6885=CARTESIAN_POINT('Origin',(163.789512414371,-123.662915558692,1.));
#6886=CARTESIAN_POINT('',(164.615347960506,-121.841378940686,0.));
#6887=CARTESIAN_POINT('Origin',(163.789512414371,-123.662915558692,0.));
#6888=CARTESIAN_POINT('',(164.615347960506,-121.841378940686,0.));
#6889=CARTESIAN_POINT('Origin',(183.091912905449,-130.218154873256,0.));
#6890=CARTESIAN_POINT('',(183.091912905449,-130.218154873256,1.));
#6891=CARTESIAN_POINT('',(189.142669793521,-132.961404758982,1.));
#6892=CARTESIAN_POINT('',(183.091912905449,-130.218154873256,0.));
#6893=CARTESIAN_POINT('',(189.142669793521,-132.961404758982,0.));
#6894=CARTESIAN_POINT('',(183.091912905449,-130.218154873256,0.));
#6895=CARTESIAN_POINT('Origin',(182.472536245847,-131.584307336761,0.));
#6896=CARTESIAN_POINT('',(183.071325833021,-132.95960767861,1.));
#6897=CARTESIAN_POINT('Origin',(182.472536245847,-131.584307336761,1.));
#6898=CARTESIAN_POINT('',(183.071325833021,-132.95960767861,0.));
#6899=CARTESIAN_POINT('Origin',(182.472536245847,-131.584307336761,0.));
#6900=CARTESIAN_POINT('',(183.071325833021,-132.95960767861,0.));
#6901=CARTESIAN_POINT('Origin',(165.952516437218,-140.412935871079,0.));
#6902=CARTESIAN_POINT('',(165.952516437218,-140.412935871079,1.));
#6903=CARTESIAN_POINT('',(183.477223123281,-132.782884774185,1.));
#6904=CARTESIAN_POINT('',(165.952516437218,-140.412935871079,0.));
#6905=CARTESIAN_POINT('',(183.477223123281,-132.782884774185,0.));
#6906=CARTESIAN_POINT('',(165.952516437218,-140.412935871079,0.));
#6907=CARTESIAN_POINT('Origin',(163.956551146638,-135.828601398246,0.));
#6908=CARTESIAN_POINT('',(161.39806908251,-140.124433043869,1.));
#6909=CARTESIAN_POINT('Origin',(163.956551146638,-135.828601398246,1.));
#6910=CARTESIAN_POINT('',(161.39806908251,-140.124433043869,0.));
#6911=CARTESIAN_POINT('Origin',(163.956551146638,-135.828601398246,0.));
#6912=CARTESIAN_POINT('',(161.39806908251,-140.124433043869,0.));
#6913=CARTESIAN_POINT('Origin',(156.004180116654,-136.911977502437,0.));
#6914=CARTESIAN_POINT('',(169.58858736811,-145.002485970122,1.));
#6915=CARTESIAN_POINT('',(169.58858736811,-145.002485970122,0.));
#6916=CARTESIAN_POINT('Origin',(188.500024918794,-108.617123240804,0.));
#6917=CARTESIAN_POINT('',(174.54501783412,-115.842195615885,1.));
#6918=CARTESIAN_POINT('',(188.500024918794,-108.617123240804,1.));
#6919=CARTESIAN_POINT('',(190.091294799822,-107.793258373595,1.));
#6920=CARTESIAN_POINT('',(174.54501783412,-115.842195615885,0.));
#6921=CARTESIAN_POINT('',(174.54501783412,-115.842195615885,0.));
#6922=CARTESIAN_POINT('',(188.500024918794,-108.617123240804,0.));
#6923=CARTESIAN_POINT('',(190.091294799822,-107.793258373595,0.));
#6924=CARTESIAN_POINT('',(188.500024918794,-108.617123240804,0.));
#6925=CARTESIAN_POINT('Origin',(189.879342623891,-111.281233348965,0.));
#6926=CARTESIAN_POINT('',(191.118095943095,-108.548928421955,1.));
#6927=CARTESIAN_POINT('Origin',(189.879342623891,-111.281233348965,1.));
#6928=CARTESIAN_POINT('',(191.118095943095,-108.548928421955,0.));
#6929=CARTESIAN_POINT('Origin',(189.879342623891,-111.281233348965,0.));
#6930=CARTESIAN_POINT('',(191.118095943095,-108.548928421955,0.));
#6931=CARTESIAN_POINT('Origin',(200.919028949393,-112.992406956441,0.));
#6932=CARTESIAN_POINT('',(200.919028949393,-112.992406956441,1.));
#6933=CARTESIAN_POINT('',(202.815063519439,-113.852017863609,1.));
#6934=CARTESIAN_POINT('',(200.919028949393,-112.992406956441,0.));
#6935=CARTESIAN_POINT('',(202.815063519439,-113.852017863609,0.));
#6936=CARTESIAN_POINT('',(200.919028949393,-112.992406956441,0.));
#6937=CARTESIAN_POINT('Origin',(210.719961955691,-108.548928421955,0.));
#6938=CARTESIAN_POINT('',(210.719961955691,-108.548928421955,1.));
#6939=CARTESIAN_POINT('',(203.575877152144,-111.787863679721,1.));
#6940=CARTESIAN_POINT('',(210.719961955691,-108.548928421955,0.));
#6941=CARTESIAN_POINT('',(203.575877152144,-111.787863679721,0.));
#6942=CARTESIAN_POINT('',(210.719961955691,-108.548928421955,0.));
#6943=CARTESIAN_POINT('Origin',(211.958715274894,-111.281233348965,0.));
#6944=CARTESIAN_POINT('',(213.338032979992,-108.617123240804,1.));
#6945=CARTESIAN_POINT('Origin',(211.958715274894,-111.281233348965,1.));
#6946=CARTESIAN_POINT('',(213.338032979992,-108.617123240804,0.));
#6947=CARTESIAN_POINT('Origin',(211.958715274894,-111.281233348965,0.));
#6948=CARTESIAN_POINT('',(213.338032979992,-108.617123240804,0.));
#6949=CARTESIAN_POINT('Origin',(227.293040064665,-115.842195615885,0.));
#6950=CARTESIAN_POINT('',(227.293040064665,-115.842195615885,1.));
#6951=CARTESIAN_POINT('',(218.393816874277,-111.234707332832,1.));
#6952=CARTESIAN_POINT('',(227.293040064665,-115.842195615885,0.));
#6953=CARTESIAN_POINT('',(218.393816874277,-111.234707332832,0.));
#6954=CARTESIAN_POINT('',(227.293040064665,-115.842195615885,0.));
#6955=CARTESIAN_POINT('Origin',(226.8332674963,-116.730232318605,0.));
#6956=CARTESIAN_POINT('',(227.246185269367,-117.641000627608,1.));
#6957=CARTESIAN_POINT('Origin',(226.8332674963,-116.730232318605,1.));
#6958=CARTESIAN_POINT('',(227.246185269367,-117.641000627608,0.));
#6959=CARTESIAN_POINT('Origin',(226.8332674963,-116.730232318605,0.));
#6960=CARTESIAN_POINT('',(227.246185269367,-117.641000627608,0.));
#6961=CARTESIAN_POINT('Origin',(206.334267193693,-127.121899948568,0.));
#6962=CARTESIAN_POINT('',(206.334267193693,-127.121899948568,1.));
#6963=CARTESIAN_POINT('',(204.501538100634,-127.95280986085,1.));
#6964=CARTESIAN_POINT('',(206.334267193693,-127.121899948568,0.));
#6965=CARTESIAN_POINT('',(204.501538100634,-127.95280986085,0.));
#6966=CARTESIAN_POINT('',(206.334267193693,-127.121899948568,0.));
#6967=CARTESIAN_POINT('Origin',(205.921349420625,-126.211131639565,0.));
#6968=CARTESIAN_POINT('',(205.406492465362,-127.06840774189,1.));
#6969=CARTESIAN_POINT('Origin',(205.921349420625,-126.211131639565,1.));
#6970=CARTESIAN_POINT('',(205.406492465362,-127.06840774189,0.));
#6971=CARTESIAN_POINT('Origin',(205.921349420625,-126.211131639565,0.));
#6972=CARTESIAN_POINT('',(205.406492465362,-127.06840774189,0.));
#6973=CARTESIAN_POINT('Origin',(200.919028949393,-124.373357924896,0.));
#6974=CARTESIAN_POINT('',(200.919028949393,-124.373357924896,1.));
#6975=CARTESIAN_POINT('',(200.682657293738,-124.231399469958,1.));
#6976=CARTESIAN_POINT('',(200.919028949393,-124.373357924896,0.));
#6977=CARTESIAN_POINT('',(200.682657293738,-124.231399469959,0.));
#6978=CARTESIAN_POINT('',(200.919028949393,-124.373357924896,0.));
#6979=CARTESIAN_POINT('Origin',(196.431565433423,-127.06840774189,0.));
#6980=CARTESIAN_POINT('',(196.431565433423,-127.06840774189,1.));
#6981=CARTESIAN_POINT('',(198.603715411472,-125.763872923949,1.));
#6982=CARTESIAN_POINT('',(196.431565433423,-127.06840774189,0.));
#6983=CARTESIAN_POINT('',(198.603715411472,-125.763872923949,0.));
#6984=CARTESIAN_POINT('',(196.431565433423,-127.06840774189,0.));
#6985=CARTESIAN_POINT('Origin',(195.916708478161,-126.211131639565,0.));
#6986=CARTESIAN_POINT('',(195.503790705093,-127.121899948568,1.));
#6987=CARTESIAN_POINT('Origin',(195.916708478161,-126.211131639565,1.));
#6988=CARTESIAN_POINT('',(195.503790705093,-127.121899948568,0.));
#6989=CARTESIAN_POINT('Origin',(195.916708478161,-126.211131639565,0.));
#6990=CARTESIAN_POINT('',(195.503790705093,-127.121899948568,0.));
#6991=CARTESIAN_POINT('Origin',(174.591872629419,-117.641000627608,0.));
#6992=CARTESIAN_POINT('',(174.591872629419,-117.641000627608,1.));
#6993=CARTESIAN_POINT('',(186.532977029963,-123.054775117015,1.));
#6994=CARTESIAN_POINT('',(174.591872629419,-117.641000627608,0.));
#6995=CARTESIAN_POINT('',(186.532977029963,-123.054775117015,0.));
#6996=CARTESIAN_POINT('',(174.591872629419,-117.641000627608,0.));
#6997=CARTESIAN_POINT('Origin',(175.004790402486,-116.730232318605,0.));
#6998=CARTESIAN_POINT('Origin',(175.004790402486,-116.730232318605,1.));
#6999=CARTESIAN_POINT('Origin',(175.004790402486,-116.730232318605,0.));
#7000=CARTESIAN_POINT('Origin',(132.091388623177,-122.875685044786,0.));
#7001=CARTESIAN_POINT('',(134.535173369172,-123.402862543587,1.));
#7002=CARTESIAN_POINT('',(130.871278179299,-125.057732364333,1.));
#7003=CARTESIAN_POINT('Origin',(132.091388623177,-122.875685044786,1.));
#7004=CARTESIAN_POINT('',(134.535173369172,-123.402862543587,0.));
#7005=CARTESIAN_POINT('',(134.535173369172,-123.402862543587,0.));
#7006=CARTESIAN_POINT('',(130.871278179299,-125.057732364333,0.));
#7007=CARTESIAN_POINT('Origin',(132.091388623177,-122.875685044786,0.));
#7008=CARTESIAN_POINT('',(130.871278179299,-125.057732364333,0.));
#7009=CARTESIAN_POINT('Origin',(116.855013367071,-117.220417871494,0.));
#7010=CARTESIAN_POINT('',(116.855013367071,-117.220417871494,1.));
#7011=CARTESIAN_POINT('',(150.159891547409,-135.843125699993,1.));
#7012=CARTESIAN_POINT('',(116.855013367071,-117.220417871494,0.));
#7013=CARTESIAN_POINT('',(150.159891547409,-135.843125699994,0.));
#7014=CARTESIAN_POINT('',(116.855013367071,-117.220417871494,0.));
#7015=CARTESIAN_POINT('Origin',(118.075123810948,-115.038370551947,0.));
#7016=CARTESIAN_POINT('',(117.43364841537,-112.622069801447,1.));
#7017=CARTESIAN_POINT('Origin',(118.075123810948,-115.038370551947,1.));
#7018=CARTESIAN_POINT('',(117.43364841537,-112.622069801447,0.));
#7019=CARTESIAN_POINT('Origin',(118.075123810948,-115.038370551947,0.));
#7020=CARTESIAN_POINT('',(117.43364841537,-112.622069801447,0.));
#7021=CARTESIAN_POINT('Origin',(134.094765162666,-108.198904988855,0.));
#7022=CARTESIAN_POINT('',(134.094765162666,-108.198904988855,1.));
#7023=CARTESIAN_POINT('',(163.152039105329,-100.484829539869,1.));
#7024=CARTESIAN_POINT('',(134.094765162666,-108.198904988855,0.));
#7025=CARTESIAN_POINT('',(163.152039105329,-100.484829539869,0.));
#7026=CARTESIAN_POINT('',(134.094765162666,-108.198904988855,0.));
#7027=CARTESIAN_POINT('Origin',(134.736240558244,-110.615205739355,0.));
#7028=CARTESIAN_POINT('',(137.18002530424,-111.142383238156,1.));
#7029=CARTESIAN_POINT('Origin',(134.736240558244,-110.615205739355,1.));
#7030=CARTESIAN_POINT('',(137.18002530424,-111.142383238156,0.));
#7031=CARTESIAN_POINT('Origin',(134.736240558244,-110.615205739355,0.));
#7032=CARTESIAN_POINT('',(137.18002530424,-111.142383238156,0.));
#7033=CARTESIAN_POINT('Origin',(134.535173369172,-123.402862543587,0.));
#7034=CARTESIAN_POINT('',(135.940244483561,-116.889512933268,1.));
#7035=CARTESIAN_POINT('',(135.940244483561,-116.889512933268,0.));
#7036=CARTESIAN_POINT('Origin',(114.051707740722,-149.169724971862,0.));
#7037=CARTESIAN_POINT('',(116.528324578355,-149.510854037689,1.));
#7038=CARTESIAN_POINT('',(113.085006019176,-151.475259135903,1.));
#7039=CARTESIAN_POINT('Origin',(114.051707740722,-149.169724971862,1.));
#7040=CARTESIAN_POINT('',(116.528324578355,-149.510854037689,0.));
#7041=CARTESIAN_POINT('',(116.528324578355,-149.510854037689,0.));
#7042=CARTESIAN_POINT('',(113.085006019176,-151.475259135903,0.));
#7043=CARTESIAN_POINT('Origin',(114.051707740722,-149.169724971862,0.));
#7044=CARTESIAN_POINT('',(113.085006019176,-151.475259135903,0.));
#7045=CARTESIAN_POINT('Origin',(98.2525055674829,-145.256048011161,0.));
#7046=CARTESIAN_POINT('',(98.2525055674829,-145.256048011161,1.));
#7047=CARTESIAN_POINT('',(137.942153748583,-161.897766803547,1.));
#7048=CARTESIAN_POINT('',(98.2525055674829,-145.256048011161,0.));
#7049=CARTESIAN_POINT('',(137.942153748583,-161.897766803547,0.));
#7050=CARTESIAN_POINT('',(98.2525055674829,-145.256048011161,0.));
#7051=CARTESIAN_POINT('Origin',(99.4125476333379,-142.489407014311,0.));
#7052=CARTESIAN_POINT('',(97.1209949161889,-144.425585245913,1.));
#7053=CARTESIAN_POINT('Origin',(99.4125476333379,-142.489407014311,1.));
#7054=CARTESIAN_POINT('',(97.1209949161889,-144.425585245913,0.));
#7055=CARTESIAN_POINT('Origin',(99.4125476333379,-142.489407014311,0.));
#7056=CARTESIAN_POINT('',(97.1209949161889,-144.425585245913,0.));
#7057=CARTESIAN_POINT('Origin',(91.1858374471775,-137.401063431323,0.));
#7058=CARTESIAN_POINT('',(91.1858374471775,-137.401063431323,1.));
#7059=CARTESIAN_POINT('',(110.648996293539,-160.43657421784,1.));
#7060=CARTESIAN_POINT('',(91.1858374471775,-137.401063431323,0.));
#7061=CARTESIAN_POINT('',(110.648996293539,-160.436574217841,0.));
#7062=CARTESIAN_POINT('',(91.1858374471775,-137.401063431323,0.));
#7063=CARTESIAN_POINT('Origin',(93.0954647114681,-135.787581571655,0.));
#7064=CARTESIAN_POINT('',(91.9127278704755,-133.585052669471,1.));
#7065=CARTESIAN_POINT('Origin',(93.0954647114681,-135.787581571655,1.));
#7066=CARTESIAN_POINT('',(91.9127278704755,-133.585052669471,0.));
#7067=CARTESIAN_POINT('Origin',(93.0954647114681,-135.787581571655,0.));
#7068=CARTESIAN_POINT('',(91.9127278704755,-133.585052669471,0.));
#7069=CARTESIAN_POINT('Origin',(113.859294198491,-121.799957589136,0.));
#7070=CARTESIAN_POINT('',(113.859294198491,-121.799957589136,1.));
#7071=CARTESIAN_POINT('',(147.025253883268,-103.990156161717,1.));
#7072=CARTESIAN_POINT('',(113.859294198491,-121.799957589136,0.));
#7073=CARTESIAN_POINT('',(147.025253883268,-103.990156161717,0.));
#7074=CARTESIAN_POINT('',(113.859294198491,-121.799957589136,0.));
#7075=CARTESIAN_POINT('Origin',(114.616245776726,-123.209576086535,0.));
#7076=CARTESIAN_POINT('',(115.432618608863,-121.833518166624,1.));
#7077=CARTESIAN_POINT('Origin',(114.616245776726,-123.209576086535,1.));
#7078=CARTESIAN_POINT('',(115.432618608863,-121.833518166624,0.));
#7079=CARTESIAN_POINT('Origin',(114.616245776726,-123.209576086535,0.));
#7080=CARTESIAN_POINT('',(115.432618608863,-121.833518166624,0.));
#7081=CARTESIAN_POINT('Origin',(119.056218231485,-123.98328834973,0.));
#7082=CARTESIAN_POINT('',(119.056218231485,-123.98328834973,1.));
#7083=CARTESIAN_POINT('',(149.180331531923,-141.854998061112,1.));
#7084=CARTESIAN_POINT('',(119.056218231485,-123.98328834973,0.));
#7085=CARTESIAN_POINT('',(149.180331531923,-141.854998061112,0.));
#7086=CARTESIAN_POINT('',(119.056218231485,-123.98328834973,0.));
#7087=CARTESIAN_POINT('Origin',(118.239845399348,-125.35934626964,0.));
#7088=CARTESIAN_POINT('',(119.824880175433,-125.57766887177,1.));
#7089=CARTESIAN_POINT('Origin',(118.239845399348,-125.35934626964,1.));
#7090=CARTESIAN_POINT('',(119.824880175433,-125.57766887177,0.));
#7091=CARTESIAN_POINT('Origin',(118.239845399348,-125.35934626964,0.));
#7092=CARTESIAN_POINT('',(119.824880175433,-125.57766887177,0.));
#7093=CARTESIAN_POINT('Origin',(116.528324578355,-149.510854037689,0.));
#7094=CARTESIAN_POINT('',(119.03428012983,-131.31747113701,1.));
#7095=CARTESIAN_POINT('',(119.03428012983,-131.31747113701,0.));
#7096=CARTESIAN_POINT('Origin',(72.9575073817374,-161.695792222221,0.));
#7097=CARTESIAN_POINT('',(129.418372741277,-161.695792222221,1.));
#7098=CARTESIAN_POINT('',(72.9575073817374,-161.695792222221,1.));
#7099=CARTESIAN_POINT('',(136.728753888309,-161.695792222221,1.));
#7100=CARTESIAN_POINT('',(129.418372741277,-161.695792222221,0.));
#7101=CARTESIAN_POINT('',(129.418372741277,-161.695792222221,0.));
#7102=CARTESIAN_POINT('',(72.9575073817374,-161.695792222221,0.));
#7103=CARTESIAN_POINT('',(136.728753888309,-161.695792222221,0.));
#7104=CARTESIAN_POINT('',(72.9575073817374,-161.695792222221,0.));
#7105=CARTESIAN_POINT('Origin',(91.3226382060152,-150.545534221766,0.));
#7106=CARTESIAN_POINT('',(91.3226382060152,-150.545534221766,1.));
#7107=CARTESIAN_POINT('',(137.096508367295,-122.754255909561,1.));
#7108=CARTESIAN_POINT('',(91.3226382060152,-150.545534221766,0.));
#7109=CARTESIAN_POINT('',(137.096508367295,-122.754255909561,0.));
#7110=CARTESIAN_POINT('',(91.3226382060152,-150.545534221766,0.));
#7111=CARTESIAN_POINT('Origin',(95.2149742128285,-156.956440585929,0.));
#7112=CARTESIAN_POINT('',(97.833385009289,-149.928359418144,1.));
#7113=CARTESIAN_POINT('Origin',(95.2149742128285,-156.956440585929,1.));
#7114=CARTESIAN_POINT('',(97.833385009289,-149.928359418144,0.));
#7115=CARTESIAN_POINT('Origin',(95.2149742128285,-156.956440585929,0.));
#7116=CARTESIAN_POINT('',(97.833385009289,-149.928359418144,0.));
#7117=CARTESIAN_POINT('Origin',(129.418372741277,-161.695792222221,0.));
#7118=CARTESIAN_POINT('',(154.461105446725,-171.025815613155,1.));
#7119=CARTESIAN_POINT('',(154.461105446725,-171.025815613155,0.));
#7120=CARTESIAN_POINT('Origin',(99.5263012860586,-104.666637601197,0.));
#7121=CARTESIAN_POINT('',(98.3061908421815,-106.848684920744,1.));
#7122=CARTESIAN_POINT('',(97.9996741918617,-102.686887688894,1.));
#7123=CARTESIAN_POINT('Origin',(99.5263012860586,-104.666637601197,1.));
#7124=CARTESIAN_POINT('',(98.3061908421815,-106.848684920744,0.));
#7125=CARTESIAN_POINT('',(98.3061908421815,-106.848684920744,0.));
#7126=CARTESIAN_POINT('',(97.9996741918617,-102.686887688894,0.));
#7127=CARTESIAN_POINT('Origin',(99.5263012860586,-104.666637601197,0.));
#7128=CARTESIAN_POINT('',(97.9996741918617,-102.686887688894,0.));
#7129=CARTESIAN_POINT('Origin',(117.571354728965,-87.5947502420233,0.));
#7130=CARTESIAN_POINT('',(117.571354728965,-87.5947502420233,1.));
#7131=CARTESIAN_POINT('',(134.771538457465,-74.3313242194173,1.));
#7132=CARTESIAN_POINT('',(117.571354728965,-87.5947502420233,0.));
#7133=CARTESIAN_POINT('',(134.771538457465,-74.3313242194173,0.));
#7134=CARTESIAN_POINT('',(117.571354728965,-87.5947502420233,0.));
#7135=CARTESIAN_POINT('Origin',(142.347873955442,-87.5947502420233,0.));
#7136=CARTESIAN_POINT('',(142.347873955442,-87.5947502420233,1.));
#7137=CARTESIAN_POINT('',(171.423937175161,-87.5947502420233,1.));
#7138=CARTESIAN_POINT('',(142.347873955442,-87.5947502420233,0.));
#7139=CARTESIAN_POINT('',(171.423937175161,-87.5947502420233,0.));
#7140=CARTESIAN_POINT('',(142.347873955442,-87.5947502420233,0.));
#7141=CARTESIAN_POINT('Origin',(139.831213503368,-98.8999028639885,0.));
#7142=CARTESIAN_POINT('',(139.831213503368,-98.8999028639885,1.));
#7143=CARTESIAN_POINT('',(138.601610252595,-104.423434019333,1.));
#7144=CARTESIAN_POINT('',(139.831213503368,-98.8999028639885,0.));
#7145=CARTESIAN_POINT('',(138.601610252595,-104.423434019333,0.));
#7146=CARTESIAN_POINT('',(139.831213503368,-98.8999028639885,0.));
#7147=CARTESIAN_POINT('Origin',(137.390947343697,-98.3566708049499,0.));
#7148=CARTESIAN_POINT('',(138.03246540063,-100.772960229383,1.));
#7149=CARTESIAN_POINT('Origin',(137.390947343697,-98.3566708049499,1.));
#7150=CARTESIAN_POINT('',(138.03246540063,-100.772960229383,0.));
#7151=CARTESIAN_POINT('Origin',(137.390947343697,-98.3566708049499,0.));
#7152=CARTESIAN_POINT('',(138.03246540063,-100.772960229383,0.));
#7153=CARTESIAN_POINT('Origin',(104.706671319134,-109.620864974865,0.));
#7154=CARTESIAN_POINT('',(104.706671319134,-109.620864974865,1.));
#7155=CARTESIAN_POINT('',(147.666351115197,-98.2151906253674,1.));
#7156=CARTESIAN_POINT('',(104.706671319134,-109.620864974865,0.));
#7157=CARTESIAN_POINT('',(147.666351115197,-98.2151906253674,0.));
#7158=CARTESIAN_POINT('',(104.706671319134,-109.620864974865,0.));
#7159=CARTESIAN_POINT('Origin',(104.065153262202,-107.204575550432,0.));
#7160=CARTESIAN_POINT('',(102.845042818325,-109.386622869979,1.));
#7161=CARTESIAN_POINT('Origin',(104.065153262202,-107.204575550432,1.));
#7162=CARTESIAN_POINT('',(102.845042818325,-109.386622869979,0.));
#7163=CARTESIAN_POINT('Origin',(104.065153262202,-107.204575550432,0.));
#7164=CARTESIAN_POINT('',(102.845042818325,-109.386622869979,0.));
#7165=CARTESIAN_POINT('Origin',(98.3061908421815,-106.848684920744,0.));
#7166=CARTESIAN_POINT('',(140.885480284964,-130.657259224619,1.));
#7167=CARTESIAN_POINT('',(140.885480284964,-130.657259224619,0.));
#7168=CARTESIAN_POINT('Origin',(227.249483456634,-144.660599552706,0.));
#7169=CARTESIAN_POINT('',(200.919028949393,-132.809690673677,1.));
#7170=CARTESIAN_POINT('',(227.249483456634,-144.660599552706,1.));
#7171=CARTESIAN_POINT('',(212.261448988586,-137.914729263693,1.));
#7172=CARTESIAN_POINT('',(200.919028949393,-132.809690673677,0.));
#7173=CARTESIAN_POINT('',(200.919028949393,-132.809690673677,0.));
#7174=CARTESIAN_POINT('',(227.249483456634,-144.660599552706,0.));
#7175=CARTESIAN_POINT('',(212.261448988586,-137.914729263693,0.));
#7176=CARTESIAN_POINT('',(227.249483456634,-144.660599552706,0.));
#7177=CARTESIAN_POINT('Origin',(226.428627131045,-146.484385420822,0.));
#7178=CARTESIAN_POINT('',(227.590584101246,-148.112223250399,1.));
#7179=CARTESIAN_POINT('Origin',(226.428627131045,-146.484385420822,1.));
#7180=CARTESIAN_POINT('',(227.590584101246,-148.112223250399,0.));
#7181=CARTESIAN_POINT('Origin',(226.428627131045,-146.484385420822,0.));
#7182=CARTESIAN_POINT('',(227.590584101246,-148.112223250399,0.));
#7183=CARTESIAN_POINT('Origin',(208.560750811305,-161.695792222221,0.));
#7184=CARTESIAN_POINT('',(208.560750811305,-161.695792222221,1.));
#7185=CARTESIAN_POINT('',(214.803364805814,-157.239790087735,1.));
#7186=CARTESIAN_POINT('',(208.560750811305,-161.695792222221,0.));
#7187=CARTESIAN_POINT('',(214.803364805814,-157.239790087735,0.));
#7188=CARTESIAN_POINT('',(208.560750811305,-161.695792222221,0.));
#7189=CARTESIAN_POINT('Origin',(193.277307087481,-161.695792222221,0.));
#7190=CARTESIAN_POINT('',(193.277307087481,-161.695792222221,1.));
#7191=CARTESIAN_POINT('',(196.888653741181,-161.695792222221,1.));
#7192=CARTESIAN_POINT('',(193.277307087481,-161.695792222221,0.));
#7193=CARTESIAN_POINT('',(196.888653741181,-161.695792222221,0.));
#7194=CARTESIAN_POINT('',(193.277307087481,-161.695792222221,0.));
#7195=CARTESIAN_POINT('Origin',(174.24747379754,-148.112223250399,0.));
#7196=CARTESIAN_POINT('',(174.24747379754,-148.112223250399,1.));
#7197=CARTESIAN_POINT('',(177.242185115728,-150.249859829843,1.));
#7198=CARTESIAN_POINT('',(174.24747379754,-148.112223250399,0.));
#7199=CARTESIAN_POINT('',(177.242185115728,-150.249859829843,0.));
#7200=CARTESIAN_POINT('',(174.24747379754,-148.112223250399,0.));
#7201=CARTESIAN_POINT('Origin',(175.409430767741,-146.484385420822,0.));
#7202=CARTESIAN_POINT('',(174.588574442152,-144.660599552706,1.));
#7203=CARTESIAN_POINT('Origin',(175.409430767741,-146.484385420822,1.));
#7204=CARTESIAN_POINT('',(174.588574442152,-144.660599552706,0.));
#7205=CARTESIAN_POINT('Origin',(175.409430767741,-146.484385420822,0.));
#7206=CARTESIAN_POINT('',(174.588574442152,-144.660599552706,0.));
#7207=CARTESIAN_POINT('Origin',(200.919028949393,-132.809690673677,0.));
#7208=CARTESIAN_POINT('',(202.393393504338,-132.146103192104,1.));
#7209=CARTESIAN_POINT('',(202.393393504338,-132.146103192104,0.));
#7210=CARTESIAN_POINT('Origin',(173.013015902915,-109.63240050778,0.));
#7211=CARTESIAN_POINT('',(172.908410377658,-109.143465252265,1.));
#7212=CARTESIAN_POINT('',(173.242902187097,-110.07641885914,1.));
#7213=CARTESIAN_POINT('Origin',(173.013015902915,-109.63240050778,1.));
#7214=CARTESIAN_POINT('',(172.908410377658,-109.143465252265,0.));
#7215=CARTESIAN_POINT('',(172.908410377658,-109.143465252265,0.));
#7216=CARTESIAN_POINT('',(173.242902187097,-110.07641885914,0.));
#7217=CARTESIAN_POINT('Origin',(173.013015902915,-109.63240050778,0.));
#7218=CARTESIAN_POINT('',(173.242902187097,-110.07641885914,0.));
#7219=CARTESIAN_POINT('Origin',(146.971913847576,-123.677973553183,0.));
#7220=CARTESIAN_POINT('',(146.971913847576,-123.677973553183,1.));
#7221=CARTESIAN_POINT('',(168.012542953366,-112.78438767507,1.));
#7222=CARTESIAN_POINT('',(146.971913847576,-123.677973553183,0.));
#7223=CARTESIAN_POINT('',(168.012542953366,-112.78438767507,0.));
#7224=CARTESIAN_POINT('',(146.971913847576,-123.677973553183,0.));
#7225=CARTESIAN_POINT('Origin',(145.822482426661,-121.457881796383,0.));
#7226=CARTESIAN_POINT('',(143.378697680666,-120.930704297582,1.));
#7227=CARTESIAN_POINT('Origin',(145.822482426661,-121.457881796383,1.));
#7228=CARTESIAN_POINT('',(143.378697680666,-120.930704297582,0.));
#7229=CARTESIAN_POINT('Origin',(145.822482426661,-121.457881796383,0.));
#7230=CARTESIAN_POINT('',(143.378697680666,-120.930704297582,0.));
#7231=CARTESIAN_POINT('Origin',(143.934228384537,-118.355485394766,0.));
#7232=CARTESIAN_POINT('',(143.934228384537,-118.355485394766,1.));
#7233=CARTESIAN_POINT('',(144.610121348342,-115.222315032544,1.));
#7234=CARTESIAN_POINT('',(143.934228384537,-118.355485394766,0.));
#7235=CARTESIAN_POINT('',(144.610121348342,-115.222315032544,0.));
#7236=CARTESIAN_POINT('',(143.934228384537,-118.355485394766,0.));
#7237=CARTESIAN_POINT('Origin',(148.821797876527,-119.409840392368,0.));
#7238=CARTESIAN_POINT('',(147.775742623957,-114.520487837216,1.));
#7239=CARTESIAN_POINT('Origin',(148.821797876527,-119.409840392368,1.));
#7240=CARTESIAN_POINT('',(147.775742623957,-114.520487837216,0.));
#7241=CARTESIAN_POINT('Origin',(148.821797876527,-119.409840392368,0.));
#7242=CARTESIAN_POINT('',(147.775742623957,-114.520487837216,0.));
#7243=CARTESIAN_POINT('Origin',(172.908410377658,-109.143465252265,0.));
#7244=CARTESIAN_POINT('',(184.580688686694,-106.646233175647,1.));
#7245=CARTESIAN_POINT('',(184.580688686694,-106.646233175647,0.));
#7246=CARTESIAN_POINT('Origin',(258.45936021812,-120.930704297582,0.));
#7247=CARTESIAN_POINT('',(257.903829514249,-118.355485394766,1.));
#7248=CARTESIAN_POINT('',(258.45936021812,-120.930704297582,1.));
#7249=CARTESIAN_POINT('',(257.487069136292,-116.423550407585,1.));
#7250=CARTESIAN_POINT('',(257.903829514249,-118.355485394766,0.));
#7251=CARTESIAN_POINT('',(257.903829514249,-118.355485394766,0.));
#7252=CARTESIAN_POINT('',(258.45936021812,-120.930704297582,0.));
#7253=CARTESIAN_POINT('',(257.487069136292,-116.423550407585,0.));
#7254=CARTESIAN_POINT('',(258.45936021812,-120.930704297582,0.));
#7255=CARTESIAN_POINT('Origin',(256.015575472125,-121.457881796383,0.));
#7256=CARTESIAN_POINT('',(254.86614405121,-123.677973553183,1.));
#7257=CARTESIAN_POINT('Origin',(256.015575472125,-121.457881796383,1.));
#7258=CARTESIAN_POINT('',(254.86614405121,-123.677973553183,0.));
#7259=CARTESIAN_POINT('Origin',(256.015575472125,-121.457881796383,0.));
#7260=CARTESIAN_POINT('',(254.86614405121,-123.677973553183,0.));
#7261=CARTESIAN_POINT('Origin',(228.595155711689,-110.07641885914,0.));
#7262=CARTESIAN_POINT('',(228.595155711689,-110.07641885914,1.));
#7263=CARTESIAN_POINT('',(220.359571008635,-105.812523099745,1.));
#7264=CARTESIAN_POINT('',(228.595155711689,-110.07641885914,0.));
#7265=CARTESIAN_POINT('',(220.359571008635,-105.812523099745,0.));
#7266=CARTESIAN_POINT('',(228.595155711689,-110.07641885914,0.));
#7267=CARTESIAN_POINT('Origin',(228.825041995871,-109.63240050778,0.));
#7268=CARTESIAN_POINT('',(228.929647521128,-109.143465252265,1.));
#7269=CARTESIAN_POINT('Origin',(228.825041995871,-109.63240050778,1.));
#7270=CARTESIAN_POINT('',(228.929647521128,-109.143465252265,0.));
#7271=CARTESIAN_POINT('Origin',(228.825041995871,-109.63240050778,0.));
#7272=CARTESIAN_POINT('',(228.929647521128,-109.143465252265,0.));
#7273=CARTESIAN_POINT('Origin',(254.062315274829,-114.520487837216,0.));
#7274=CARTESIAN_POINT('',(254.062315274829,-114.520487837216,1.));
#7275=CARTESIAN_POINT('',(229.423015105712,-109.24901905463,1.));
#7276=CARTESIAN_POINT('',(254.062315274829,-114.520487837216,0.));
#7277=CARTESIAN_POINT('',(229.423015105712,-109.24901905463,0.));
#7278=CARTESIAN_POINT('',(254.062315274829,-114.520487837216,0.));
#7279=CARTESIAN_POINT('Origin',(253.016260022259,-119.409840392368,0.));
#7280=CARTESIAN_POINT('Origin',(253.016260022259,-119.409840392368,1.));
#7281=CARTESIAN_POINT('Origin',(253.016260022259,-119.409840392368,0.));
#7282=CARTESIAN_POINT('Origin',(339.401068822879,-156.695792222221,0.));
#7283=CARTESIAN_POINT('',(339.401068822879,-112.377955425283,1.));
#7284=CARTESIAN_POINT('',(339.401068822879,-156.695792222221,1.));
#7285=CARTESIAN_POINT('',(339.401068822879,-140.347897034982,1.));
#7286=CARTESIAN_POINT('',(339.401068822879,-112.377955425283,0.));
#7287=CARTESIAN_POINT('',(339.401068822879,-112.377955425283,0.));
#7288=CARTESIAN_POINT('',(339.401068822879,-156.695792222221,0.));
#7289=CARTESIAN_POINT('',(339.401068822879,-140.347897034982,0.));
#7290=CARTESIAN_POINT('',(339.401068822879,-156.695792222221,0.));
#7291=CARTESIAN_POINT('Origin',(334.401068822879,-156.695792222221,0.));
#7292=CARTESIAN_POINT('',(337.936602728812,-160.231326128153,1.));
#7293=CARTESIAN_POINT('Origin',(334.401068822879,-156.695792222221,1.));
#7294=CARTESIAN_POINT('',(337.936602728812,-160.231326128153,0.));
#7295=CARTESIAN_POINT('Origin',(334.401068822879,-156.695792222221,0.));
#7296=CARTESIAN_POINT('',(337.936602728812,-160.231326128153,0.));
#7297=CARTESIAN_POINT('Origin',(314.407949676796,-146.499810048409,0.));
#7298=CARTESIAN_POINT('',(314.407949676796,-146.499810048409,1.));
#7299=CARTESIAN_POINT('',(267.026494932429,-118.847602067544,1.));
#7300=CARTESIAN_POINT('',(314.407949676796,-146.499810048409,0.));
#7301=CARTESIAN_POINT('',(267.026494932429,-118.847602067544,0.));
#7302=CARTESIAN_POINT('',(314.407949676796,-146.499810048409,0.));
#7303=CARTESIAN_POINT('Origin',(315.668070108372,-144.340621196566,0.));
#7304=CARTESIAN_POINT('',(313.758442844081,-142.727139336898,1.));
#7305=CARTESIAN_POINT('Origin',(315.668070108372,-144.340621196566,1.));
#7306=CARTESIAN_POINT('',(313.758442844081,-142.727139336898,0.));
#7307=CARTESIAN_POINT('Origin',(315.668070108372,-144.340621196566,0.));
#7308=CARTESIAN_POINT('',(313.758442844081,-142.727139336898,0.));
#7309=CARTESIAN_POINT('Origin',(339.401068822879,-112.377955425283,0.));
#7310=CARTESIAN_POINT('',(307.607972733624,-150.006493201805,1.));
#7311=CARTESIAN_POINT('',(307.607972733624,-150.006493201805,0.));
#7312=CARTESIAN_POINT('Origin',(264.3776031967,-161.695792222221,0.));
#7313=CARTESIAN_POINT('',(280.335450303325,-155.004727517676,1.));
#7314=CARTESIAN_POINT('',(264.3776031967,-161.695792222221,1.));
#7315=CARTESIAN_POINT('',(243.93555499704,-170.267065419879,1.));
#7316=CARTESIAN_POINT('',(280.335450303325,-155.004727517676,0.));
#7317=CARTESIAN_POINT('',(280.335450303325,-155.004727517676,0.));
#7318=CARTESIAN_POINT('',(264.3776031967,-161.695792222221,0.));
#7319=CARTESIAN_POINT('',(243.93555499704,-170.267065419879,0.));
#7320=CARTESIAN_POINT('',(264.3776031967,-161.695792222221,0.));
#7321=CARTESIAN_POINT('Origin',(243.261137027237,-161.695792222221,0.));
#7322=CARTESIAN_POINT('',(243.261137027237,-161.695792222221,1.));
#7323=CARTESIAN_POINT('',(221.880568711059,-161.695792222221,1.));
#7324=CARTESIAN_POINT('',(243.261137027237,-161.695792222221,0.));
#7325=CARTESIAN_POINT('',(221.880568711059,-161.695792222221,0.));
#7326=CARTESIAN_POINT('',(243.261137027237,-161.695792222221,0.));
#7327=CARTESIAN_POINT('Origin',(249.528330281885,-147.021824472321,0.));
#7328=CARTESIAN_POINT('',(249.528330281885,-147.021824472321,1.));
#7329=CARTESIAN_POINT('',(249.904350793823,-146.141412357792,1.));
#7330=CARTESIAN_POINT('',(249.528330281885,-147.021824472321,0.));
#7331=CARTESIAN_POINT('',(249.904350793823,-146.141412357792,0.));
#7332=CARTESIAN_POINT('',(249.528330281885,-147.021824472321,0.));
#7333=CARTESIAN_POINT('Origin',(250.447965865422,-147.414597171847,0.));
#7334=CARTESIAN_POINT('',(250.603321259152,-146.426738527283,1.));
#7335=CARTESIAN_POINT('Origin',(250.447965865422,-147.414597171847,1.));
#7336=CARTESIAN_POINT('',(250.603321259152,-146.426738527283,0.));
#7337=CARTESIAN_POINT('Origin',(250.447965865422,-147.414597171847,0.));
#7338=CARTESIAN_POINT('',(250.603321259152,-146.426738527283,0.));
#7339=CARTESIAN_POINT('Origin',(279.193547662965,-150.922974809915,0.));
#7340=CARTESIAN_POINT('',(279.193547662965,-150.922974809915,1.));
#7341=CARTESIAN_POINT('',(238.730497010731,-144.559561177616,1.));
#7342=CARTESIAN_POINT('',(279.193547662965,-150.922974809915,0.));
#7343=CARTESIAN_POINT('',(238.730497010731,-144.559561177616,0.));
#7344=CARTESIAN_POINT('',(279.193547662965,-150.922974809915,0.));
#7345=CARTESIAN_POINT('Origin',(279.038192269235,-151.910833454478,0.));
#7346=CARTESIAN_POINT('',(279.960405934851,-151.52415276586,1.));
#7347=CARTESIAN_POINT('Origin',(279.038192269235,-151.910833454478,1.));
#7348=CARTESIAN_POINT('',(279.960405934851,-151.52415276586,0.));
#7349=CARTESIAN_POINT('Origin',(279.038192269235,-151.910833454478,0.));
#7350=CARTESIAN_POINT('',(279.960405934851,-151.52415276586,0.));
#7351=CARTESIAN_POINT('Origin',(280.870983280323,-153.695833163441,0.));
#7352=CARTESIAN_POINT('',(280.870983280323,-153.695833163441,1.));
#7353=CARTESIAN_POINT('',(269.567570423383,-126.737771611353,1.));
#7354=CARTESIAN_POINT('',(280.870983280323,-153.695833163441,0.));
#7355=CARTESIAN_POINT('',(269.567570423383,-126.737771611353,0.));
#7356=CARTESIAN_POINT('',(280.870983280323,-153.695833163441,0.));
#7357=CARTESIAN_POINT('Origin',(279.948769614707,-154.08251385206,0.));
#7358=CARTESIAN_POINT('Origin',(279.948769614707,-154.08251385206,1.));
#7359=CARTESIAN_POINT('Origin',(279.948769614707,-154.08251385206,0.));
#7360=CARTESIAN_POINT('Origin',(306.623083685957,-156.956440585929,0.));
#7361=CARTESIAN_POINT('',(304.004672889497,-149.928359418144,1.));
#7362=CARTESIAN_POINT('',(310.515419692771,-150.545534221766,1.));
#7363=CARTESIAN_POINT('Origin',(306.623083685957,-156.956440585929,1.));
#7364=CARTESIAN_POINT('',(304.004672889497,-149.928359418144,0.));
#7365=CARTESIAN_POINT('',(304.004672889497,-149.928359418144,0.));
#7366=CARTESIAN_POINT('',(310.515419692771,-150.545534221766,0.));
#7367=CARTESIAN_POINT('Origin',(306.623083685957,-156.956440585929,0.));
#7368=CARTESIAN_POINT('',(310.515419692771,-150.545534221766,0.));
#7369=CARTESIAN_POINT('Origin',(328.880550517049,-161.695792222221,0.));
#7370=CARTESIAN_POINT('',(328.880550517049,-161.695792222221,1.));
#7371=CARTESIAN_POINT('',(273.617946829243,-128.143497126053,1.));
#7372=CARTESIAN_POINT('',(328.880550517049,-161.695792222221,0.));
#7373=CARTESIAN_POINT('',(273.617946829243,-128.143497126053,0.));
#7374=CARTESIAN_POINT('',(328.880550517049,-161.695792222221,0.));
#7375=CARTESIAN_POINT('Origin',(272.419685157509,-161.695792222221,0.));
#7376=CARTESIAN_POINT('',(272.419685157509,-161.695792222221,1.));
#7377=CARTESIAN_POINT('',(236.459842776195,-161.695792222221,1.));
#7378=CARTESIAN_POINT('',(272.419685157509,-161.695792222221,0.));
#7379=CARTESIAN_POINT('',(236.459842776195,-161.695792222221,0.));
#7380=CARTESIAN_POINT('',(272.419685157509,-161.695792222221,0.));
#7381=CARTESIAN_POINT('Origin',(304.004672889497,-149.928359418144,0.));
#7382=CARTESIAN_POINT('',(262.801491385559,-165.2791860126,1.));
#7383=CARTESIAN_POINT('',(262.801491385559,-165.2791860126,0.));
#7384=CARTESIAN_POINT('Origin',(267.101817340541,-110.615205739355,0.));
#7385=CARTESIAN_POINT('',(264.658032594546,-111.142383238156,1.));
#7386=CARTESIAN_POINT('',(267.74329273612,-108.198904988855,1.));
#7387=CARTESIAN_POINT('Origin',(267.101817340541,-110.615205739355,1.));
#7388=CARTESIAN_POINT('',(264.658032594546,-111.142383238156,0.));
#7389=CARTESIAN_POINT('',(264.658032594546,-111.142383238156,0.));
#7390=CARTESIAN_POINT('',(267.74329273612,-108.198904988855,0.));
#7391=CARTESIAN_POINT('Origin',(267.101817340541,-110.615205739355,0.));
#7392=CARTESIAN_POINT('',(267.74329273612,-108.198904988855,0.));
#7393=CARTESIAN_POINT('Origin',(284.404409483416,-112.622069801447,0.));
#7394=CARTESIAN_POINT('',(284.404409483416,-112.622069801447,1.));
#7395=CARTESIAN_POINT('',(246.625136827977,-102.592493033614,1.));
#7396=CARTESIAN_POINT('',(284.404409483416,-112.622069801447,0.));
#7397=CARTESIAN_POINT('',(246.625136827977,-102.592493033614,0.));
#7398=CARTESIAN_POINT('',(284.404409483416,-112.622069801447,0.));
#7399=CARTESIAN_POINT('Origin',(283.762934087838,-115.038370551947,0.));
#7400=CARTESIAN_POINT('',(284.983044531715,-117.220417871494,1.));
#7401=CARTESIAN_POINT('Origin',(283.762934087838,-115.038370551947,1.));
#7402=CARTESIAN_POINT('',(284.983044531715,-117.220417871494,0.));
#7403=CARTESIAN_POINT('Origin',(283.762934087838,-115.038370551947,0.));
#7404=CARTESIAN_POINT('',(284.983044531715,-117.220417871494,0.));
#7405=CARTESIAN_POINT('Origin',(270.966779719486,-125.057732364333,0.));
#7406=CARTESIAN_POINT('',(270.966779719486,-125.057732364333,1.));
#7407=CARTESIAN_POINT('',(244.35081259503,-139.940278297929,1.));
#7408=CARTESIAN_POINT('',(270.966779719486,-125.057732364333,0.));
#7409=CARTESIAN_POINT('',(244.35081259503,-139.940278297929,0.));
#7410=CARTESIAN_POINT('',(270.966779719486,-125.057732364333,0.));
#7411=CARTESIAN_POINT('Origin',(269.746669275609,-122.875685044786,0.));
#7412=CARTESIAN_POINT('',(267.302884529614,-123.402862543587,1.));
#7413=CARTESIAN_POINT('Origin',(269.746669275609,-122.875685044786,1.));
#7414=CARTESIAN_POINT('',(267.302884529614,-123.402862543587,0.));
#7415=CARTESIAN_POINT('Origin',(269.746669275609,-122.875685044786,0.));
#7416=CARTESIAN_POINT('',(267.302884529614,-123.402862543587,0.));
#7417=CARTESIAN_POINT('Origin',(264.658032594546,-111.142383238156,0.));
#7418=CARTESIAN_POINT('',(264.556754681604,-110.672899204187,1.));
#7419=CARTESIAN_POINT('',(264.556754681604,-110.672899204187,0.));
#7420=CARTESIAN_POINT('Origin',(259.490183943344,-87.5947502420233,0.));
#7421=CARTESIAN_POINT('',(262.006844395418,-98.8999028639885,1.));
#7422=CARTESIAN_POINT('',(259.490183943344,-87.5947502420233,1.));
#7423=CARTESIAN_POINT('',(261.958332496189,-98.6819813623747,1.));
#7424=CARTESIAN_POINT('',(262.006844395418,-98.8999028639885,0.));
#7425=CARTESIAN_POINT('',(262.006844395418,-98.8999028639885,0.));
#7426=CARTESIAN_POINT('',(259.490183943344,-87.5947502420233,0.));
#7427=CARTESIAN_POINT('',(261.958332496189,-98.6819813623747,0.));
#7428=CARTESIAN_POINT('',(259.490183943344,-87.5947502420233,0.));
#7429=CARTESIAN_POINT('Origin',(284.266703169821,-87.5947502420233,0.));
#7430=CARTESIAN_POINT('',(284.266703169821,-87.5947502420233,1.));
#7431=CARTESIAN_POINT('',(242.383351782351,-87.5947502420233,1.));
#7432=CARTESIAN_POINT('',(284.266703169821,-87.5947502420233,0.));
#7433=CARTESIAN_POINT('',(242.383351782351,-87.5947502420233,0.));
#7434=CARTESIAN_POINT('',(284.266703169821,-87.5947502420233,0.));
#7435=CARTESIAN_POINT('Origin',(303.838383706924,-102.686887688894,0.));
#7436=CARTESIAN_POINT('',(303.838383706924,-102.686887688894,1.));
#7437=CARTESIAN_POINT('',(276.589584575869,-81.6747614706858,1.));
#7438=CARTESIAN_POINT('',(303.838383706924,-102.686887688894,0.));
#7439=CARTESIAN_POINT('',(276.589584575869,-81.6747614706859,0.));
#7440=CARTESIAN_POINT('',(303.838383706924,-102.686887688894,0.));
#7441=CARTESIAN_POINT('Origin',(302.311756612727,-104.666637601197,0.));
#7442=CARTESIAN_POINT('',(303.531867056604,-106.848684920744,1.));
#7443=CARTESIAN_POINT('Origin',(302.311756612727,-104.666637601197,1.));
#7444=CARTESIAN_POINT('',(303.531867056604,-106.848684920744,0.));
#7445=CARTESIAN_POINT('Origin',(302.311756612727,-104.666637601197,0.));
#7446=CARTESIAN_POINT('',(303.531867056604,-106.848684920744,0.));
#7447=CARTESIAN_POINT('Origin',(298.993015080461,-109.386622869979,0.));
#7448=CARTESIAN_POINT('',(298.993015080461,-109.386622869979,1.));
#7449=CARTESIAN_POINT('',(258.363930275517,-132.104723550752,1.));
#7450=CARTESIAN_POINT('',(298.993015080461,-109.386622869979,0.));
#7451=CARTESIAN_POINT('',(258.363930275517,-132.104723550752,0.));
#7452=CARTESIAN_POINT('',(298.993015080461,-109.386622869979,0.));
#7453=CARTESIAN_POINT('Origin',(297.772904636584,-107.204575550432,0.));
#7454=CARTESIAN_POINT('',(297.131386579651,-109.620864974865,1.));
#7455=CARTESIAN_POINT('Origin',(297.772904636584,-107.204575550432,1.));
#7456=CARTESIAN_POINT('',(297.131386579651,-109.620864974865,0.));
#7457=CARTESIAN_POINT('Origin',(297.772904636584,-107.204575550432,0.));
#7458=CARTESIAN_POINT('',(297.131386579651,-109.620864974865,0.));
#7459=CARTESIAN_POINT('Origin',(263.805592498156,-100.772960229383,0.));
#7460=CARTESIAN_POINT('',(263.805592498156,-100.772960229383,1.));
#7461=CARTESIAN_POINT('',(237.117373073347,-93.6873129160806,1.));
#7462=CARTESIAN_POINT('',(263.805592498156,-100.772960229383,0.));
#7463=CARTESIAN_POINT('',(237.117373073347,-93.6873129160806,0.));
#7464=CARTESIAN_POINT('',(263.805592498156,-100.772960229383,0.));
#7465=CARTESIAN_POINT('Origin',(264.447110555088,-98.3566708049499,0.));
#7466=CARTESIAN_POINT('Origin',(264.447110555088,-98.3566708049499,1.));
#7467=CARTESIAN_POINT('Origin',(264.447110555088,-98.3566708049499,0.));
#7468=CARTESIAN_POINT('Origin',(163.830680719492,-161.695792222221,0.));
#7469=CARTESIAN_POINT('',(184.057723249928,-161.695792222221,1.));
#7470=CARTESIAN_POINT('',(163.830680719492,-161.695792222221,1.));
#7471=CARTESIAN_POINT('',(182.165340557187,-161.695792222221,1.));
#7472=CARTESIAN_POINT('',(184.057723249928,-161.695792222221,0.));
#7473=CARTESIAN_POINT('',(184.057723249928,-161.695792222221,0.));
#7474=CARTESIAN_POINT('',(163.830680719492,-161.695792222221,0.));
#7475=CARTESIAN_POINT('',(182.165340557187,-161.695792222221,0.));
#7476=CARTESIAN_POINT('',(163.830680719492,-161.695792222221,0.));
#7477=CARTESIAN_POINT('Origin',(158.698434120994,-147.625533441287,0.));
#7478=CARTESIAN_POINT('',(158.698434120994,-147.625533441287,1.));
#7479=CARTESIAN_POINT('',(157.349874907425,-143.928404561726,1.));
#7480=CARTESIAN_POINT('',(158.698434120994,-147.625533441287,0.));
#7481=CARTESIAN_POINT('',(157.349874907425,-143.928404561726,0.));
#7482=CARTESIAN_POINT('',(158.698434120994,-147.625533441287,0.));
#7483=CARTESIAN_POINT('Origin',(159.168161313997,-147.454196451254,0.));
#7484=CARTESIAN_POINT('',(159.42400952041,-147.024613286692,1.));
#7485=CARTESIAN_POINT('Origin',(159.168161313997,-147.454196451254,1.));
#7486=CARTESIAN_POINT('',(159.42400952041,-147.024613286692,0.));
#7487=CARTESIAN_POINT('Origin',(159.168161313997,-147.454196451254,0.));
#7488=CARTESIAN_POINT('',(159.42400952041,-147.024613286692,0.));
#7489=CARTESIAN_POINT('Origin',(184.057723249928,-161.695792222221,0.));
#7490=CARTESIAN_POINT('',(181.840150595954,-160.37506545052,1.));
#7491=CARTESIAN_POINT('',(181.840150595954,-160.37506545052,0.));
#7492=CARTESIAN_POINT('Origin',(223.54588864162,-87.5947502420233,0.));
#7493=CARTESIAN_POINT('',(178.292169257166,-87.5947502420233,1.));
#7494=CARTESIAN_POINT('',(223.54588864162,-87.5947502420233,1.));
#7495=CARTESIAN_POINT('',(212.022944518251,-87.5947502420233,1.));
#7496=CARTESIAN_POINT('',(178.292169257166,-87.5947502420233,0.));
#7497=CARTESIAN_POINT('',(178.292169257166,-87.5947502420233,0.));
#7498=CARTESIAN_POINT('',(223.54588864162,-87.5947502420233,0.));
#7499=CARTESIAN_POINT('',(212.022944518251,-87.5947502420233,0.));
#7500=CARTESIAN_POINT('',(223.54588864162,-87.5947502420233,0.));
#7501=CARTESIAN_POINT('Origin',(213.466356948403,-97.1324456074788,0.));
#7502=CARTESIAN_POINT('',(213.466356948403,-97.1324456074788,1.));
#7503=CARTESIAN_POINT('',(203.339187717094,-106.715217702698,1.));
#7504=CARTESIAN_POINT('',(213.466356948403,-97.1324456074788,0.));
#7505=CARTESIAN_POINT('',(203.339187717094,-106.715217702698,0.));
#7506=CARTESIAN_POINT('',(213.466356948403,-97.1324456074788,0.));
#7507=CARTESIAN_POINT('Origin',(187.004765525164,-69.1675715804123,0.));
#7508=CARTESIAN_POINT('',(202.902099788272,-104.232151477042,1.));
#7509=CARTESIAN_POINT('Origin',(187.004765525164,-69.1675715804123,1.));
#7510=CARTESIAN_POINT('',(202.902099788272,-104.232151477042,0.));
#7511=CARTESIAN_POINT('Origin',(187.004765525164,-69.1675715804123,0.));
#7512=CARTESIAN_POINT('',(202.902099788272,-104.232151477042,0.));
#7513=CARTESIAN_POINT('Origin',(200.919028949393,-105.131222279716,0.));
#7514=CARTESIAN_POINT('',(200.919028949393,-105.131222279716,1.));
#7515=CARTESIAN_POINT('',(197.197223268671,-106.818588537723,1.));
#7516=CARTESIAN_POINT('',(200.919028949393,-105.131222279716,0.));
#7517=CARTESIAN_POINT('',(197.197223268671,-106.818588537723,0.));
#7518=CARTESIAN_POINT('',(200.919028949393,-105.131222279716,0.));
#7519=CARTESIAN_POINT('Origin',(198.935958110514,-104.232151477042,0.));
#7520=CARTESIAN_POINT('',(198.935958110514,-104.232151477042,1.));
#7521=CARTESIAN_POINT('',(203.301715480324,-106.211468053031,1.));
#7522=CARTESIAN_POINT('',(198.935958110514,-104.232151477042,0.));
#7523=CARTESIAN_POINT('',(203.301715480324,-106.211468053031,0.));
#7524=CARTESIAN_POINT('',(198.935958110514,-104.232151477042,0.));
#7525=CARTESIAN_POINT('Origin',(214.833292373622,-69.1675715804123,0.));
#7526=CARTESIAN_POINT('',(188.371700950383,-97.1324456074788,1.));
#7527=CARTESIAN_POINT('Origin',(214.833292373622,-69.1675715804123,1.));
#7528=CARTESIAN_POINT('',(188.371700950383,-97.1324456074788,0.));
#7529=CARTESIAN_POINT('Origin',(214.833292373622,-69.1675715804123,0.));
#7530=CARTESIAN_POINT('',(188.371700950383,-97.1324456074788,0.));
#7531=CARTESIAN_POINT('Origin',(178.292169257166,-87.5947502420233,0.));
#7532=CARTESIAN_POINT('',(193.238025129988,-101.737175171042,1.));
#7533=CARTESIAN_POINT('',(193.238025129988,-101.737175171042,0.));
#7534=CARTESIAN_POINT('Origin',(126.561536943213,-130.296349861957,0.));
#7535=CARTESIAN_POINT('',(124.976502167128,-130.078027259828,1.));
#7536=CARTESIAN_POINT('',(127.37790977535,-128.920291942047,1.));
#7537=CARTESIAN_POINT('Origin',(126.561536943213,-130.296349861957,1.));
#7538=CARTESIAN_POINT('',(124.976502167128,-130.078027259828,0.));
#7539=CARTESIAN_POINT('',(124.976502167128,-130.078027259828,0.));
#7540=CARTESIAN_POINT('',(127.37790977535,-128.920291942047,0.));
#7541=CARTESIAN_POINT('Origin',(126.561536943213,-130.296349861957,0.));
#7542=CARTESIAN_POINT('',(127.37790977535,-128.920291942047,0.));
#7543=CARTESIAN_POINT('Origin',(136.823269992787,-134.523933590912,0.));
#7544=CARTESIAN_POINT('',(136.823269992787,-134.523933590912,1.));
#7545=CARTESIAN_POINT('',(158.063857412574,-147.125320681704,1.));
#7546=CARTESIAN_POINT('',(136.823269992787,-134.523933590912,0.));
#7547=CARTESIAN_POINT('',(158.063857412574,-147.125320681704,0.));
#7548=CARTESIAN_POINT('',(136.823269992787,-134.523933590912,0.));
#7549=CARTESIAN_POINT('Origin',(137.639642824924,-133.147875671002,0.));
#7550=CARTESIAN_POINT('',(138.375278934309,-134.568734395354,1.));
#7551=CARTESIAN_POINT('Origin',(137.639642824924,-133.147875671002,1.));
#7552=CARTESIAN_POINT('',(138.375278934309,-134.568734395354,0.));
#7553=CARTESIAN_POINT('Origin',(137.639642824924,-133.147875671002,0.));
#7554=CARTESIAN_POINT('',(138.375278934309,-134.568734395354,0.));
#7555=CARTESIAN_POINT('Origin',(143.518092473847,-131.906091531094,0.));
#7556=CARTESIAN_POINT('',(143.518092473847,-131.906091531094,1.));
#7557=CARTESIAN_POINT('',(167.600328577348,-119.43774251874,1.));
#7558=CARTESIAN_POINT('',(143.518092473847,-131.906091531094,0.));
#7559=CARTESIAN_POINT('',(167.600328577348,-119.43774251874,0.));
#7560=CARTESIAN_POINT('',(143.518092473847,-131.906091531094,0.));
#7561=CARTESIAN_POINT('Origin',(144.437637610578,-133.682164936535,0.));
#7562=CARTESIAN_POINT('',(146.276908777652,-132.896619537484,1.));
#7563=CARTESIAN_POINT('Origin',(144.437637610578,-133.682164936535,1.));
#7564=CARTESIAN_POINT('',(146.276908777652,-132.896619537484,0.));
#7565=CARTESIAN_POINT('Origin',(144.437637610578,-133.682164936535,0.));
#7566=CARTESIAN_POINT('',(146.276908777652,-132.896619537484,0.));
#7567=CARTESIAN_POINT('Origin',(149.909903349843,-141.402890689782,0.));
#7568=CARTESIAN_POINT('',(149.909903349843,-141.402890689782,1.));
#7569=CARTESIAN_POINT('',(150.669151271445,-143.180589104857,1.));
#7570=CARTESIAN_POINT('',(149.909903349843,-141.402890689782,0.));
#7571=CARTESIAN_POINT('',(150.669151271445,-143.180589104857,0.));
#7572=CARTESIAN_POINT('',(149.909903349843,-141.402890689782,0.));
#7573=CARTESIAN_POINT('Origin',(149.450085558074,-141.599277039544,0.));
#7574=CARTESIAN_POINT('',(149.527763254939,-142.093206361826,1.));
#7575=CARTESIAN_POINT('Origin',(149.450085558074,-141.599277039544,1.));
#7576=CARTESIAN_POINT('',(149.527763254939,-142.093206361826,0.));
#7577=CARTESIAN_POINT('Origin',(149.450085558074,-141.599277039544,0.));
#7578=CARTESIAN_POINT('',(149.527763254939,-142.093206361826,0.));
#7579=CARTESIAN_POINT('Origin',(124.735794072417,-145.992110476187,0.));
#7580=CARTESIAN_POINT('',(124.735794072417,-145.992110476187,1.));
#7581=CARTESIAN_POINT('',(163.391156685628,-139.912982544671,1.));
#7582=CARTESIAN_POINT('',(124.735794072417,-145.992110476187,0.));
#7583=CARTESIAN_POINT('',(163.391156685627,-139.912982544671,0.));
#7584=CARTESIAN_POINT('',(124.735794072417,-145.992110476187,0.));
#7585=CARTESIAN_POINT('Origin',(124.502760981822,-144.510322509342,0.));
#7586=CARTESIAN_POINT('',(123.016790879242,-144.305645069846,1.));
#7587=CARTESIAN_POINT('Origin',(124.502760981822,-144.510322509342,1.));
#7588=CARTESIAN_POINT('',(123.016790879242,-144.305645069846,0.));
#7589=CARTESIAN_POINT('Origin',(124.502760981822,-144.510322509342,0.));
#7590=CARTESIAN_POINT('',(123.016790879242,-144.305645069846,0.));
#7591=CARTESIAN_POINT('Origin',(124.976502167128,-130.078027259828,0.));
#7592=CARTESIAN_POINT('',(126.09038955418,-121.991140112546,1.));
#7593=CARTESIAN_POINT('',(126.09038955418,-121.991140112546,0.));
#7594=CARTESIAN_POINT('Origin',(99.622376743498,-112.45378803925,0.));
#7595=CARTESIAN_POINT('',(92.7032832149652,-108.348902701229,1.));
#7596=CARTESIAN_POINT('',(99.622376743498,-112.45378803925,1.));
#7597=CARTESIAN_POINT('',(139.463410787929,-136.090247905873,1.));
#7598=CARTESIAN_POINT('',(92.7032832149652,-108.348902701229,0.));
#7599=CARTESIAN_POINT('',(92.7032832149652,-108.348902701229,0.));
#7600=CARTESIAN_POINT('',(99.622376743498,-112.45378803925,0.));
#7601=CARTESIAN_POINT('',(139.463410787929,-136.090247905873,0.));
#7602=CARTESIAN_POINT('',(99.622376743498,-112.45378803925,0.));
#7603=CARTESIAN_POINT('Origin',(97.0712116430701,-116.75396903897,0.));
#7604=CARTESIAN_POINT('',(99.6449800316435,-121.040659636854,1.));
#7605=CARTESIAN_POINT('Origin',(97.0712116430701,-116.75396903897,1.));
#7606=CARTESIAN_POINT('',(99.6449800316435,-121.040659636854,0.));
#7607=CARTESIAN_POINT('Origin',(97.0712116430701,-116.75396903897,0.));
#7608=CARTESIAN_POINT('',(99.6449800316435,-121.040659636854,0.));
#7609=CARTESIAN_POINT('Origin',(88.5093338323356,-127.726603844786,0.));
#7610=CARTESIAN_POINT('',(88.5093338323356,-127.726603844786,1.));
#7611=CARTESIAN_POINT('',(130.489816309081,-102.521136767442,1.));
#7612=CARTESIAN_POINT('',(88.5093338323356,-127.726603844786,0.));
#7613=CARTESIAN_POINT('',(130.489816309081,-102.521136767442,0.));
#7614=CARTESIAN_POINT('',(88.5093338323356,-127.726603844786,0.));
#7615=CARTESIAN_POINT('Origin',(85.9355654437622,-123.439913246903,0.));
#7616=CARTESIAN_POINT('',(82.1163109151809,-126.666876966239,1.));
#7617=CARTESIAN_POINT('Origin',(85.9355654437622,-123.439913246903,1.));
#7618=CARTESIAN_POINT('',(82.1163109151809,-126.666876966239,0.));
#7619=CARTESIAN_POINT('Origin',(85.9355654437622,-123.439913246903,0.));
#7620=CARTESIAN_POINT('',(82.1163109151809,-126.666876966239,0.));
#7621=CARTESIAN_POINT('Origin',(80.0283207271359,-124.195648072793,0.));
#7622=CARTESIAN_POINT('',(80.0283207271359,-124.195648072793,1.));
#7623=CARTESIAN_POINT('',(105.070237933519,-153.833866538575,1.));
#7624=CARTESIAN_POINT('',(80.0283207271359,-124.195648072793,0.));
#7625=CARTESIAN_POINT('',(105.070237933519,-153.833866538575,0.));
#7626=CARTESIAN_POINT('',(80.0283207271359,-124.195648072793,0.));
#7627=CARTESIAN_POINT('Origin',(83.8475752557172,-120.968684353457,0.));
#7628=CARTESIAN_POINT('',(80.6206115363811,-117.149429824876,1.));
#7629=CARTESIAN_POINT('Origin',(83.8475752557172,-120.968684353457,1.));
#7630=CARTESIAN_POINT('',(80.6206115363811,-117.149429824876,0.));
#7631=CARTESIAN_POINT('Origin',(83.8475752557172,-120.968684353457,0.));
#7632=CARTESIAN_POINT('',(80.6206115363811,-117.149429824876,0.));
#7633=CARTESIAN_POINT('Origin',(90.8542819926408,-108.502799171993,0.));
#7634=CARTESIAN_POINT('',(90.8542819926408,-108.502799171993,1.));
#7635=CARTESIAN_POINT('',(119.02174212771,-84.7035547797958,1.));
#7636=CARTESIAN_POINT('',(90.8542819926408,-108.502799171993,0.));
#7637=CARTESIAN_POINT('',(119.02174212771,-84.7035547797958,0.));
#7638=CARTESIAN_POINT('',(90.8542819926408,-108.502799171993,0.));
#7639=CARTESIAN_POINT('Origin',(91.8869103828283,-109.724960621139,0.));
#7640=CARTESIAN_POINT('Origin',(91.8869103828283,-109.724960621139,1.));
#7641=CARTESIAN_POINT('Origin',(91.8869103828283,-109.724960621139,0.));
#7642=CARTESIAN_POINT('Origin',(62.436989075907,-112.377955425283,0.));
#7643=CARTESIAN_POINT('',(62.436989075907,-156.695792222221,1.));
#7644=CARTESIAN_POINT('',(62.436989075907,-112.377955425283,1.));
#7645=CARTESIAN_POINT('',(62.436989075907,-118.188978636513,1.));
#7646=CARTESIAN_POINT('',(62.436989075907,-156.695792222221,0.));
#7647=CARTESIAN_POINT('',(62.436989075907,-156.695792222221,0.));
#7648=CARTESIAN_POINT('',(62.436989075907,-112.377955425283,0.));
#7649=CARTESIAN_POINT('',(62.436989075907,-118.188978636513,0.));
#7650=CARTESIAN_POINT('',(62.436989075907,-112.377955425283,0.));
#7651=CARTESIAN_POINT('Origin',(88.0796150547048,-142.727139336898,0.));
#7652=CARTESIAN_POINT('',(88.0796150547048,-142.727139336898,1.));
#7653=CARTESIAN_POINT('',(106.876859439081,-164.974510855115,1.));
#7654=CARTESIAN_POINT('',(88.0796150547048,-142.727139336898,0.));
#7655=CARTESIAN_POINT('',(106.876859439081,-164.974510855115,0.));
#7656=CARTESIAN_POINT('',(88.0796150547048,-142.727139336898,0.));
#7657=CARTESIAN_POINT('Origin',(86.1699877904141,-144.340621196566,0.));
#7658=CARTESIAN_POINT('',(87.4301082219896,-146.499810048409,1.));
#7659=CARTESIAN_POINT('Origin',(86.1699877904141,-144.340621196566,1.));
#7660=CARTESIAN_POINT('',(87.4301082219896,-146.499810048409,0.));
#7661=CARTESIAN_POINT('Origin',(86.1699877904141,-144.340621196566,0.));
#7662=CARTESIAN_POINT('',(87.4301082219896,-146.499810048409,0.));
#7663=CARTESIAN_POINT('Origin',(63.9014551699742,-160.231326128153,0.));
#7664=CARTESIAN_POINT('',(63.9014551699742,-160.231326128153,1.));
#7665=CARTESIAN_POINT('',(122.734668191306,-125.895777516873,1.));
#7666=CARTESIAN_POINT('',(63.9014551699742,-160.231326128153,0.));
#7667=CARTESIAN_POINT('',(122.734668191306,-125.895777516873,0.));
#7668=CARTESIAN_POINT('',(63.9014551699742,-160.231326128153,0.));
#7669=CARTESIAN_POINT('Origin',(67.436989075907,-156.695792222221,0.));
#7670=CARTESIAN_POINT('Origin',(67.436989075907,-156.695792222221,1.));
#7671=CARTESIAN_POINT('Origin',(67.436989075907,-156.695792222221,0.));
#7672=CARTESIAN_POINT('Origin',(67.436989075907,-92.5947502420233,0.));
#7673=CARTESIAN_POINT('',(62.436989075907,-92.5947502420233,1.));
#7674=CARTESIAN_POINT('',(67.436989075907,-87.5947502420233,1.));
#7675=CARTESIAN_POINT('Origin',(67.436989075907,-92.5947502420233,1.));
#7676=CARTESIAN_POINT('',(62.436989075907,-92.5947502420233,0.));
#7677=CARTESIAN_POINT('',(62.436989075907,-92.5947502420233,0.));
#7678=CARTESIAN_POINT('',(67.436989075907,-87.5947502420233,0.));
#7679=CARTESIAN_POINT('Origin',(67.436989075907,-92.5947502420233,0.));
#7680=CARTESIAN_POINT('',(67.436989075907,-87.5947502420233,0.));
#7681=CARTESIAN_POINT('Origin',(106.515540456973,-87.5947502420233,0.));
#7682=CARTESIAN_POINT('',(106.515540456973,-87.5947502420233,1.));
#7683=CARTESIAN_POINT('',(153.507770425927,-87.5947502420233,1.));
#7684=CARTESIAN_POINT('',(106.515540456973,-87.5947502420233,0.));
#7685=CARTESIAN_POINT('',(153.507770425927,-87.5947502420233,0.));
#7686=CARTESIAN_POINT('',(106.515540456973,-87.5947502420233,0.));
#7687=CARTESIAN_POINT('Origin',(76.8366935382613,-112.670995232164,0.));
#7688=CARTESIAN_POINT('',(76.8366935382613,-112.670995232164,1.));
#7689=CARTESIAN_POINT('',(110.12098890146,-84.5484355135256,1.));
#7690=CARTESIAN_POINT('',(76.8366935382613,-112.670995232164,0.));
#7691=CARTESIAN_POINT('',(110.12098890146,-84.5484355135256,0.));
#7692=CARTESIAN_POINT('',(76.8366935382613,-112.670995232164,0.));
#7693=CARTESIAN_POINT('Origin',(73.6097298189252,-108.851740703583,0.));
#7694=CARTESIAN_POINT('',(69.790475290344,-112.078704422919,1.));
#7695=CARTESIAN_POINT('Origin',(73.6097298189252,-108.851740703583,1.));
#7696=CARTESIAN_POINT('',(69.790475290344,-112.078704422919,0.));
#7697=CARTESIAN_POINT('Origin',(73.6097298189252,-108.851740703583,0.));
#7698=CARTESIAN_POINT('',(69.790475290344,-112.078704422919,0.));
#7699=CARTESIAN_POINT('Origin',(62.436989075907,-103.375527700769,0.));
#7700=CARTESIAN_POINT('',(62.436989075907,-103.375527700769,1.));
#7701=CARTESIAN_POINT('',(96.2745721079042,-143.423806352563,1.));
#7702=CARTESIAN_POINT('',(62.436989075907,-103.375527700769,0.));
#7703=CARTESIAN_POINT('',(96.2745721079042,-143.423806352563,0.));
#7704=CARTESIAN_POINT('',(62.436989075907,-103.375527700769,0.));
#7705=CARTESIAN_POINT('Origin',(62.436989075907,-92.5947502420233,0.));
#7706=CARTESIAN_POINT('',(62.436989075907,-108.297376044884,1.));
#7707=CARTESIAN_POINT('',(62.436989075907,-108.297376044884,0.));
#7708=CARTESIAN_POINT('Origin',(121.502607595461,-155.004727517676,0.));
#7709=CARTESIAN_POINT('',(137.460454702086,-161.695792222221,1.));
#7710=CARTESIAN_POINT('',(121.502607595461,-155.004727517676,1.));
#7711=CARTESIAN_POINT('',(149.567204762572,-166.772106556805,1.));
#7712=CARTESIAN_POINT('',(137.460454702086,-161.695792222221,0.));
#7713=CARTESIAN_POINT('',(137.460454702086,-161.695792222221,0.));
#7714=CARTESIAN_POINT('',(121.502607595461,-155.004727517676,0.));
#7715=CARTESIAN_POINT('',(149.567204762572,-166.772106556805,0.));
#7716=CARTESIAN_POINT('',(121.502607595461,-155.004727517676,0.));
#7717=CARTESIAN_POINT('Origin',(121.889288284079,-154.08251385206,0.));
#7718=CARTESIAN_POINT('',(120.967074618462,-153.695833163441,1.));
#7719=CARTESIAN_POINT('Origin',(121.889288284079,-154.08251385206,1.));
#7720=CARTESIAN_POINT('',(120.967074618462,-153.695833163441,0.));
#7721=CARTESIAN_POINT('Origin',(121.889288284079,-154.08251385206,0.));
#7722=CARTESIAN_POINT('',(120.967074618462,-153.695833163441,0.));
#7723=CARTESIAN_POINT('Origin',(121.877651963935,-151.52415276586,0.));
#7724=CARTESIAN_POINT('',(121.877651963935,-151.52415276586,1.));
#7725=CARTESIAN_POINT('',(132.663122179489,-125.801357923364,1.));
#7726=CARTESIAN_POINT('',(121.877651963935,-151.52415276586,0.));
#7727=CARTESIAN_POINT('',(132.663122179489,-125.801357923364,0.));
#7728=CARTESIAN_POINT('',(121.877651963935,-151.52415276586,0.));
#7729=CARTESIAN_POINT('Origin',(122.799865629551,-151.910833454478,0.));
#7730=CARTESIAN_POINT('',(122.644510235821,-150.922974809915,1.));
#7731=CARTESIAN_POINT('Origin',(122.799865629551,-151.910833454478,1.));
#7732=CARTESIAN_POINT('',(122.644510235821,-150.922974809915,0.));
#7733=CARTESIAN_POINT('Origin',(122.799865629551,-151.910833454478,0.));
#7734=CARTESIAN_POINT('',(122.644510235821,-150.922974809915,0.));
#7735=CARTESIAN_POINT('Origin',(151.234736639634,-146.426738527283,0.));
#7736=CARTESIAN_POINT('',(151.234736639634,-146.426738527283,1.));
#7737=CARTESIAN_POINT('',(176.993758914634,-142.375751000212,1.));
#7738=CARTESIAN_POINT('',(151.234736639634,-146.426738527283,0.));
#7739=CARTESIAN_POINT('',(176.993758914634,-142.375751000212,0.));
#7740=CARTESIAN_POINT('',(151.234736639634,-146.426738527283,0.));
#7741=CARTESIAN_POINT('Origin',(151.390092033364,-147.414597171847,0.));
#7742=CARTESIAN_POINT('',(152.309727616901,-147.021824472321,1.));
#7743=CARTESIAN_POINT('Origin',(151.390092033364,-147.414597171847,1.));
#7744=CARTESIAN_POINT('',(152.309727616901,-147.021824472321,0.));
#7745=CARTESIAN_POINT('Origin',(151.390092033364,-147.414597171847,0.));
#7746=CARTESIAN_POINT('',(152.309727616901,-147.021824472321,0.));
#7747=CARTESIAN_POINT('Origin',(158.576920871549,-161.695792222221,0.));
#7748=CARTESIAN_POINT('',(158.576920871549,-161.695792222221,1.));
#7749=CARTESIAN_POINT('',(155.002660032298,-153.327039871077,1.));
#7750=CARTESIAN_POINT('',(158.576920871549,-161.695792222221,0.));
#7751=CARTESIAN_POINT('',(155.002660032298,-153.327039871077,0.));
#7752=CARTESIAN_POINT('',(158.576920871549,-161.695792222221,0.));
#7753=CARTESIAN_POINT('Origin',(137.460454702086,-161.695792222221,0.));
#7754=CARTESIAN_POINT('',(168.980227548484,-161.695792222221,1.));
#7755=CARTESIAN_POINT('',(168.980227548484,-161.695792222221,0.));
#7756=CARTESIAN_POINT('Origin',(148.915144111857,-87.5947502420233,0.));
#7757=CARTESIAN_POINT('',(145.945314846497,-108.213639853107,1.));
#7758=CARTESIAN_POINT('',(148.915144111857,-87.5947502420233,1.));
#7759=CARTESIAN_POINT('',(146.870838223235,-101.787928934293,1.));
#7760=CARTESIAN_POINT('',(145.945314846497,-108.213639853107,0.));
#7761=CARTESIAN_POINT('',(145.945314846497,-108.213639853107,0.));
#7762=CARTESIAN_POINT('',(148.915144111857,-87.5947502420233,0.));
#7763=CARTESIAN_POINT('',(146.870838223235,-101.787928934293,0.));
#7764=CARTESIAN_POINT('',(148.915144111857,-87.5947502420233,0.));
#7765=CARTESIAN_POINT('Origin',(171.185314537738,-87.5947502420233,0.));
#7766=CARTESIAN_POINT('',(171.185314537738,-87.5947502420233,1.));
#7767=CARTESIAN_POINT('',(185.842657466309,-87.5947502420233,1.));
#7768=CARTESIAN_POINT('',(171.185314537738,-87.5947502420233,0.));
#7769=CARTESIAN_POINT('',(185.842657466309,-87.5947502420233,0.));
#7770=CARTESIAN_POINT('',(171.185314537738,-87.5947502420233,0.));
#7771=CARTESIAN_POINT('Origin',(183.688462164707,-99.4257773973426,0.));
#7772=CARTESIAN_POINT('',(183.688462164707,-99.4257773973426,1.));
#7773=CARTESIAN_POINT('',(194.257530291937,-109.426693626625,1.));
#7774=CARTESIAN_POINT('',(183.688462164707,-99.4257773973426,0.));
#7775=CARTESIAN_POINT('',(194.257530291937,-109.426693626625,0.));
#7776=CARTESIAN_POINT('',(183.688462164707,-99.4257773973426,0.));
#7777=CARTESIAN_POINT('Origin',(182.657491070295,-100.515317943852,0.));
#7778=CARTESIAN_POINT('',(183.042376307642,-101.965098394152,1.));
#7779=CARTESIAN_POINT('Origin',(182.657491070295,-100.515317943852,1.));
#7780=CARTESIAN_POINT('',(183.042376307642,-101.965098394152,0.));
#7781=CARTESIAN_POINT('Origin',(182.657491070295,-100.515317943852,0.));
#7782=CARTESIAN_POINT('',(183.042376307642,-101.965098394152,0.));
#7783=CARTESIAN_POINT('Origin',(149.061254500555,-110.986348562985,0.));
#7784=CARTESIAN_POINT('',(149.061254500555,-110.986348562985,1.));
#7785=CARTESIAN_POINT('',(171.473611889204,-105.036354209528,1.));
#7786=CARTESIAN_POINT('',(149.061254500555,-110.986348562985,0.));
#7787=CARTESIAN_POINT('',(171.473611889204,-105.036354209528,0.));
#7788=CARTESIAN_POINT('',(149.061254500555,-110.986348562985,0.));
#7789=CARTESIAN_POINT('Origin',(148.419779104976,-108.570047812484,0.));
#7790=CARTESIAN_POINT('Origin',(148.419779104976,-108.570047812484,1.));
#7791=CARTESIAN_POINT('Origin',(148.419779104976,-108.570047812484,0.));
#7792=CARTESIAN_POINT('Origin',(237.881506752148,-135.828601398246,0.));
#7793=CARTESIAN_POINT('',(240.439988816276,-140.124433043869,1.));
#7794=CARTESIAN_POINT('',(235.885541461568,-140.412935871079,1.));
#7795=CARTESIAN_POINT('Origin',(237.881506752148,-135.828601398246,1.));
#7796=CARTESIAN_POINT('',(240.439988816276,-140.124433043869,0.));
#7797=CARTESIAN_POINT('',(240.439988816276,-140.124433043869,0.));
#7798=CARTESIAN_POINT('',(235.885541461568,-140.412935871079,0.));
#7799=CARTESIAN_POINT('Origin',(237.881506752148,-135.828601398246,0.));
#7800=CARTESIAN_POINT('',(235.885541461568,-140.412935871079,0.));
#7801=CARTESIAN_POINT('Origin',(218.766732065765,-132.95960767861,0.));
#7802=CARTESIAN_POINT('',(218.766732065765,-132.95960767861,1.));
#7803=CARTESIAN_POINT('',(209.449175859313,-128.9028533359,1.));
#7804=CARTESIAN_POINT('',(218.766732065765,-132.95960767861,0.));
#7805=CARTESIAN_POINT('',(209.449175859313,-128.9028533359,0.));
#7806=CARTESIAN_POINT('',(218.766732065765,-132.95960767861,0.));
#7807=CARTESIAN_POINT('Origin',(219.365521652939,-131.584307336761,0.));
#7808=CARTESIAN_POINT('',(218.746144993337,-130.218154873256,1.));
#7809=CARTESIAN_POINT('Origin',(219.365521652939,-131.584307336761,1.));
#7810=CARTESIAN_POINT('',(218.746144993337,-130.218154873256,0.));
#7811=CARTESIAN_POINT('Origin',(219.365521652939,-131.584307336761,0.));
#7812=CARTESIAN_POINT('',(218.746144993337,-130.218154873256,0.));
#7813=CARTESIAN_POINT('Origin',(237.22270993828,-121.841378940686,0.));
#7814=CARTESIAN_POINT('',(237.22270993828,-121.841378940686,1.));
#7815=CARTESIAN_POINT('',(221.586086847385,-128.930601876052,1.));
#7816=CARTESIAN_POINT('',(237.22270993828,-121.841378940686,0.));
#7817=CARTESIAN_POINT('',(221.586086847385,-128.930601876052,0.));
#7818=CARTESIAN_POINT('',(237.22270993828,-121.841378940686,0.));
#7819=CARTESIAN_POINT('Origin',(238.048545484415,-123.662915558692,0.));
#7820=CARTESIAN_POINT('',(238.968090621147,-121.886842153252,1.));
#7821=CARTESIAN_POINT('Origin',(238.048545484415,-123.662915558692,1.));
#7822=CARTESIAN_POINT('',(238.968090621147,-121.886842153252,0.));
#7823=CARTESIAN_POINT('Origin',(238.048545484415,-123.662915558692,0.));
#7824=CARTESIAN_POINT('',(238.968090621147,-121.886842153252,0.));
#7825=CARTESIAN_POINT('Origin',(249.748069103858,-127.468073625713,0.));
#7826=CARTESIAN_POINT('',(249.748069103858,-127.468073625713,1.));
#7827=CARTESIAN_POINT('',(229.621331393873,-117.047646337746,1.));
#7828=CARTESIAN_POINT('',(249.748069103858,-127.468073625713,0.));
#7829=CARTESIAN_POINT('',(229.621331393874,-117.047646337746,0.));
#7830=CARTESIAN_POINT('',(249.748069103858,-127.468073625713,0.));
#7831=CARTESIAN_POINT('Origin',(248.828523967127,-129.244147031154,0.));
#7832=CARTESIAN_POINT('',(250.663888719143,-130.038776647426,1.));
#7833=CARTESIAN_POINT('Origin',(248.828523967127,-129.244147031154,1.));
#7834=CARTESIAN_POINT('',(250.663888719143,-130.038776647426,0.));
#7835=CARTESIAN_POINT('Origin',(248.828523967127,-129.244147031154,0.));
#7836=CARTESIAN_POINT('',(250.663888719143,-130.038776647426,0.));
#7837=CARTESIAN_POINT('Origin',(249.487751450775,-132.755313813538,0.));
#7838=CARTESIAN_POINT('',(249.487751450775,-132.755313813538,1.));
#7839=CARTESIAN_POINT('',(247.217303245713,-137.999392968806,1.));
#7840=CARTESIAN_POINT('',(249.487751450775,-132.755313813538,0.));
#7841=CARTESIAN_POINT('',(247.217303245713,-137.999392968806,0.));
#7842=CARTESIAN_POINT('',(249.487751450775,-132.755313813538,0.));
#7843=CARTESIAN_POINT('Origin',(241.228610066701,-129.179480540315,0.));
#7844=CARTESIAN_POINT('',(245.833877782132,-136.911977502437,1.));
#7845=CARTESIAN_POINT('Origin',(241.228610066701,-129.179480540315,1.));
#7846=CARTESIAN_POINT('',(245.833877782132,-136.911977502437,0.));
#7847=CARTESIAN_POINT('Origin',(241.228610066701,-129.179480540315,0.));
#7848=CARTESIAN_POINT('',(245.833877782132,-136.911977502437,0.));
#7849=CARTESIAN_POINT('Origin',(240.439988816276,-140.124433043869,0.));
#7850=CARTESIAN_POINT('',(229.243213088474,-146.792932240022,1.));
#7851=CARTESIAN_POINT('',(229.243213088474,-146.792932240022,0.));
#7852=CARTESIAN_POINT('Origin',(334.401068822879,-92.5947502420233,0.));
#7853=CARTESIAN_POINT('',(334.401068822879,-87.5947502420233,1.));
#7854=CARTESIAN_POINT('',(339.401068822879,-92.5947502420233,1.));
#7855=CARTESIAN_POINT('Origin',(334.401068822879,-92.5947502420233,1.));
#7856=CARTESIAN_POINT('',(334.401068822879,-87.5947502420233,0.));
#7857=CARTESIAN_POINT('',(334.401068822879,-87.5947502420233,0.));
#7858=CARTESIAN_POINT('',(339.401068822879,-92.5947502420233,0.));
#7859=CARTESIAN_POINT('Origin',(334.401068822879,-92.5947502420233,0.));
#7860=CARTESIAN_POINT('',(339.401068822879,-92.5947502420233,0.));
#7861=CARTESIAN_POINT('Origin',(339.401068822879,-103.375527700769,0.));
#7862=CARTESIAN_POINT('',(339.401068822879,-103.375527700769,1.));
#7863=CARTESIAN_POINT('',(339.401068822879,-113.687764774257,1.));
#7864=CARTESIAN_POINT('',(339.401068822879,-103.375527700769,0.));
#7865=CARTESIAN_POINT('',(339.401068822879,-113.687764774257,0.));
#7866=CARTESIAN_POINT('',(339.401068822879,-103.375527700769,0.));
#7867=CARTESIAN_POINT('Origin',(332.047582608442,-112.078704422919,0.));
#7868=CARTESIAN_POINT('',(332.047582608442,-112.078704422919,1.));
#7869=CARTESIAN_POINT('',(301.712203968184,-147.981969016136,1.));
#7870=CARTESIAN_POINT('',(332.047582608442,-112.078704422919,0.));
#7871=CARTESIAN_POINT('',(301.712203968184,-147.981969016136,0.));
#7872=CARTESIAN_POINT('',(332.047582608442,-112.078704422919,0.));
#7873=CARTESIAN_POINT('Origin',(328.228328079861,-108.851740703583,0.));
#7874=CARTESIAN_POINT('',(325.001364360525,-112.670995232164,1.));
#7875=CARTESIAN_POINT('Origin',(328.228328079861,-108.851740703583,1.));
#7876=CARTESIAN_POINT('',(325.001364360525,-112.670995232164,0.));
#7877=CARTESIAN_POINT('Origin',(328.228328079861,-108.851740703583,0.));
#7878=CARTESIAN_POINT('',(325.001364360525,-112.670995232164,0.));
#7879=CARTESIAN_POINT('Origin',(295.322517441813,-87.5947502420233,0.));
#7880=CARTESIAN_POINT('',(295.322517441813,-87.5947502420233,1.));
#7881=CARTESIAN_POINT('',(276.633155698938,-71.8037387159572,1.));
#7882=CARTESIAN_POINT('',(295.322517441813,-87.5947502420233,0.));
#7883=CARTESIAN_POINT('',(276.633155698938,-71.8037387159572,0.));
#7884=CARTESIAN_POINT('',(295.322517441813,-87.5947502420233,0.));
#7885=CARTESIAN_POINT('Origin',(334.401068822879,-87.5947502420233,0.));
#7886=CARTESIAN_POINT('',(267.45053460888,-87.5947502420233,1.));
#7887=CARTESIAN_POINT('',(267.45053460888,-87.5947502420233,0.));
#7888=CARTESIAN_POINT('Origin',(286.405439289923,-121.833518166624,0.));
#7889=CARTESIAN_POINT('',(282.781839667301,-123.98328834973,1.));
#7890=CARTESIAN_POINT('',(286.405439289923,-121.833518166624,1.));
#7891=CARTESIAN_POINT('',(254.159586568355,-140.963990605376,1.));
#7892=CARTESIAN_POINT('',(282.781839667301,-123.98328834973,0.));
#7893=CARTESIAN_POINT('',(282.781839667301,-123.98328834973,0.));
#7894=CARTESIAN_POINT('',(286.405439289923,-121.833518166624,0.));
#7895=CARTESIAN_POINT('',(254.159586568355,-140.963990605376,0.));
#7896=CARTESIAN_POINT('',(286.405439289923,-121.833518166624,0.));
#7897=CARTESIAN_POINT('Origin',(287.22181212206,-123.209576086535,0.));
#7898=CARTESIAN_POINT('',(287.978763700295,-121.799957589136,1.));
#7899=CARTESIAN_POINT('Origin',(287.22181212206,-123.209576086535,1.));
#7900=CARTESIAN_POINT('',(287.978763700295,-121.799957589136,0.));
#7901=CARTESIAN_POINT('Origin',(287.22181212206,-123.209576086535,0.));
#7902=CARTESIAN_POINT('',(287.978763700295,-121.799957589136,0.));
#7903=CARTESIAN_POINT('Origin',(309.92533002831,-133.585052669471,0.));
#7904=CARTESIAN_POINT('',(309.92533002831,-133.585052669471,1.));
#7905=CARTESIAN_POINT('',(265.46084502185,-109.708051790736,1.));
#7906=CARTESIAN_POINT('',(309.92533002831,-133.585052669471,0.));
#7907=CARTESIAN_POINT('',(265.46084502185,-109.708051790736,0.));
#7908=CARTESIAN_POINT('',(309.92533002831,-133.585052669471,0.));
#7909=CARTESIAN_POINT('Origin',(308.742593187318,-135.787581571655,0.));
#7910=CARTESIAN_POINT('',(310.652220451608,-137.401063431323,1.));
#7911=CARTESIAN_POINT('Origin',(308.742593187318,-135.787581571655,1.));
#7912=CARTESIAN_POINT('',(310.652220451608,-137.401063431323,0.));
#7913=CARTESIAN_POINT('Origin',(308.742593187318,-135.787581571655,0.));
#7914=CARTESIAN_POINT('',(310.652220451608,-137.401063431323,0.));
#7915=CARTESIAN_POINT('Origin',(304.717062982597,-144.425585245913,0.));
#7916=CARTESIAN_POINT('',(304.717062982597,-144.425585245913,1.));
#7917=CARTESIAN_POINT('',(288.046944155261,-164.155409427633,1.));
#7918=CARTESIAN_POINT('',(304.717062982597,-144.425585245913,0.));
#7919=CARTESIAN_POINT('',(288.046944155261,-164.155409427633,0.));
#7920=CARTESIAN_POINT('',(304.717062982597,-144.425585245913,0.));
#7921=CARTESIAN_POINT('Origin',(302.425510265448,-142.489407014311,0.));
#7922=CARTESIAN_POINT('',(303.585552331303,-145.256048011161,1.));
#7923=CARTESIAN_POINT('Origin',(302.425510265448,-142.489407014311,1.));
#7924=CARTESIAN_POINT('',(303.585552331303,-145.256048011161,0.));
#7925=CARTESIAN_POINT('Origin',(302.425510265448,-142.489407014311,0.));
#7926=CARTESIAN_POINT('',(303.585552331303,-145.256048011161,0.));
#7927=CARTESIAN_POINT('Origin',(288.75305187961,-151.475259135903,0.));
#7928=CARTESIAN_POINT('',(288.75305187961,-151.475259135903,1.));
#7929=CARTESIAN_POINT('',(256.123279338495,-165.15679887672,1.));
#7930=CARTESIAN_POINT('',(288.75305187961,-151.475259135903,0.));
#7931=CARTESIAN_POINT('',(256.123279338495,-165.15679887672,0.));
#7932=CARTESIAN_POINT('',(288.75305187961,-151.475259135903,0.));
#7933=CARTESIAN_POINT('Origin',(287.786350158064,-149.169724971862,0.));
#7934=CARTESIAN_POINT('',(285.309733320431,-149.510854037689,1.));
#7935=CARTESIAN_POINT('Origin',(287.786350158064,-149.169724971862,1.));
#7936=CARTESIAN_POINT('',(285.309733320431,-149.510854037689,0.));
#7937=CARTESIAN_POINT('Origin',(287.786350158064,-149.169724971862,0.));
#7938=CARTESIAN_POINT('',(285.309733320431,-149.510854037689,0.));
#7939=CARTESIAN_POINT('Origin',(282.013177723353,-125.57766887177,0.));
#7940=CARTESIAN_POINT('',(282.013177723353,-125.57766887177,1.));
#7941=CARTESIAN_POINT('',(281.147698058347,-119.294236219132,1.));
#7942=CARTESIAN_POINT('',(282.013177723353,-125.57766887177,0.));
#7943=CARTESIAN_POINT('',(281.147698058347,-119.294236219132,0.));
#7944=CARTESIAN_POINT('',(282.013177723353,-125.57766887177,0.));
#7945=CARTESIAN_POINT('Origin',(283.598212499438,-125.35934626964,0.));
#7946=CARTESIAN_POINT('Origin',(283.598212499438,-125.35934626964,1.));
#7947=CARTESIAN_POINT('Origin',(283.598212499438,-125.35934626964,0.));
#7948=CARTESIAN_POINT('Origin',(263.462778964477,-134.568734395354,0.));
#7949=CARTESIAN_POINT('',(258.319965424939,-131.906091531094,1.));
#7950=CARTESIAN_POINT('',(263.462778964477,-134.568734395354,1.));
#7951=CARTESIAN_POINT('',(236.478686324183,-120.597976722567,1.));
#7952=CARTESIAN_POINT('',(258.319965424939,-131.906091531094,0.));
#7953=CARTESIAN_POINT('',(258.319965424939,-131.906091531094,0.));
#7954=CARTESIAN_POINT('',(263.462778964477,-134.568734395354,0.));
#7955=CARTESIAN_POINT('',(236.478686324183,-120.597976722567,0.));
#7956=CARTESIAN_POINT('',(263.462778964477,-134.568734395354,0.));
#7957=CARTESIAN_POINT('Origin',(264.198415073862,-133.147875671002,0.));
#7958=CARTESIAN_POINT('',(265.014787905999,-134.523933590912,1.));
#7959=CARTESIAN_POINT('Origin',(264.198415073862,-133.147875671002,1.));
#7960=CARTESIAN_POINT('',(265.014787905999,-134.523933590912,0.));
#7961=CARTESIAN_POINT('Origin',(264.198415073862,-133.147875671002,0.));
#7962=CARTESIAN_POINT('',(265.014787905999,-134.523933590912,0.));
#7963=CARTESIAN_POINT('Origin',(274.460148123436,-128.920291942047,0.));
#7964=CARTESIAN_POINT('',(274.460148123436,-128.920291942047,1.));
#7965=CARTESIAN_POINT('',(248.186940985111,-144.507377493088,1.));
#7966=CARTESIAN_POINT('',(274.460148123436,-128.920291942047,0.));
#7967=CARTESIAN_POINT('',(248.186940985111,-144.507377493088,0.));
#7968=CARTESIAN_POINT('',(274.460148123436,-128.920291942047,0.));
#7969=CARTESIAN_POINT('Origin',(275.276520955573,-130.296349861957,0.));
#7970=CARTESIAN_POINT('',(276.861555731658,-130.078027259828,1.));
#7971=CARTESIAN_POINT('Origin',(275.276520955573,-130.296349861957,1.));
#7972=CARTESIAN_POINT('',(276.861555731658,-130.078027259828,0.));
#7973=CARTESIAN_POINT('Origin',(275.276520955573,-130.296349861957,0.));
#7974=CARTESIAN_POINT('',(276.861555731658,-130.078027259828,0.));
#7975=CARTESIAN_POINT('Origin',(278.821267019544,-144.305645069846,0.));
#7976=CARTESIAN_POINT('',(278.821267019544,-144.305645069846,1.));
#7977=CARTESIAN_POINT('',(276.719722076479,-129.048306682637,1.));
#7978=CARTESIAN_POINT('',(278.821267019544,-144.305645069846,0.));
#7979=CARTESIAN_POINT('',(276.719722076479,-129.048306682637,0.));
#7980=CARTESIAN_POINT('',(278.821267019544,-144.305645069846,0.));
#7981=CARTESIAN_POINT('Origin',(277.335296916964,-144.510322509342,0.));
#7982=CARTESIAN_POINT('',(277.102263826369,-145.992110476187,1.));
#7983=CARTESIAN_POINT('Origin',(277.335296916964,-144.510322509342,1.));
#7984=CARTESIAN_POINT('',(277.102263826369,-145.992110476187,0.));
#7985=CARTESIAN_POINT('Origin',(277.335296916964,-144.510322509342,0.));
#7986=CARTESIAN_POINT('',(277.102263826369,-145.992110476187,0.));
#7987=CARTESIAN_POINT('Origin',(252.310294643846,-142.093206361826,0.));
#7988=CARTESIAN_POINT('',(252.310294643846,-142.093206361826,1.));
#7989=CARTESIAN_POINT('',(225.64200144657,-137.899222523577,1.));
#7990=CARTESIAN_POINT('',(252.310294643846,-142.093206361826,0.));
#7991=CARTESIAN_POINT('',(225.64200144657,-137.899222523577,0.));
#7992=CARTESIAN_POINT('',(252.310294643846,-142.093206361826,0.));
#7993=CARTESIAN_POINT('Origin',(252.387972340711,-141.599277039544,0.));
#7994=CARTESIAN_POINT('',(251.928154548943,-141.402890689782,1.));
#7995=CARTESIAN_POINT('Origin',(252.387972340711,-141.599277039544,1.));
#7996=CARTESIAN_POINT('',(251.928154548943,-141.402890689782,0.));
#7997=CARTESIAN_POINT('Origin',(252.387972340711,-141.599277039544,0.));
#7998=CARTESIAN_POINT('',(251.928154548943,-141.402890689782,0.));
#7999=CARTESIAN_POINT('Origin',(255.561149121133,-132.896619537484,0.));
#8000=CARTESIAN_POINT('',(255.561149121133,-132.896619537484,1.));
#8001=CARTESIAN_POINT('',(252.920760213447,-139.078809890374,1.));
#8002=CARTESIAN_POINT('',(255.561149121133,-132.896619537484,0.));
#8003=CARTESIAN_POINT('',(252.920760213447,-139.078809890374,0.));
#8004=CARTESIAN_POINT('',(255.561149121133,-132.896619537484,0.));
#8005=CARTESIAN_POINT('Origin',(257.400420288207,-133.682164936535,0.));
#8006=CARTESIAN_POINT('Origin',(257.400420288207,-133.682164936535,1.));
#8007=CARTESIAN_POINT('Origin',(257.400420288207,-133.682164936535,0.));
#8008=CARTESIAN_POINT('Origin',(324.045521176997,-75.0000011622907,3.));
#8009=CARTESIAN_POINT('',(324.045521176997,-78.0000011622907,1.97149107028465));
#8010=CARTESIAN_POINT('',(324.045521176997,-78.0000011622907,3.));
#8011=CARTESIAN_POINT('',(324.045521176997,-78.0000011622907,1.5));
#8012=CARTESIAN_POINT('',(324.045521176997,-75.0000011622907,1.97149107028465));
#8013=CARTESIAN_POINT('',(324.045521176997,-75.0000011622907,1.97149107028465));
#8014=CARTESIAN_POINT('',(324.045521176997,-75.0000011622907,3.));
#8015=CARTESIAN_POINT('',(324.045521176997,-75.0000011622907,1.5));
#8016=CARTESIAN_POINT('',(324.045521176997,-99.5000015050173,3.));
#8017=CARTESIAN_POINT('Origin',(337.495138066551,-75.0000011622907,1.97149107028465));
#8018=CARTESIAN_POINT('',(337.495138066551,-78.0000011622907,3.));
#8019=CARTESIAN_POINT('',(337.495138066551,-78.0000011622907,1.97149107028465));
#8020=CARTESIAN_POINT('',(337.495138066551,-78.0000011622907,0.985745535142325));
#8021=CARTESIAN_POINT('',(337.495138066551,-75.0000011622907,3.));
#8022=CARTESIAN_POINT('',(337.495138066551,-99.5000015050173,3.));
#8023=CARTESIAN_POINT('',(337.495138066551,-75.0000011622907,1.97149107028465));
#8024=CARTESIAN_POINT('',(337.495138066551,-75.0000011622907,0.985745535142325));
#8025=CARTESIAN_POINT('',(337.495138066551,-75.0000011622907,1.97149107028465));
#8026=CARTESIAN_POINT('Origin',(324.045521176997,-75.0000011622907,1.97149107028465));
#8027=CARTESIAN_POINT('',(191.022760983379,-78.0000011622907,1.97149107028465));
#8028=CARTESIAN_POINT('',(333.772760588499,-75.0000011622907,1.97149107028465));
#8029=CARTESIAN_POINT('Origin',(200.500000394881,-124.000001847744,3.));
#8030=CARTESIAN_POINT('',(57.5000007897616,-75.0000011622907,3.));
#8031=CARTESIAN_POINT('',(343.500000000001,-75.0000011622907,3.));
#8032=CARTESIAN_POINT('',(50.0000007897615,-82.5000011622907,3.));
#8033=CARTESIAN_POINT('Origin',(57.5000007897616,-82.5000011622907,3.));
#8034=CARTESIAN_POINT('',(50.0000007897616,-165.500002533197,3.));
#8035=CARTESIAN_POINT('',(50.0000007897616,-82.5000011622907,3.));
#8036=CARTESIAN_POINT('',(57.5000007897616,-173.000002533197,3.));
#8037=CARTESIAN_POINT('Origin',(57.5000007897616,-165.500002533197,3.));
#8038=CARTESIAN_POINT('',(343.500000000001,-173.000002533197,3.));
#8039=CARTESIAN_POINT('',(57.5000007897616,-173.000002533197,3.));
#8040=CARTESIAN_POINT('',(351.000000000001,-165.500002533197,3.));
#8041=CARTESIAN_POINT('Origin',(343.500000000001,-165.500002533197,3.));
#8042=CARTESIAN_POINT('',(351.000000000001,-82.5000011622907,3.));
#8043=CARTESIAN_POINT('',(351.000000000001,-165.500002533197,3.));
#8044=CARTESIAN_POINT('',(343.500000000001,-75.0000011622907,3.));
#8045=CARTESIAN_POINT('Origin',(343.500000000001,-82.5000011622907,3.));
#8046=CARTESIAN_POINT('',(343.500000000001,-75.0000011622907,3.));
#8047=CARTESIAN_POINT('',(343.000000000001,-78.0000011622907,3.));
#8048=CARTESIAN_POINT('',(58.0000007897616,-78.0000011622906,3.));
#8049=CARTESIAN_POINT('',(348.000000000001,-83.0000011622907,3.));
#8050=CARTESIAN_POINT('Origin',(343.000000000001,-83.0000011622909,3.));
#8051=CARTESIAN_POINT('',(348.000000000001,-165.000002533197,3.));
#8052=CARTESIAN_POINT('',(348.000000000001,-83.0000011622907,3.));
#8053=CARTESIAN_POINT('',(343.000000000001,-170.000002533197,3.));
#8054=CARTESIAN_POINT('Origin',(343.000000000001,-165.000002533197,3.));
#8055=CARTESIAN_POINT('',(58.0000007897616,-170.000002533197,3.));
#8056=CARTESIAN_POINT('',(343.000000000001,-170.000002533197,3.));
#8057=CARTESIAN_POINT('',(53.0000007897615,-165.000002533197,3.));
#8058=CARTESIAN_POINT('Origin',(58.0000007897615,-165.000002533197,3.));
#8059=CARTESIAN_POINT('',(53.0000007897615,-83.0000011622906,3.));
#8060=CARTESIAN_POINT('',(53.0000007897615,-165.000002533197,3.));
#8061=CARTESIAN_POINT('',(58.0000007897616,-78.0000011622906,3.));
#8062=CARTESIAN_POINT('Origin',(58.0000007897615,-83.0000011622906,3.));
#8063=CARTESIAN_POINT('',(58.0000007897616,-78.0000011622906,3.));
#8064=CARTESIAN_POINT('Origin',(343.500000000001,-75.0000011622907,0.));
#8065=CARTESIAN_POINT('',(343.500000000001,-75.0000011622907,0.));
#8066=CARTESIAN_POINT('',(343.500000000001,-75.0000011622907,0.));
#8067=CARTESIAN_POINT('',(57.5000007897616,-75.0000011622907,0.));
#8068=CARTESIAN_POINT('',(343.500000000001,-75.0000011622907,0.));
#8069=CARTESIAN_POINT('',(57.5000007897616,-75.0000011622907,0.));
#8070=CARTESIAN_POINT('Origin',(200.500000394881,-124.000001847744,1.));
#8071=CARTESIAN_POINT('',(58.0000007897616,-170.000002533197,1.));
#8072=CARTESIAN_POINT('',(53.0000007897615,-165.000002533197,1.));
#8073=CARTESIAN_POINT('Origin',(58.0000007897615,-165.000002533197,1.));
#8074=CARTESIAN_POINT('',(343.000000000001,-170.000002533197,1.));
#8075=CARTESIAN_POINT('',(271.750000197441,-170.000002533197,1.));
#8076=CARTESIAN_POINT('',(348.000000000001,-165.000002533197,1.));
#8077=CARTESIAN_POINT('Origin',(343.000000000001,-165.000002533197,1.));
#8078=CARTESIAN_POINT('',(348.000000000001,-83.0000011622907,1.));
#8079=CARTESIAN_POINT('',(348.000000000001,-103.500001505017,1.));
#8080=CARTESIAN_POINT('',(343.000000000001,-78.0000011622907,1.));
#8081=CARTESIAN_POINT('Origin',(343.000000000001,-83.0000011622909,1.));
#8082=CARTESIAN_POINT('',(58.0000007897616,-78.0000011622906,1.));
#8083=CARTESIAN_POINT('',(129.250000592321,-78.0000011622906,1.));
#8084=CARTESIAN_POINT('',(53.0000007897615,-83.0000011622906,1.));
#8085=CARTESIAN_POINT('Origin',(58.0000007897615,-83.0000011622906,1.));
#8086=CARTESIAN_POINT('',(53.0000007897615,-144.500002190471,1.));
#8087=CARTESIAN_POINT('Origin',(343.000000000001,-83.0000011622909,0.));
#8088=CARTESIAN_POINT('',(348.000000000001,-83.0000011622907,0.));
#8089=CARTESIAN_POINT('',(343.000000000001,-78.0000011622907,0.));
#8090=CARTESIAN_POINT('Origin',(348.000000000001,-83.0000011622907,0.));
#8091=CARTESIAN_POINT('',(348.000000000001,-165.000002533197,0.));
#8092=CARTESIAN_POINT('Origin',(343.000000000001,-165.000002533197,0.));
#8093=CARTESIAN_POINT('',(343.000000000001,-170.000002533197,0.));
#8094=CARTESIAN_POINT('Origin',(343.000000000001,-170.000002533197,0.));
#8095=CARTESIAN_POINT('',(58.0000007897616,-170.000002533197,0.));
#8096=CARTESIAN_POINT('Origin',(58.0000007897616,-78.0000011622906,0.));
#8097=CARTESIAN_POINT('',(58.0000007897616,-78.0000011622906,0.));
#8098=CARTESIAN_POINT('Origin',(58.0000007897615,-83.0000011622906,0.));
#8099=CARTESIAN_POINT('',(53.0000007897615,-83.0000011622906,0.));
#8100=CARTESIAN_POINT('Origin',(53.0000007897615,-165.000002533197,0.));
#8101=CARTESIAN_POINT('',(53.0000007897615,-165.000002533197,0.));
#8102=CARTESIAN_POINT('Origin',(58.0000007897615,-165.000002533197,0.));
#8103=CARTESIAN_POINT('Origin',(351.000000000001,-165.500002533197,0.));
#8104=CARTESIAN_POINT('',(351.000000000001,-165.500002533197,0.));
#8105=CARTESIAN_POINT('',(351.000000000001,-82.5000011622907,0.));
#8106=CARTESIAN_POINT('',(351.000000000001,-165.500002533197,0.));
#8107=CARTESIAN_POINT('',(351.000000000001,-82.5000011622907,0.));
#8108=CARTESIAN_POINT('',(351.000000000001,-165.500002533197,0.));
#8109=CARTESIAN_POINT('Origin',(343.500000000001,-165.500002533197,0.));
#8110=CARTESIAN_POINT('',(343.500000000001,-173.000002533197,0.));
#8111=CARTESIAN_POINT('Origin',(343.500000000001,-165.500002533197,0.));
#8112=CARTESIAN_POINT('',(343.500000000001,-173.000002533197,0.));
#8113=CARTESIAN_POINT('Origin',(57.5000007897616,-173.000002533197,0.));
#8114=CARTESIAN_POINT('',(57.5000007897616,-173.000002533197,0.));
#8115=CARTESIAN_POINT('',(57.5000007897616,-173.000002533197,0.));
#8116=CARTESIAN_POINT('',(57.5000007897616,-173.000002533197,0.));
#8117=CARTESIAN_POINT('Origin',(57.5000007897616,-165.500002533197,0.));
#8118=CARTESIAN_POINT('',(50.0000007897616,-165.500002533197,0.));
#8119=CARTESIAN_POINT('Origin',(57.5000007897616,-165.500002533197,0.));
#8120=CARTESIAN_POINT('',(50.0000007897616,-165.500002533197,0.));
#8121=CARTESIAN_POINT('Origin',(50.0000007897616,-82.5000011622907,0.));
#8122=CARTESIAN_POINT('',(50.0000007897615,-82.5000011622907,0.));
#8123=CARTESIAN_POINT('',(50.0000007897616,-82.5000011622907,0.));
#8124=CARTESIAN_POINT('',(50.0000007897615,-82.5000011622907,0.));
#8125=CARTESIAN_POINT('Origin',(57.5000007897616,-82.5000011622907,0.));
#8126=CARTESIAN_POINT('Origin',(57.5000007897616,-82.5000011622907,0.));
#8127=CARTESIAN_POINT('Origin',(343.500000000001,-82.5000011622907,0.));
#8128=CARTESIAN_POINT('Origin',(343.500000000001,-82.5000011622907,0.));
#8129=CARTESIAN_POINT('Origin',(200.500000394881,-124.000001847744,0.));
#8130=CARTESIAN_POINT('Origin',(343.431293608318,-165.500002533197,0.));
#8131=CARTESIAN_POINT('',(342.233285690447,-165.500002533197,2.));
#8132=CARTESIAN_POINT('Origin',(343.431293608318,-165.500002533197,2.));
#8133=CARTESIAN_POINT('',(342.233285690447,-165.500002533197,0.));
#8134=CARTESIAN_POINT('',(342.233285690447,-165.500002533197,0.));
#8135=CARTESIAN_POINT('Origin',(343.431293608318,-165.500002533197,0.));
#8136=CARTESIAN_POINT('Origin',(343.431293608318,-165.500002533197,2.));
#8137=CARTESIAN_POINT('Origin',(343.431293608318,-165.500002533197,0.));
#8138=CARTESIAN_POINT('Origin',(57.5000007897616,-165.500002533197,0.));
#8139=CARTESIAN_POINT('',(56.1786055289107,-165.500002533197,2.));
#8140=CARTESIAN_POINT('Origin',(57.5000007897616,-165.500002533197,2.));
#8141=CARTESIAN_POINT('',(56.1786055289107,-165.500002533197,0.));
#8142=CARTESIAN_POINT('',(56.1786055289107,-165.500002533197,0.));
#8143=CARTESIAN_POINT('Origin',(57.5000007897616,-165.500002533197,0.));
#8144=CARTESIAN_POINT('Origin',(57.5000007897616,-165.500002533197,2.));
#8145=CARTESIAN_POINT('Origin',(57.5000007897616,-165.500002533197,0.));
#8146=CARTESIAN_POINT('Origin',(344.596502293592,-81.3329179742153,0.));
#8147=CARTESIAN_POINT('',(343.235869864913,-81.3329179742153,2.));
#8148=CARTESIAN_POINT('Origin',(344.596502293592,-81.3329179742153,2.));
#8149=CARTESIAN_POINT('',(343.235869864913,-81.3329179742153,0.));
#8150=CARTESIAN_POINT('',(343.235869864913,-81.3329179742153,0.));
#8151=CARTESIAN_POINT('Origin',(344.596502293592,-81.3329179742153,0.));
#8152=CARTESIAN_POINT('Origin',(344.596502293592,-81.3329179742153,2.));
#8153=CARTESIAN_POINT('Origin',(344.596502293592,-81.3329179742153,0.));
#8154=CARTESIAN_POINT('Origin',(57.5000007897616,-82.5000011622907,0.));
#8155=CARTESIAN_POINT('',(56.0763408409759,-82.5000011622907,2.));
#8156=CARTESIAN_POINT('Origin',(57.5000007897616,-82.5000011622907,2.));
#8157=CARTESIAN_POINT('',(56.0763408409759,-82.5000011622907,0.));
#8158=CARTESIAN_POINT('',(56.0763408409759,-82.5000011622907,0.));
#8159=CARTESIAN_POINT('Origin',(57.5000007897616,-82.5000011622907,0.));
#8160=CARTESIAN_POINT('Origin',(57.5000007897616,-82.5000011622907,2.));
#8161=CARTESIAN_POINT('Origin',(57.5000007897616,-82.5000011622907,0.));
#8162=UNCERTAINTY_MEASURE_WITH_UNIT(LENGTH_MEASURE(0.01),#8166,
'DISTANCE_ACCURACY_VALUE',
'Maximum model space distance between geometric entities at asserted c
onnectivities');
#8163=UNCERTAINTY_MEASURE_WITH_UNIT(LENGTH_MEASURE(0.01),#8166,
'DISTANCE_ACCURACY_VALUE',
'Maximum model space distance between geometric entities at asserted c
onnectivities');
#8164=(
GEOMETRIC_REPRESENTATION_CONTEXT(3)
GLOBAL_UNCERTAINTY_ASSIGNED_CONTEXT((#8162))
GLOBAL_UNIT_ASSIGNED_CONTEXT((#8166,#8168,#8169))
REPRESENTATION_CONTEXT('','3D')
);
#8165=(
GEOMETRIC_REPRESENTATION_CONTEXT(3)
GLOBAL_UNCERTAINTY_ASSIGNED_CONTEXT((#8163))
GLOBAL_UNIT_ASSIGNED_CONTEXT((#8166,#8168,#8169))
REPRESENTATION_CONTEXT('','3D')
);
#8166=(
LENGTH_UNIT()
NAMED_UNIT(*)
SI_UNIT(.MILLI.,.METRE.)
);
#8167=(
LENGTH_UNIT()
NAMED_UNIT(*)
SI_UNIT($,.METRE.)
);
#8168=(
NAMED_UNIT(*)
PLANE_ANGLE_UNIT()
SI_UNIT($,.RADIAN.)
);
#8169=(
NAMED_UNIT(*)
SI_UNIT($,.STERADIAN.)
SOLID_ANGLE_UNIT()
);
#8170=SHAPE_DEFINITION_REPRESENTATION(#8171,#8172);
#8171=PRODUCT_DEFINITION_SHAPE('',$,#8174);
#8172=SHAPE_REPRESENTATION('',(#4910),#8164);
#8173=PRODUCT_DEFINITION_CONTEXT('part definition',#8178,'design');
#8174=PRODUCT_DEFINITION('2026-06-12-14-31-00-167','Keyboard case',#8175,
#8173);
#8175=PRODUCT_DEFINITION_FORMATION('',$,#8180);
#8176=PRODUCT_RELATED_PRODUCT_CATEGORY('Keyboard case','Keyboard case',
(#8180));
#8177=APPLICATION_PROTOCOL_DEFINITION('international standard',
'automotive_design',2009,#8178);
#8178=APPLICATION_CONTEXT(
'Core Data for Automotive Mechanical Design Process');
#8179=PRODUCT_CONTEXT('part definition',#8178,'mechanical');
#8180=PRODUCT('2026-06-12-14-31-00-167','Keyboard case',$,(#8179));
#8181=PRESENTATION_STYLE_ASSIGNMENT((#8182));
#8182=SURFACE_STYLE_USAGE(.BOTH.,#8183);
#8183=SURFACE_SIDE_STYLE('',(#8184));
#8184=SURFACE_STYLE_FILL_AREA(#8185);
#8185=FILL_AREA_STYLE('Steel - Satin',(#8186));
#8186=FILL_AREA_STYLE_COLOUR('Steel - Satin',#8187);
#8187=COLOUR_RGB('Steel - Satin',0.627450980392157,0.627450980392157,0.627450980392157);
ENDSEC;
END-ISO-10303-21;
